age,income,monthly_debt,debt_to_income_ratio,credit_utilization,payment_history_score,late_payments,savings_balance,employment_years,loan_count,credit_score,creditworthy
25,75609.1251527465,3040.5098046695716,0.8012866667900604,0.46603606058844627,0.8156844250371895,6,43615.12106782371,18,5,687,1
58,35380.81584047916,3446.6134232524873,0.08113970053301314,0.24825338941612402,0.6159760318408061,8,10651.261633112168,14,0,736,0
53,33383.209728759655,359.7908458232358,0.5887983991908315,0.8067241761633156,0.44033050294149106,1,30923.690855059558,15,1,418,1
42,60286.753366816054,2581.1770053404725,0.8202541608858969,0.37597870736993766,0.5936175369399035,1,55570.85753676445,0,2,651,1
42,76484.9263413112,2676.2722117042963,0.8801698117851561,0.8942621983067638,0.8987605186607208,0,15782.917804912797,16,5,744,1
63,49916.92616365639,1504.804458784715,0.6026110094033368,0.5835937893468317,0.5585840407901466,6,42901.67088009209,3,1,491,1
25,27477.50638217993,3968.282078409324,0.857434513469023,0.5373334841770276,0.389469148834581,10,57483.06235763224,18,5,662,0
55,26579.186741591973,899.8237929893825,0.1143105432313072,0.45981005258645524,0.9542527928264124,10,21637.870537763545,3,5,402,0
30,25791.19978233806,1766.0372508752002,0.3553865940968038,0.4405702563778596,0.7788264526535371,6,23258.02036149913,16,0,809,1
25,22127.358192702937,3849.275354733516,0.057407492727723636,0.7952713336115383,0.6907397537206665,0,27153.75055251441,12,2,731,1
46,51496.463364057614,1019.7638534057678,0.8840062063621957,0.675875722063207,0.8723376284091798,7,48542.35450016663,7,1,680,0
68,81329.96206833045,3731.9087862090023,0.8173175069516944,0.757636611454909,0.6090312272011704,7,26357.083304169657,17,2,669,0
57,48725.74898248746,539.9974626822095,0.07384467281097115,0.4579215356695273,0.970622950226675,7,29174.75736044252,7,5,701,1
58,20000.0,2303.684988916957,0.06541275289080108,0.32222164099732514,0.890271033720629,8,13339.049386216633,1,2,590,1
56,44988.30260495117,523.9218485165247,0.3619240699904112,0.17383543574895466,0.5267431872432742,6,59300.70392113144,1,3,835,1
59,45557.951393013,3114.9854157645113,0.26975727177226655,0.760157591486438,0.5837602319219131,8,53541.249238193894,17,0,496,0
46,125894.48791260559,3599.586402939081,0.7698924356561269,0.45298496594004856,0.5237180674450208,5,36015.25878170745,7,3,764,1
27,25445.340969438872,3854.3917574612524,0.18641174278108297,0.5328400532821805,0.7653847309943904,1,57633.604287595124,16,2,742,1
62,41117.7458099875,4419.427678199152,0.7220520432957288,0.4989417499174885,0.7527791165724649,0,41219.8660048428,0,5,776,1
43,105623.24046963235,3089.6676058882235,0.5212907449920637,0.46646717791385417,0.6791787003130116,10,57546.33795114977,1,4,431,0
45,60023.42931735298,3506.9662295120875,0.3707830056942396,0.6813146405076722,0.9584794359808835,5,9692.152004377784,19,1,600,0
39,63164.06856429755,2374.7605967817162,0.17386179747337194,0.6174239983948172,0.6475334315519445,3,13527.444414184849,2,3,689,1
29,51614.76204306542,4124.7686750788425,0.8980376100657204,0.9262457288476597,0.8437451083438361,3,53110.94781830364,13,2,678,0
66,56867.23346093202,2968.161043457689,0.5752882027833063,0.2180683215018469,0.7645999238213019,0,25192.463497597233,7,2,709,1
59,69558.56152500327,3999.271046880777,0.4234748976827951,0.5874914162478092,0.676456512291141,11,22269.462246154086,10,2,685,0
52,34054.96638169834,1212.4436731596877,0.3654584230698219,0.15375413889196687,0.3765199175431809,0,45260.121383040634,2,4,500,1
40,72774.89752522112,2335.9724570876765,0.819868996036227,0.7867306559019699,0.7642218650066829,2,37819.53961016158,5,1,772,1
61,26427.188917351188,3338.2213605743573,0.7480130369621468,0.6238646332634291,0.754834903094022,5,20644.295986034558,15,0,617,0
47,56826.92861943978,1071.7035446195382,0.7395079201129902,0.46412199359365724,0.4286706165933053,4,23871.635253163615,10,1,836,1
42,53126.62178502358,1108.7611110265066,0.573768702018034,0.7819003064473541,0.8514264344772194,0,24503.02549800925,10,4,634,1
43,37148.10763342689,4405.583783744241,0.8047630952914315,0.48675221721784157,0.6442062725703765,3,7579.879684142654,18,1,641,0
32,48522.9240510716,2068.824551169986,0.30438661630375985,0.2936181810164301,0.5542119890750294,9,13773.235768210703,8,0,666,0
25,37043.82430110781,981.8064475722181,0.6481502148887959,0.5016256469437863,0.8690944130829584,3,32251.816896150223,16,2,791,1
48,30264.612446639632,1625.2946925204758,0.39378058103310865,0.16020702714173832,0.5663237044836289,10,46909.62913670997,14,5,805,0
64,41809.27008418254,1908.7174375434802,0.5599989872757384,0.8631819431934793,0.7417659985088105,4,25142.897065753255,9,5,663,0
24,29828.068169557824,2879.266607121951,0.898430050520789,0.7213146185242919,0.73928632491759,0,23001.167975157547,5,5,645,0
63,56684.657305647954,4168.963033905336,0.8868460635740206,0.7462684182827735,0.38326776902115817,1,39030.96921183103,7,4,424,0
61,29215.700369157123,4442.337326464992,0.485726163997331,0.8433193084156759,0.6163851872620709,9,9435.231832812773,17,4,430,0
34,67534.21655472147,3002.3046633177837,0.5377839343401009,0.772836700492821,0.4903506124571325,4,22845.019465026187,6,4,731,0
51,28805.868693132754,3209.6661514302164,0.8127235037667059,0.46707470171542387,0.4757295169976652,11,12488.17417181963,13,0,555,0
29,37993.382848848494,1583.8654296953328,0.8877903556367768,0.20084094129663219,0.7626259898351422,9,39098.774059674884,2,2,596,0
58,37009.446368699944,3885.781960429621,0.7118166322321678,0.4173600629838098,0.3571882970300248,0,6741.840894964644,6,3,682,0
55,88993.27001033333,1136.532841447354,0.1054067892648361,0.8939720072227639,0.9605197562751328,3,26869.36917614657,18,2,499,1
38,56876.09879433497,657.4367920371606,0.32424377419228434,0.9067269175466727,0.5990963337830373,8,35770.923425544504,10,4,549,0
24,44565.70022371404,4385.000757419899,0.8120779889322617,0.7526902356952262,0.5382462229202902,0,50020.52657269441,16,5,419,1
68,61354.49701811127,3915.7963103282887,0.7030996299729085,0.2737659956106794,0.9295838719605981,11,43473.0765855663,5,3,745,0
42,20000.0,1505.6740785139734,0.6808981103707631,0.2652823796945365,0.6566034495273123,1,56571.78726083177,15,0,628,1
64,48078.47663109013,3103.2340804385117,0.6177347458979199,0.8478057842486123,0.737024908435725,9,40792.70443517672,19,2,485,0
54,120436.91646431359,2208.1789368767577,0.40297427218752596,0.22062853455945605,0.7883859716412858,10,20951.37809401079,18,1,668,1
59,52028.96844247039,1589.4512864255248,0.3927551222929965,0.5965168557326158,0.898989102295212,6,13903.432950865319,8,2,464,1
58,50542.04919514241,1433.1291062692678,0.7375926144521809,0.4215139299372076,0.4317374535847453,9,3394.944219530416,13,1,751,1
30,62733.932651171745,784.9180144498979,0.2997132480003103,0.356709356767,0.40144150282797486,10,16655.257002597995,17,0,503,1
38,73351.80266590707,2562.067753786109,0.6321070917958275,0.6757747218254334,0.9760377941308856,8,8210.921330802046,16,1,521,0
43,20000.0,2120.3657675052837,0.6672772449103631,0.915633715154147,0.3555967950244244,8,22153.48666450091,19,2,794,0
45,22993.1835407924,2402.4016072897607,0.7678725909572994,0.7609886775042537,0.7961626947774663,4,42154.68835515633,0,0,734,0
23,53886.27471636516,1126.0358201614392,0.32190275210096336,0.5132382041363208,0.7349711780339312,3,41522.041452788755,10,0,706,1
47,35536.14218024375,4236.025884324965,0.6806058768124719,0.47460478197188394,0.6981071436767752,10,19089.98576183652,15,1,670,0
28,88469.34333576678,2945.9421442213284,0.14051641294188383,0.8715145600740287,0.8450716142834589,2,30513.142236965276,14,3,634,1
57,42538.78489617662,4068.2828267483483,0.167352469609119,0.5913910337026909,0.9752579570103389,4,13006.294188107948,3,3,486,0
54,20526.27740508782,669.8660139408485,0.4047356341473913,0.5221431696062659,0.37953806754117425,6,30178.603112041095,11,2,535,1
66,27705.70804131736,2878.259153181552,0.0969419099019602,0.6804104891017095,0.7371542103652036,4,30604.912573806847,3,3,833,1
57,20000.0,3852.685820169893,0.8555435732455376,0.3015807445600975,0.8015699311796018,4,18077.810335104114,1,1,813,0
38,44118.89855156264,1622.9593532022066,0.8166114389329565,0.15417516443864773,0.5427417628890017,7,15568.067774435382,2,4,726,1
68,45036.43657245339,1039.1156272847415,0.09159364119696667,0.8268447244125424,0.9125026725001866,3,58774.46783890091,19,0,799,1
41,40497.348450695165,1339.5916149641646,0.762564963608437,0.6161724455945383,0.6379054901133184,11,32227.41066592522,5,0,761,0
36,79657.82617419955,1373.6150250241355,0.48254304797652153,0.2401455360413085,0.4536214310297264,2,33724.59789463896,9,5,579,1
65,84064.01966654362,2122.9555491712013,0.6466684551175175,0.3533407375256351,0.888276924092789,4,467.6454220837134,5,2,721,1
39,45402.6253518035,1601.6434919511257,0.8038914939034592,0.9414434857011011,0.9440431408675256,10,10910.44689812701,17,3,738,0
24,20000.0,1366.4785126443626,0.5404283140160439,0.639260087594107,0.41269439857230844,5,21397.31770920137,17,2,462,1
44,64716.83911932754,2988.602883142093,0.14887803524193505,0.6406953198220541,0.8235589463073685,8,57958.844551126116,13,3,811,1
59,62938.42225310183,428.0391981891032,0.052191818913598316,0.16133911372741372,0.48545895807408834,7,10514.504057223456,16,4,621,1
30,56343.72786732841,1663.564246000839,0.47238330241372956,0.923642974107342,0.35423499713148365,3,18197.38267961206,2,4,541,1
43,76241.85637973004,3165.9334535440416,0.8568473123057061,0.8588654561249125,0.5141867084177946,8,59409.41962709875,19,1,613,1
27,29022.519920480314,956.1539219083255,0.5367285908712165,0.5656150759237374,0.8885931961890705,2,28866.518540153767,8,3,547,1
54,121047.6954014792,1149.9898075155234,0.3669982673749948,0.36298057898324254,0.43894584237375134,8,19104.466528213587,8,4,549,1
44,31832.960035108877,1062.866489275545,0.07628371451877636,0.6933469441281779,0.43232139628903016,1,38061.53522920921,3,2,645,1
37,68675.67344936884,203.98225894504114,0.8277325046864703,0.8083682353010887,0.8156000549060984,8,29778.13707098663,17,2,848,1
32,22941.28804445412,2237.201332875763,0.3280831617293358,0.7682031983497655,0.606006572295722,1,57446.945498487476,3,3,583,1
48,32253.469270860827,367.5227944893297,0.6490607911178318,0.930490266240697,0.44354622569679925,10,4991.702879522715,17,3,496,0
53,96990.26494201044,1373.6411906320704,0.6401016217947452,0.6413270888669012,0.4949002371837682,7,47432.875231059676,14,1,742,0
67,43590.52458340137,4477.654725745478,0.2658006871634357,0.37304161682503545,0.8505992127409308,0,16745.182707779102,15,5,532,0
42,71536.6491088769,4149.103708978289,0.10421088049161653,0.5232384711082536,0.7426593377365523,1,48400.1598594139,0,3,641,0
28,54536.74234259676,1124.825975072237,0.377250321871067,0.7938695927580239,0.829385126716894,2,50863.22043497198,14,3,514,1
61,46759.31797361676,1533.0104572299108,0.31956136176161987,0.3255411991330708,0.4115971405624637,11,50953.371481403905,19,1,495,1
51,90556.80806825502,2193.9297037547713,0.645217939041477,0.2966970167023927,0.6386056981953189,7,52001.74193330532,7,4,513,1
55,44068.6325762969,3830.978250634747,0.7468151213108633,0.7161093932775001,0.8521769379922393,3,43087.65040698544,8,5,560,1
25,21997.142809182744,3651.3775479902915,0.23907860478292348,0.4777633125380991,0.5174494330471116,3,8544.248802891614,2,4,830,0
36,34150.8228071307,742.8381772350133,0.4989964093099759,0.7940848359112642,0.456589050076898,0,3114.1556099266145,9,3,702,1
58,62820.47145475783,735.1300478979141,0.08451709527993742,0.22213104823514057,0.590523853104831,2,20445.91462685147,13,3,713,1
61,58570.070212545725,1991.9486917443921,0.2321174494934426,0.38534199367699573,0.5600293835184318,10,29704.191516664647,5,1,424,1
42,24217.33038348866,3941.41017533922,0.6974973645237706,0.327884920601586,0.46684785069578827,7,18157.254044373156,14,0,404,0
60,35385.09149710941,3992.96549611066,0.7243885724157116,0.6931879258563325,0.9509853029744428,4,44532.41603553576,1,3,553,0
62,37730.550103661146,661.6731536520797,0.7099437939340328,0.7454298313276521,0.6543519948699272,0,43346.60866607548,13,1,799,1
39,41586.82472104315,2669.4783382518717,0.1710297362400296,0.4876022915035728,0.7330881043492525,4,58315.470066824666,11,0,407,1
65,26392.598372036795,869.4033476379855,0.5183795183481548,0.5063249699390953,0.4262973525122449,4,24034.385429964568,4,4,744,1
35,36946.75131295992,3150.356033011966,0.40930215227687544,0.21222710037076004,0.734322105522853,1,47143.6596485858,6,2,769,1
32,35317.196653905565,4140.662966094298,0.8927633522758269,0.6965538797410945,0.6998532967213321,7,44471.99824441841,4,5,525,0
54,69368.6258295335,2155.5079576450526,0.6059593886995857,0.9434699885593603,0.9371154764970105,7,59324.97103453762,12,5,452,1
52,70551.94951142606,557.2559311758214,0.8449217776863698,0.761233564707038,0.6097595846753876,11,46416.91507256189,12,0,469,1
27,45907.56943361746,2690.793042346546,0.17354775925717197,0.2896454747094839,0.8426991233000167,4,17014.47184212373,11,4,434,0
61,41092.548890960636,1956.6216815841751,0.43324228213519467,0.6296543286551002,0.5416340164311368,3,916.3439476640356,3,2,779,0
30,52206.69072250098,3686.864635036029,0.7058664600899883,0.35071328906461496,0.7147324244865647,9,58089.96926872667,4,4,753,0
60,33946.505660785806,1663.4811948834672,0.3626790688258422,0.1256500699788405,0.9339913502638447,4,42964.14263068482,16,0,702,0
21,29258.504514281343,3962.0579620321337,0.5876322217305997,0.2528494273074585,0.7437949257781047,7,48756.3976761509,9,2,440,0
60,32109.282956380986,1376.9117528295749,0.48494684651761155,0.18720453642426516,0.7980299707729003,8,47594.64926572514,8,3,827,1
59,36839.80054301826,877.3258343213496,0.8931399978352935,0.26654267053296504,0.901870250877632,10,44145.66539959015,6,2,707,1
59,29040.212607112106,1517.8656224698937,0.19779165905566776,0.776263758231653,0.9330173488845437,3,45088.46811505052,18,3,772,0
53,52729.312882682694,350.13790483780997,0.8450463910306086,0.34890731392586694,0.48121317137793224,7,55767.491086432114,4,0,570,1
44,68075.45853164703,1409.3576575592376,0.39133531073280226,0.743483958303345,0.47337795992638665,1,54846.67691570842,15,0,488,1
55,23999.91972759127,3038.505825692732,0.4477940214207003,0.9065331716163552,0.696799959952535,9,22753.604750398976,15,3,769,0
34,49578.270404998475,811.816807793347,0.4993116011364821,0.5881321478076085,0.9771753170730075,0,1857.6914179708726,4,2,423,1
59,44401.51600659753,678.8693829823283,0.27556156701854284,0.5125976007085464,0.6587959636857914,8,2320.895609764002,0,3,482,0
48,57163.95997891897,769.2567523937067,0.8691088262191741,0.7376080992517241,0.5584701267551591,2,26798.301871408123,4,2,469,1
43,48736.20949987081,533.4721993243054,0.824764124449571,0.18252661890912653,0.6884746032078457,5,50098.77179402443,5,0,437,1
45,25485.892022635944,3960.9322709246403,0.8769693351796582,0.4639802743621524,0.39056933769289215,0,50856.67359693131,14,4,648,1
48,27775.92217326247,4259.694996635071,0.8973816363780945,0.5240009056922516,0.4616402652952458,8,24263.374873795463,10,0,502,0
22,49674.18243537117,400.21295243378097,0.6193300809038262,0.806393613838621,0.4438198629283012,5,18096.697520878035,8,4,834,0
27,77882.0992369126,3468.308660637223,0.43393267143488296,0.7920850111966045,0.36758679339476263,7,30396.08666589275,9,0,819,0
33,20000.0,3369.7525108839504,0.7731238162718591,0.8210255558724839,0.8049937509185289,4,49952.59241219625,19,5,475,1
26,57272.563206149636,4486.710525823174,0.07023414616088777,0.6931919886875465,0.5550489638929488,0,38189.76718063008,18,1,773,1
42,83728.09827725883,1695.8438454005932,0.7592434380064779,0.550972436107112,0.45617787608251653,6,8388.34881957209,0,5,417,1
53,45758.752125960404,1427.6886642687898,0.47269312057935564,0.8036974231418748,0.6727135754311427,8,21734.036619513467,16,0,528,1
53,62792.51284980469,2148.253119482257,0.6222370230209051,0.8422900529669791,0.5537699757624008,7,33325.554911492276,7,2,696,0
44,35725.46124123324,3883.273261741519,0.36793915214113143,0.5084119037599917,0.5976011956027898,3,32295.745877230318,15,2,492,0
62,46457.12904659434,3332.952662912965,0.36332968078679345,0.9378126217054559,0.548785044748941,8,49838.04120532245,19,0,435,0
48,23637.481179702812,2227.982400060262,0.07695957988925456,0.8435954062323018,0.35250961404606423,6,55930.305830439414,10,2,470,1
24,20000.0,1251.6202261292547,0.41022101586466125,0.5338992156081968,0.7836471845839228,2,6027.785650515347,12,1,696,1
58,74925.12874872149,3326.1676874539958,0.39710106610643053,0.15889445604504043,0.4197350016024576,1,13464.455420753298,8,2,499,0
49,31468.813366263515,3874.4655325814433,0.2410724365878606,0.29081824324111183,0.48805971014967076,3,23529.414638365295,1,2,510,1
52,39935.162072411804,1919.7902935902107,0.2602247825088023,0.7599387924698421,0.46989973744521385,0,17783.88488706167,0,1,492,0
48,26267.84866306858,3074.917417030232,0.546518643376135,0.19448111844888205,0.5587613961641857,8,24497.42969750657,7,4,796,0
48,25991.20871844107,1920.911691059372,0.3201057261585776,0.49933005637137373,0.45092453808270433,0,2443.2737169139186,16,3,799,1
25,45332.207217786585,2257.5217840083847,0.7557141226646963,0.6141243632890183,0.5685798382384111,0,3960.7962097688996,6,5,762,1
48,35301.836343792915,2457.1146338061285,0.14467734082850653,0.8465948041149379,0.5032565378588725,1,50301.68867622446,8,4,408,1
59,58109.64576417373,3535.621000295795,0.5409982045887871,0.8200467834594579,0.38856552129861893,3,6154.907046713221,10,1,512,0
35,60092.618251219545,4403.275731754404,0.186038018068237,0.7496362329007729,0.8984546756169924,0,49444.50671968497,6,1,796,1
50,56634.99395202004,2110.7744993443994,0.4990045328825599,0.4465401062195191,0.5425160974721882,7,18390.720108182104,9,5,649,1
22,54577.137990195784,1671.9545268647055,0.5196640039077709,0.22091186619095252,0.41002775221711973,1,18553.40219333135,12,1,418,1
38,99707.45148450584,1806.4413278312825,0.5959530335468698,0.6692019131241707,0.6785616187398374,9,6044.821687608428,17,0,512,1
42,30320.605319782655,775.722998313281,0.41331120518195963,0.2540953291152018,0.427663576572346,6,795.8028890099223,15,3,772,1
69,47823.82906226346,1476.8365726162078,0.4830534823598662,0.5771173108973234,0.8370487169178136,1,21317.316506723113,16,5,795,1
31,81610.27231429711,571.7238770558668,0.20380972366909933,0.9335764550938427,0.3887941042410989,4,50121.41437763899,10,1,591,1
34,86598.94518825173,2039.945331670763,0.44356304727588014,0.5677633094361834,0.6427206484648658,1,55197.32787228371,13,3,468,1
41,25853.631607713065,919.6362580375102,0.36707583073014693,0.6487233371713803,0.9446105879729403,11,3695.133367819774,2,2,434,0
69,42592.78072107176,1689.5490076899573,0.6162114389562483,0.6759391511287477,0.4501505038048005,7,1854.4838283365239,2,2,501,0
62,90323.63945601074,3612.384322383907,0.41959846497201314,0.8058301040241791,0.4768622664504637,9,9528.037207820009,18,2,759,0
22,61613.45785545294,1257.488897533285,0.7124404033331873,0.46973357639099145,0.7282928941789859,4,45977.38852114175,12,0,771,1
32,53523.08655334888,2831.1468717708967,0.4120932837876383,0.5228834158946231,0.9673080651050638,1,12292.965961408487,2,2,515,0
61,44446.51734613908,4075.0801027690354,0.25040549702786485,0.24957621183590145,0.5930765214199241,2,13848.622463667956,8,1,839,0
23,41245.181937733796,2637.7955042270514,0.2826354111147969,0.6224779045768767,0.7586464084496402,5,53336.56187347736,19,4,795,1
62,55809.454996142864,1033.3082349213746,0.08849244132789108,0.3513943053757308,0.44595974955242934,9,52496.94232551208,0,1,844,1
34,43758.083645452694,1682.4946340536035,0.5089309890107736,0.5314810365553946,0.7540801939565104,5,40217.35316521012,8,5,738,1
65,48090.485050607465,2738.587590891484,0.7562487513152736,0.7515736144834131,0.5091771009215826,11,9840.826828888738,16,0,657,0
35,50785.66545942003,2378.42790096737,0.7037449507949346,0.11493441897968862,0.7363711927195382,4,22868.951379094313,18,2,841,1
42,36129.60213993997,839.0652959906863,0.42212104638770065,0.5793281975967172,0.40585656109267393,2,14170.644369546313,7,1,709,1
53,62283.89837036653,2121.2242821694463,0.21670230187283535,0.24742826471408627,0.6807304836743573,5,40310.73491058772,18,2,774,1
27,181935.97014838675,2535.186788114068,0.7839617768028349,0.33747583881627563,0.4995651466441414,1,46795.86325083767,14,4,581,1
48,22034.308883662397,1349.5306721675615,0.09826387893830815,0.12950628807394823,0.7794764830975304,8,8528.023321053335,8,5,508,1
45,56715.65964989572,2833.515715961363,0.3893393164221199,0.2440433461580169,0.8210319658530387,1,53877.34997442113,15,4,658,1
59,34818.85955222885,501.68842778640237,0.7781228710263585,0.938634984294079,0.8843297942524203,7,27769.5544310302,16,3,584,0
69,63565.81849995659,1647.4102443317222,0.38420018429356695,0.9487443470194151,0.9752090824190216,4,47700.3512696969,5,3,557,1
53,50058.66331631549,3658.39038094357,0.15019415014341592,0.7118707319062003,0.6393935111815361,4,3098.2565125177384,1,5,713,1
41,69067.16033070192,1314.9246439050683,0.2760570752939267,0.6200783265555145,0.7724744828406143,7,21634.871221166257,15,5,674,1
40,83197.94769926748,2802.2604550132364,0.5600250254815061,0.7604559101343752,0.36160694123883663,8,886.8568618395112,1,4,542,0
41,53454.68170572041,1963.1277689543413,0.1792305215403852,0.8620711313573874,0.920204830982913,11,43109.08388613897,15,0,508,1
60,81586.86254653601,1560.7786123855612,0.6066950278160025,0.5414093006305969,0.7379181816830047,3,4767.058213871112,7,1,645,1
36,20000.0,4139.366258013115,0.42243764151935886,0.12999139950504604,0.6154473369421394,9,20297.147461586672,14,1,547,0
29,100278.19315017754,1676.0253877456491,0.3342310756974436,0.7029864474930447,0.6236170279392099,10,46904.9208383284,12,1,506,1
37,58033.63111841562,1217.7063763941787,0.2547866584446893,0.9369121267615591,0.8275372572070492,11,44937.988705974836,0,5,499,0
22,79620.70969850307,4109.995657253163,0.7498304879782031,0.3193450125761671,0.8750861022276133,11,38417.37722237056,0,0,698,0
26,28312.42164798059,3407.560730524004,0.3871728553438913,0.4939457306419349,0.8589793160783566,9,41641.238330483335,12,5,586,1
25,33730.35839063878,3131.7387689022485,0.6777073757652936,0.40708324089358894,0.6716683314196249,3,39073.87950621436,10,4,553,1
58,52348.168623114085,413.000250887566,0.4243019137417767,0.43189737009538387,0.5838223816678599,8,38476.55754040982,0,3,451,0
56,48646.39332894819,764.181331077836,0.1280871088537625,0.7131899947940533,0.9456897976917874,9,20979.278402483982,19,1,424,1
55,55680.25443569745,2944.8618443815503,0.4244300788921713,0.42164373129264254,0.7495457006052322,3,1689.9422446113354,4,1,712,0
43,79860.11514233268,1100.5611970629188,0.48153461277539933,0.8999215066399177,0.6925016476663532,9,26509.5509889468,17,4,835,1
56,22151.286567848932,1170.2433382105442,0.4391658644693703,0.7712096856990263,0.7269409271778244,8,2727.5790954206823,2,4,546,0
28,75979.47995903825,3550.295615977526,0.7438054549860317,0.12349997132454085,0.746815900157358,5,28132.04370741851,4,3,779,1
65,49203.835633938244,1429.4772799988534,0.824223646686575,0.795766549728666,0.7992359169873495,10,27844.738603785398,10,3,670,1
45,44725.45861773568,507.8253992532388,0.7187618739293788,0.7569288090728598,0.6985063578759345,1,10723.292235829154,10,4,536,1
66,25285.797274225926,356.6573734324027,0.5453646168793158,0.5390196691240485,0.9014738733082115,8,47055.69782215116,12,4,655,1
28,61474.141426793016,2105.665345154737,0.5102324664716571,0.5222947872344516,0.8916199549924412,9,42252.56051462587,3,4,458,1
45,20000.0,2853.652884043978,0.5979236256051101,0.8101978679469103,0.6286223791312875,0,33572.37244205666,5,1,551,0
55,65629.2857912951,3936.2065035847527,0.2946557519734683,0.46106749578857964,0.456177750639088,4,55554.51480730124,5,0,730,0
45,25048.07792522351,676.4588986403489,0.7400698192263824,0.23554299179930369,0.7132930996757935,6,17231.22679261265,8,2,783,1
42,50214.34695066055,1045.6931530396741,0.7783209509631118,0.3659640079216777,0.7410658989426446,2,15721.93328789961,18,2,499,1
29,46461.25522110958,2478.142626902126,0.27713458870455593,0.32542204285386594,0.6797291315908531,10,11006.148933143339,9,2,809,0
39,82974.79502661893,1765.6659576404927,0.817395476919066,0.6789001752037327,0.9110640223625988,7,32666.38726690199,19,3,672,1
32,45234.03973826706,2274.911040355627,0.7714228153929173,0.25204234753471844,0.4086027619253505,3,12321.43096191483,5,5,503,1
35,35869.32123691002,4173.735990632126,0.4108137523601337,0.6480565709678859,0.5310736580461763,5,52133.734704097085,4,4,750,0
54,39027.77249025913,2543.034111618155,0.8226501717788337,0.49607190517419764,0.8954476031832497,1,18258.586229028235,2,4,796,1
51,86924.67742744651,1985.0186256319266,0.15237314473978192,0.8137117900000145,0.9418303872039895,1,29455.860614163626,4,4,522,1
50,62400.81630802975,4454.591598808903,0.0737885753275653,0.5122489317348478,0.6183327970626182,8,31770.645895809743,6,2,447,0
38,41211.24802178394,480.42738056800613,0.3456868017549462,0.8903333443839755,0.4713657085597909,11,18458.79284612991,7,3,528,0
68,44072.84495046417,4208.08782799604,0.5306203440032433,0.8653987587027495,0.6148075828012589,3,44305.17726418129,14,2,740,1
25,24216.0353199092,2357.1459208815772,0.3487262223529362,0.25749444223841944,0.6373848606172057,2,41524.37617402539,8,4,427,1
37,58384.94767967063,2366.152252398694,0.8507575736206556,0.683241399499101,0.6773287082424067,8,45648.66169327468,13,5,530,0
26,22205.225688566596,4164.446637073799,0.2665036946968733,0.2824310367526589,0.5228424405152592,6,36355.22818745964,1,2,543,0
37,68755.2522947979,2381.493112250199,0.2890313845537771,0.799808660295889,0.5469552664835982,1,27610.937535592664,18,4,407,0
68,51941.82995137665,2085.15048927964,0.5896034706631269,0.6403646813560837,0.7630202077480379,8,26935.025792550972,2,0,668,0
38,143505.45247598062,1371.7009461039556,0.05328429999045198,0.35000004013940345,0.7417303151278828,2,42992.07369710793,0,2,762,1
65,29879.831524404988,3032.9120973149097,0.6684234945014094,0.31175508412598046,0.7671245845226607,1,22622.11446333096,8,5,470,0
45,46807.65603565488,2649.4738912129746,0.3708490606291836,0.4651410067886155,0.5876895394144761,5,26235.58686673116,13,4,798,1
55,110109.37461086141,1121.6853788754672,0.8810856874968016,0.7806145257419613,0.561967808254932,8,9820.267153322062,4,3,828,0
43,83794.72509521361,3250.4755347636965,0.6377049540752864,0.7767373676835339,0.5714693639729516,6,40777.827379282804,3,1,791,0
34,35835.86823383529,2969.5734865475542,0.09438271181999162,0.12836979172169516,0.949241185858491,7,4615.484954087592,16,4,725,1
58,54218.927523575774,1908.5357020881254,0.1287336374306776,0.3569441331502651,0.5990044149809234,2,59430.72965282891,16,5,601,1
68,49064.92550693369,218.92396418526744,0.12494289088553477,0.45942331894926003,0.7318634096928931,5,8624.25463017694,15,2,491,1
33,55652.38095959051,2120.2989457576073,0.8597289209081522,0.5977447114276068,0.6793912079149192,8,22978.70376710558,4,4,810,1
59,35796.084818868476,226.04990366008244,0.6314438100349495,0.2270979574924942,0.90201974407653,6,14266.83797389688,10,3,638,1
33,47089.523241924995,522.4935039858714,0.41346510619559534,0.38499056744958604,0.5825435844910718,2,17439.487559030495,13,2,603,1
56,23881.907219378038,2051.6225806675866,0.2204102863980264,0.8527574674827649,0.6235109999443874,11,19347.194958243876,8,1,576,0
59,52094.02580626737,552.2555019969091,0.7925937844704327,0.5050653864016021,0.8809604019327926,0,43100.19834326274,3,3,498,1
43,60024.572740591706,1385.3613652848148,0.22132253852063938,0.7325217421369234,0.4514032968388406,10,10604.956389266932,16,2,572,1
57,44252.23972061238,3018.612884803564,0.6506773340044448,0.512061730521889,0.724405565161439,8,15831.392530760397,18,3,759,0
34,23699.923499216333,1527.0459732205018,0.6988257073135441,0.49523518994039406,0.6019421708155965,1,6072.365416226648,3,0,651,1
24,76484.1904966651,4489.888954722494,0.300457675527097,0.6286366963209784,0.9710486821228934,3,19887.5999228446,14,2,577,1
25,57759.10435324014,4140.098745834419,0.4791775265950459,0.3204598353611749,0.8044719935843905,4,56474.50460163132,17,4,448,1
42,35358.468566210235,2716.832589717752,0.23954088997063477,0.3123317844103125,0.35665044556786074,11,22806.538961000235,10,5,586,0
65,43205.79025464686,4357.872696130201,0.37209020883717336,0.9409507766578676,0.8788685572813856,6,46640.298242791956,0,1,496,0
27,24951.738266383978,3932.4743660598447,0.8703642385380075,0.8386432079213388,0.7930031833942264,3,27702.236280005647,13,3,578,0
43,30901.668015094892,1571.2636310140942,0.6391673294562658,0.7270916619821978,0.7034053768170652,11,26975.981058721893,18,1,467,0
55,38483.50142985317,3423.2638577368302,0.7696220752619378,0.2165728581972033,0.4987609398071197,1,49438.256640204876,5,4,826,0
30,85202.78205619862,788.3766712169736,0.5095096357467298,0.12569100450705167,0.44406948975684485,9,1609.167214426468,2,2,478,1
56,36762.12837852949,3143.5711248285866,0.2531837808286527,0.24910062856752904,0.7458917246008033,9,51893.18995256879,5,4,455,0
35,65388.13812097357,2311.651853926696,0.6559478781671145,0.897071319831392,0.6271623718726713,4,29112.50709601116,16,2,694,1
60,38474.75953220189,272.3515387871463,0.4754827666719814,0.7938463047116396,0.8928207967056117,0,21067.63111104355,11,1,554,1
49,54807.17540343418,1379.188236278594,0.20032153789099988,0.5446146106152899,0.5152953492749329,10,54410.097057534054,0,3,848,0
47,45998.86604792352,4308.143534838268,0.4005654061754787,0.9234635026631206,0.7516375879331368,11,20391.561106412126,11,3,581,0
29,72611.27342119947,1558.075385880467,0.5896141861638601,0.22459478746695585,0.5067711130951811,4,58661.84130517177,16,4,692,1
43,38535.48938179101,980.2541577961948,0.6750320781799025,0.5752778740051313,0.7508797598287716,2,56181.389956977284,3,4,775,1
62,24157.792733310154,1006.3852202604958,0.25673767650679896,0.2557388074389033,0.38045712459589937,3,16075.392733004519,11,4,843,1
21,26321.01466732581,2260.617037960381,0.7945977384469315,0.36046431408366,0.5967756788930623,1,20436.16318942089,4,5,764,1
58,38586.39868661228,3823.3917348833,0.37261844101347624,0.8991147661187417,0.45879193799542334,7,48730.052761023086,0,2,659,0
45,27943.028312028677,3459.40759007339,0.28046621020883616,0.8380367390663809,0.731738417620789,6,11736.604935883586,8,3,766,0
56,58958.872706931434,2078.4636324124294,0.21585204713566608,0.18652896778599817,0.5495386735019709,4,43917.09384429135,15,2,527,1
53,39751.558458372725,1097.5255987789305,0.7335456342425276,0.3121122347267977,0.836065549136352,7,7749.068820511396,13,3,791,1
42,142710.43803723773,398.0790704394218,0.35103988872115305,0.605331349144743,0.42219444707091147,7,12336.33160475796,2,0,792,1
36,22427.169617432945,2189.3103737757438,0.4608891737047444,0.15214986923970072,0.7004142321591227,0,30030.348575320066,3,5,572,1
51,53725.064948659136,3703.5339986282243,0.23939685002929428,0.5675719502487218,0.7240170536532425,4,44752.903608985376,10,3,430,1
27,29508.13123470975,3337.632572455549,0.6331774104935919,0.596817720424909,0.36392558282364157,10,44365.71861307094,6,3,708,0
49,39260.31129366981,1956.9833007971763,0.713878396419559,0.3473221041308906,0.3726709978358141,9,36535.33633480471,6,5,446,1
25,52241.82838252089,2757.2214892456814,0.33851146161034035,0.3491545331063549,0.5441913085666515,10,16326.760433754353,8,2,407,0
52,20000.0,2075.8600400687355,0.8533174775656918,0.29471737845456014,0.7337175268295046,11,24922.67184860517,15,2,826,0
51,54533.56990336957,2689.7692720977648,0.07601901812620068,0.8953249146666363,0.95645689695219,0,14772.85599504962,11,3,655,1
25,115417.16413755566,2425.2725508922613,0.1630016377829343,0.4305404695942159,0.4071936112928577,3,16621.04550244781,17,5,692,0
58,39972.730604997996,3128.1563805381834,0.5504689768264173,0.5974787036468068,0.7929925471228075,5,19393.44124191397,2,1,796,0
41,55100.47057923273,2383.148027192433,0.6461958327411227,0.35633838811548735,0.7864111569373494,6,35930.86266201134,9,0,818,0
59,77746.96251183472,4244.627292120502,0.2630805410827001,0.6972644037526686,0.7717687734071904,9,12455.693313069949,11,0,830,0
23,45534.28897588585,2040.5211808012507,0.5209604323576462,0.18622508039984614,0.6751728251652871,8,2554.1711510458545,15,4,459,0
29,37743.47587208804,268.44010307075695,0.3206283099863908,0.1608953116304644,0.9591003488843906,8,41547.27910794977,10,0,545,1
45,20000.0,1216.4062022586336,0.5209758587783517,0.7326411964946034,0.6661183372478692,1,1308.3840363492172,18,4,745,1
30,65411.00684899701,2352.6094898586207,0.6104285260996146,0.7176677645680474,0.8781271598955009,8,58247.089071544106,16,5,412,1
37,46586.87907822686,2524.4589631212466,0.8768868455336988,0.3252511357195629,0.5153879798110382,9,21017.13061480024,13,4,505,0
53,31079.144142981764,2575.25459404183,0.4373423310180061,0.40178970581598505,0.8579743545633187,9,394.8823391509593,7,1,631,0
28,51894.522268535125,3272.574022561353,0.6009836342306735,0.9136714261328989,0.9778238123815279,6,53075.11868487123,6,3,554,0
54,37697.30326469736,1380.98701325537,0.5413333607319422,0.18868075074601717,0.9233541722974689,1,35988.272000209676,10,2,477,1
26,38646.374296943286,3059.0858198783517,0.319921659804437,0.25567500656467035,0.5415651828137256,1,49043.537690460405,9,0,804,1
29,64397.55981150889,3227.338774412615,0.2651045119430623,0.46553261022724823,0.8830792097844916,8,26101.482938157926,0,1,601,1
49,26842.129135737094,1968.507236269553,0.8896901134830152,0.33978407014719636,0.4100119875080935,10,21250.912980836005,4,4,585,0
59,78534.38856468684,1929.3271263291847,0.22582450744628801,0.6516572663373761,0.7769557625562231,9,39311.36658287582,16,3,695,1
29,26135.275345428265,969.376578322734,0.7217339770131013,0.6870114645046818,0.5655521267816125,5,24360.05249346771,9,2,701,0
35,36380.360679220445,1980.145717898107,0.17459928236764688,0.5474298713065809,0.7649621564452267,7,33372.51588125528,18,4,621,0
66,116462.63691005069,3583.3100543401533,0.7336985789570631,0.6195177061923544,0.6097168747750632,2,16669.372686884635,4,3,799,1
69,81414.57929239377,4108.5839238645,0.20786917654111586,0.4684077072172932,0.3556908843899531,7,19958.724403846503,19,5,533,0
49,51221.866330453755,2752.536722667251,0.8720831474137419,0.7463291656663911,0.4957042290502091,2,4931.445793303282,16,0,791,0
42,32104.818375989093,1487.292476423485,0.6330895080883397,0.13578372316932927,0.376703326700739,9,46882.31920310192,7,1,790,0
37,38631.661370048445,3133.845790236845,0.12660050712445453,0.36595763615749877,0.6191800513639063,9,20931.049618433826,12,1,404,0
51,50664.152669470765,3382.628697392817,0.6392005515401592,0.6817655351856599,0.8792449106387553,0,58499.94872586747,19,2,739,1
49,49855.56751714937,1628.514948756848,0.5630776483643191,0.38019834169407507,0.8149379581542993,11,15585.529447127508,12,5,471,1
35,47056.67859356537,3754.1558044050507,0.3369143096898647,0.16675498837650704,0.8470146773337613,9,28503.160816171545,18,2,618,1
22,48345.35223059953,516.8920781948623,0.2716255980932074,0.393261414196759,0.8585357787469794,4,18331.93203230347,2,1,813,1
28,44512.761424757424,246.24098568010976,0.6609466644859294,0.7047705560203638,0.5843220664673896,5,41635.52249494042,3,0,487,1
67,25619.51305838629,728.7743223178261,0.6801571670073859,0.20368713546532008,0.6687962095808411,0,48501.95517722524,0,2,653,1
41,38854.149799123225,870.8358956582917,0.3281249716096561,0.7159366595799063,0.6703242371538027,11,29220.643831072655,6,1,749,1
44,73982.27557898393,3979.3948416752014,0.7947930442135781,0.7591373589039392,0.42132136566972556,1,22015.653444372718,15,1,616,1
43,26482.76878897621,2027.4213195515076,0.2785031360552176,0.640005632759294,0.7268295369408128,11,44685.07914383078,19,0,435,0
59,45012.70309011508,1382.2062754726412,0.10938476207858937,0.3075989412744226,0.8037132607702113,7,11487.302643841515,10,3,429,1
24,33897.980931537015,2045.0229987433231,0.5598876681034418,0.7845010536158021,0.7349097260413753,11,35967.98029272792,8,4,633,0
25,51539.70153389901,1897.8158386127188,0.14100998690687372,0.28227612651169554,0.8199585388669992,4,44017.46761637518,18,4,411,1
34,41155.59111816838,1496.285172348473,0.28516445462651246,0.8699478093456479,0.4249014989186597,10,16156.17668274436,11,0,406,0
44,95304.00836382265,792.9682043714508,0.4811084340911722,0.7006488442707698,0.8296876361905317,5,39341.960406841165,10,5,829,1
53,61571.994991465865,3020.4364864876866,0.29340567900370296,0.14651193765000076,0.48112826512214013,4,44113.56870521556,1,3,639,1
45,27165.106389611807,787.3989319525181,0.23274689105703772,0.7793940508624135,0.9024008983889057,4,7044.99776904435,4,3,613,1
42,66307.12292875948,3534.3251464924997,0.6477076026698063,0.5304685093059213,0.5043067267810012,11,19434.44906035019,13,5,445,0
66,34593.001253748786,1067.2584571059506,0.5149494401919512,0.4847515618660937,0.6599552017249772,5,24378.362876051302,13,1,753,1
28,37810.859657748486,3344.8966206732402,0.7637970610127385,0.4574345137937138,0.6569777668936796,5,46557.44382359387,9,3,629,1
49,56456.09633476802,3664.020254490508,0.544053655457156,0.6156355564747793,0.5193757018469685,7,34050.3079747524,14,0,499,0
47,39289.54221794038,738.9018420301381,0.4609301300077116,0.7158917256655171,0.5778770381843444,6,26973.688388214632,13,2,738,0
44,73261.10484330868,573.0068036384175,0.27206789886917,0.8615801233658765,0.46692595191762293,6,19126.346920253764,1,1,506,0
60,34595.2086218348,4283.162913810737,0.7232559938276028,0.33200309100514147,0.7091634393988862,4,243.68203349302232,16,1,626,0
34,37103.77707384817,2191.1012690360967,0.21734035727971213,0.6361598319738602,0.9252076559600925,1,1213.2054578152206,13,3,652,0
67,36484.146323144305,2910.01262838385,0.25589414932718624,0.6833912197479104,0.5494627705878397,11,14426.773544175518,4,0,525,0
37,38004.60301096816,300.01989252360136,0.7653503072401094,0.6735775688188587,0.6700794441560183,5,7001.436350105557,4,5,794,1
47,80389.28699808574,1398.4537763922615,0.6800136468698295,0.5190505506155244,0.8929847855024492,11,7175.195821666524,19,1,716,0
46,65053.04754575369,2373.2099146053606,0.5709424656325925,0.4323691659731459,0.6350743995756476,5,36164.37744398678,5,0,529,1
62,105817.87968974485,4010.7387475744367,0.08308245116858742,0.7480219945070279,0.8736940069284893,7,36327.31939321168,0,2,470,1
42,136004.04293705273,1367.189495526818,0.1581689755420175,0.3550083334346812,0.6312261190570179,6,2686.32656624058,0,2,547,1
34,30827.959576273963,3533.322675392494,0.4749638411594682,0.27684518803850666,0.6273527540278502,11,35636.115108024795,4,3,609,0
22,50599.07666072378,3047.515591512418,0.6843880849604573,0.5639548146961053,0.44906117617298547,1,8749.115642022094,12,4,647,1
38,28874.376586423543,695.6643015647034,0.4444857345630498,0.3274692290128504,0.4287366593887668,6,22633.544088434366,9,3,580,0
61,34547.0462158896,1461.513243005585,0.06469907075256563,0.12824818834985818,0.7352429489055272,1,59381.031580054936,14,3,418,1
21,36918.30842963316,1222.815356686065,0.20662949886679843,0.1438393818749596,0.8712201205475939,10,31320.321793226933,4,4,704,0
64,30463.371505121446,2102.8686265651277,0.5504516946771855,0.6907589474288435,0.435306086715622,6,2051.280801740707,4,3,570,0
47,30535.668160087618,2931.9372451046124,0.6400845007347926,0.9271739690932621,0.9233591860474022,11,20859.492100752494,8,0,550,1
27,45939.10663292979,2063.7049486865785,0.07841406580511873,0.48648512608216377,0.5760942751745319,3,40253.88953020596,15,2,650,0
35,28352.676439195107,1251.5072757327657,0.08683199044142528,0.22500195674702403,0.6179120401081177,1,13475.8730781054,10,4,775,1
48,71607.64576047983,3192.2787033815844,0.27211359813790853,0.7953707289499501,0.9135056432714213,7,57866.954217514576,15,1,402,1
36,32435.56899646366,2713.225707259406,0.12097644107858019,0.32222051242766186,0.914666763702486,1,25517.621873454933,1,5,832,1
26,173564.75502442743,2433.0498018874755,0.51065429736436,0.9462824923632984,0.6806610924542903,4,1265.238404562632,8,2,687,1
53,40009.69173272939,2584.004269017707,0.1551466846631784,0.5787745409530011,0.5243619150056047,3,32433.96987677753,8,1,646,1
53,50635.48726782511,1154.1727790634413,0.6009864346662092,0.29773766627608556,0.45832186757305077,2,40571.377461152224,1,2,422,1
26,27367.089764566415,3125.8535626975618,0.710641521411449,0.5216040540956923,0.5210954298812442,1,27359.47062310414,6,3,720,0
34,105634.60454799482,1866.2523028167036,0.8749391641892906,0.38507408105520136,0.8417952605038287,7,55690.25038643197,5,4,723,0
32,81127.34068105997,1762.9116248390844,0.8561459173920571,0.7625511869329056,0.5544922053945992,9,54115.93004793638,9,1,652,1
53,56028.29678515363,843.8570955471133,0.28236037769998645,0.18994350293684742,0.7875737204507954,4,8337.60438916547,3,1,760,1
56,26740.6150910701,2766.4005385669197,0.07499816222969691,0.828452309477666,0.47297651803614615,3,4796.890040667412,5,0,777,1
56,53895.38302021016,2791.456965349978,0.33000038369500273,0.7522363601245144,0.6514572885940068,1,18738.539845847412,19,2,777,1
66,29594.86155986832,1663.2927677660718,0.6522081009057553,0.8321592333162643,0.5718269161170579,8,36487.95973606119,2,5,547,0
58,94661.23675070763,3897.3552445217965,0.1008310278816584,0.860744684135415,0.6672757636917452,9,36095.71885892037,16,5,703,0
36,70554.28054319033,3835.4689644763416,0.3557557590207144,0.2953111495016191,0.7090655332797112,6,16298.585983501393,10,3,425,1
26,51171.98878732344,668.9335178744545,0.3033293654148709,0.5428549361443277,0.9742890277197005,5,57066.03280662003,1,3,652,0
51,20000.0,3188.665067582648,0.23644379044613018,0.8224338871414206,0.9169338797291974,7,18439.903002932042,8,3,465,0
65,31491.180755694837,1893.4894515955957,0.650211141520768,0.4207797762986948,0.7883958808402401,10,48251.966166069375,10,1,538,1
68,66802.2812385914,4498.7738595704395,0.610232454270718,0.1513464402762876,0.44685838643416376,11,49918.8108350821,5,2,704,0
32,84609.14708108416,1167.6016076440053,0.5051699799291919,0.34788920305773907,0.9289879904937075,2,5906.101135640552,5,5,591,1
32,80751.0638144968,1406.2540832823045,0.824158443729358,0.30563226475358923,0.9123292245460398,5,13953.174730851117,14,3,788,1
22,23946.89978101917,2101.0570665896284,0.1376680248207316,0.8395532258857388,0.9086231609467704,10,12911.49047701462,0,1,439,0
27,56145.316044416526,1355.4751393268516,0.1772358408064112,0.49426939699777606,0.6517806245424251,7,55179.07900648798,18,0,837,0
48,77418.5618041358,3175.571475462011,0.3759322273365011,0.6810126018293662,0.4575452279684658,9,21066.295436336113,6,4,718,1
47,23242.760716256515,2267.9048823803664,0.6074997440834655,0.9178012772378475,0.8252740254304206,11,50188.280003490436,7,5,593,0
39,48846.74233198012,1149.7789898530227,0.5464673984086003,0.3543096745274231,0.5947644745639667,1,28681.0801306365,2,0,411,1
36,55449.561195959526,2377.4084987922192,0.11293628434774217,0.7470196238982864,0.5670780225061081,7,27433.14265164122,17,2,418,1
61,42815.520177951716,4021.7873953696653,0.8646610831844973,0.11934950329091322,0.5961926679123447,6,54205.281455594646,4,5,586,0
43,21301.38056956159,3607.301281455227,0.30930509399218276,0.18849874901479896,0.7022144512034618,3,26454.084431665622,16,1,657,1
60,42337.811323210546,2344.9643750353302,0.35512672171562976,0.23758532650278638,0.5601168633688202,7,44691.115033855574,6,1,627,0
68,42307.199706788335,1440.518193510375,0.58008532918691,0.3655555863416321,0.7846499849288147,1,25462.65010742203,0,2,533,1
36,45860.864998456076,973.5117982208694,0.8533906898407745,0.4425391328599716,0.7580659913185074,5,6112.1841945787555,8,2,692,1
30,38041.68680325068,3977.0463719036507,0.6132850032377812,0.5054635071224162,0.6705834467109473,4,3185.687669846888,10,2,676,0
67,40160.713917642795,3253.7178441443943,0.8615573301155485,0.30853164434088787,0.38400313596186203,4,12494.410618721873,9,5,554,0
52,48152.68471264526,2660.3022035340714,0.2094524509974071,0.15628302166861555,0.9400218898938385,7,43336.08217362624,19,5,546,1
35,59820.552742490174,3981.568977600774,0.5759884396269948,0.6758946280642067,0.6093686583658458,11,22418.98320602968,10,3,599,0
51,42745.01916062862,723.2682357085848,0.7545470580948421,0.1201121505041248,0.6331555124001089,11,27246.454883251525,15,0,734,0
46,40768.213759519334,3134.7039298088935,0.48267079801662005,0.788050039629916,0.6373004827131943,8,6112.583911052896,7,1,664,0
65,51100.99855601693,1131.8629433768974,0.3578476244549394,0.8897816013785211,0.5799676136902355,3,37382.25598728357,2,1,457,1
33,20652.42104379521,718.4829963687441,0.8870447505270956,0.7038135766106892,0.7749903836893461,11,48206.892624117114,9,0,815,1
69,60758.714972532805,2202.1165930298125,0.16983923933716144,0.6065664396836071,0.35876814836902504,11,37480.99464026171,11,2,490,1
66,49008.3811475834,1865.7895979867208,0.39929009839935814,0.6584657499293378,0.9003102474657276,10,59076.84490951837,8,0,702,0
29,49904.28186464228,4247.046520098298,0.7923676896765612,0.6543887396249551,0.41453658591982295,10,980.4834907482696,15,3,407,1
29,75533.41638300232,1593.1120510328105,0.8154086345300328,0.8919493656565254,0.979819615316035,9,940.1896350312744,19,1,514,0
47,20358.076901798162,3704.0797139236106,0.883324786325808,0.9196599905148722,0.7456920563813342,9,30000.336186902416,1,4,654,0
23,20166.432799477716,3419.956102013882,0.8021204534247243,0.46270489562198847,0.39173527868595087,8,15984.483532623406,1,3,781,0
35,55448.59921856021,3072.072641251706,0.09331347157930066,0.6245172997261553,0.7043353474389098,7,41190.624321060226,5,5,653,1
42,48864.05898737663,4157.722033728256,0.840301524683365,0.7823859956740464,0.5587239092533373,7,47592.60921318794,11,2,424,0
68,52922.27593743914,1954.075755839771,0.4139421126957675,0.10088243359631689,0.9504172305695272,4,6146.154526979981,0,0,830,1
69,39816.74439232216,1875.5860997263223,0.6038763093380947,0.5479635293035583,0.8259467330125874,10,55040.29216477414,3,5,522,1
28,66102.32197303989,892.0739214004903,0.3851344887920512,0.654944888845043,0.6694192412485149,7,1795.3762683660668,8,1,564,1
64,74584.4619276994,1385.7769246287974,0.7416178651215164,0.7096246322769443,0.6207597616897089,7,41304.235667669804,7,4,448,1
25,60948.957603540395,3983.038761061744,0.5395313848743511,0.41347099798683895,0.977397385447408,8,23070.045975437348,16,4,713,0
57,43591.92447496394,2239.8431715188826,0.7687129461709037,0.35129775751985337,0.7704519735252793,0,40046.35276859294,10,5,601,1
62,20000.0,1667.819285420055,0.21470575079265214,0.25482118158272227,0.6737757377064817,11,5858.179296653791,17,3,498,0
64,69296.9583815541,1129.2818368533358,0.20723563054166694,0.5741432166947819,0.600704793974786,6,56224.819166327325,15,3,686,1
31,84946.5827594151,2285.3290760475443,0.4243202813470689,0.8814079174143032,0.5544872001875539,11,56244.5003904011,8,2,488,1
64,65516.10605676561,3281.661092997474,0.05403881321810846,0.8615814281154409,0.7944142369950264,1,31164.0488505667,19,2,638,0
26,32996.63639022214,1432.7757094654241,0.6389250116618194,0.40597103808403856,0.7203678743907971,2,30575.072043908676,16,4,698,1
46,66383.74339831139,3458.1810394944127,0.3016456686368093,0.3191768689474722,0.8843564462414775,11,38088.49126882226,9,3,765,1
44,72203.10782215078,2908.0874313171494,0.5237044442822824,0.7704747492701605,0.6987432556811258,8,34804.13703285226,17,0,712,0
36,98860.72411741642,3586.5190189207283,0.10950302639171985,0.7162330155075599,0.7168687757830406,7,32612.79400965068,5,2,655,1
22,33049.13042686107,1278.9114041621228,0.19504770547528988,0.5295388564668684,0.6507345917512036,4,35351.46893315599,4,5,415,1
58,44271.45700408149,2913.421022352095,0.5794302945186429,0.43067572060802883,0.8304511961633719,6,51517.81033072017,15,1,504,1
37,68615.40992856152,861.0617018020203,0.3098132330443866,0.2052282181833987,0.6114450709420665,6,36664.006774847054,15,2,660,1
53,50303.73119416576,1764.327023307938,0.23251365119778866,0.767367800728401,0.8867219509798464,2,11750.061287804683,4,5,641,1
41,29649.560431662187,3314.7484078240454,0.24451952568660273,0.6248447770444427,0.556038199527524,6,54834.72242275249,15,1,640,1
39,59075.8404191511,2916.174057993724,0.2325964600166711,0.4203494277773142,0.7863537792200082,6,12957.637114970747,10,4,730,0
64,63601.843529233796,1007.8011189513444,0.579423307015966,0.8809697796567796,0.9125716664327809,3,9909.70168746149,11,4,807,1
25,51000.12197391283,3890.8734899978754,0.19253753229903853,0.6607218004500828,0.8345165341285563,4,59823.46974383168,16,1,626,1
57,54112.10635900827,429.4092240842821,0.3583004053029068,0.8898530368171843,0.5658431297850492,9,12805.001667181694,3,5,460,1
57,43633.58121550767,2759.427460621593,0.6347038357544345,0.5032505912886973,0.7949935718589869,8,6005.601519564443,8,2,598,0
39,95341.98235976943,4430.428150995907,0.486620398745503,0.4864251504543404,0.4804004332042834,5,33720.43265215804,5,1,513,1
33,32685.555037930026,2485.470346923819,0.5576887401591614,0.8966533967669676,0.3866440000546399,7,49631.624620499584,11,1,638,1
21,37635.598750804245,3642.8888258255092,0.2632709325441862,0.9158227140070032,0.848570495976256,2,3645.0431917981296,3,1,665,1
66,49263.734513231204,2759.278184713139,0.8428076421904248,0.9166522210470532,0.8590457425959492,5,29406.2505130964,2,3,646,1
67,72804.22822161218,3567.2797541688683,0.40179736106888525,0.7960627848213264,0.3644464915168264,6,4110.140427419346,13,1,661,0
32,24988.776760154502,3019.054782027735,0.29391934612048437,0.49304522310068777,0.9471108587380834,3,25721.467073356976,1,2,539,0
22,27183.52751067958,3171.8676625113735,0.8186772564497015,0.2787544001287,0.6309168909502565,2,20637.6077262195,8,4,479,0
27,20000.0,1179.5879496714515,0.606996172974729,0.4259247490861541,0.9203214528842951,6,8227.765087983387,19,5,784,1
24,49747.36873125353,3389.829928363546,0.5718539836676829,0.8975528677901203,0.8465499511562913,11,55861.261405812955,19,4,580,0
61,29636.51166167381,1223.0125126566222,0.803724454341243,0.40902115081825496,0.9174117225194888,5,38093.21876714183,3,3,493,1
64,41231.27917197554,4416.753183113129,0.09975924333067676,0.7432098128000069,0.8750266488637533,10,50583.378034692425,18,4,847,0
28,66013.87231090084,1179.4849211331803,0.7620275852064433,0.8845536984274417,0.9636170828396993,10,54356.67175089059,6,2,414,1
57,36728.40730544548,1217.741215469922,0.6261847096593358,0.9248333384492151,0.7463336308037457,8,55811.119859309256,3,1,555,0
29,54397.68681922377,3892.2944180806157,0.3559938755631099,0.9055230248440527,0.4931730736430763,10,44886.87698216272,10,4,733,0
38,42843.016768354326,1244.8392064401223,0.2678986411452773,0.5717989580639345,0.5954247723617822,4,18416.89891405184,9,0,584,1
50,66333.57390850976,1751.8820120125167,0.139085014899324,0.5180980634532398,0.8236839266300211,9,49735.957131321215,7,5,779,1
56,60706.59561113307,3272.9526930698157,0.8499130447096865,0.9394944324527883,0.44889064564592873,1,31210.97468892419,8,2,561,1
63,35904.928052807554,882.6188948374819,0.17062528783010578,0.2854523238932608,0.9358006717927824,3,16299.23530960623,1,4,689,1
23,45438.12143902971,884.0085457582596,0.27052275537125164,0.25940072243204826,0.47932571558622683,6,23146.428599635186,5,0,592,1
30,78408.25772949599,2291.3412200464613,0.6374411026340494,0.9187049530839598,0.9018640850531545,0,18073.411846386516,3,2,611,1
34,58513.8988168971,1247.8960432007254,0.6536295722030937,0.6858155985505441,0.6547460852483102,9,27972.242400181643,18,2,624,0
36,26143.792844974247,1213.3292089468443,0.18665339891220484,0.5558584083284341,0.8795906934739447,11,46880.10828725473,9,2,838,0
69,65842.98210441158,239.72736209960453,0.7420114866507835,0.21224232391510983,0.9537262894110008,1,29092.040510552008,10,3,741,1
59,30089.30945083724,1792.9332421511763,0.48374417879990805,0.5362542116638799,0.6159528948077067,11,16071.514685458887,8,3,566,0
36,92561.7141914277,1568.477384859134,0.7711881763978427,0.9025879804933217,0.7888608607782792,1,5244.184480741845,17,5,587,1
68,77718.1793865748,333.96998655468275,0.12419258137041285,0.6124576248463709,0.4928320901478916,1,51345.36522777593,15,4,582,1
45,55851.32140797437,2871.3026663187534,0.08640549922963622,0.44393432907360453,0.8544950015074793,9,25042.11640658068,13,1,731,0
45,52614.907943370396,2894.6172826144225,0.5914418242701973,0.5684375512453591,0.8665531590483576,8,26515.352722477062,6,5,666,0
42,44619.9115097545,504.44202862673325,0.1775202275433443,0.8532233239651168,0.5360047935406616,11,45823.29421395431,6,2,640,1
28,66525.17843919065,1563.278720510648,0.49620668887330494,0.8759213619650285,0.3652086803565346,5,50983.589751888576,18,2,593,0
66,41487.598230644355,3953.0637875802104,0.061992445391832414,0.440074940804961,0.6216593086212895,6,30668.69447848023,18,0,579,0
21,54502.75020133424,2703.3183934516874,0.7129398714659703,0.6168518520691737,0.45710033657448357,1,37942.07002851523,5,4,649,1
29,72574.61361469857,1971.4913132515478,0.8146006446517263,0.33732222078040613,0.86568718056939,8,14349.402032339012,6,5,774,1
32,38070.198194342265,2199.9382923956127,0.7630503476696449,0.483422501734705,0.5144912851508083,11,56104.07673396158,6,1,834,0
34,37149.78515690647,1095.6039760739623,0.8645998911778556,0.2869002412656715,0.9445264593043121,7,34075.27608370451,15,5,427,1
27,28639.31014515559,3691.0904530440903,0.8176313914599712,0.5517514225857388,0.9622396454784402,11,43176.29342971158,18,0,506,0
21,30363.219324467704,4130.22023343916,0.42741531554681045,0.5915041147199627,0.9225666321643907,4,6852.783261154247,17,5,708,0
54,21530.42025878407,4115.855381675187,0.3885959771770996,0.3871612257111572,0.7277571209548898,11,38215.25714146299,16,1,466,0
68,68078.92378691313,1162.9178842768886,0.8117561177758116,0.331300555542851,0.518479642511127,6,22136.98694421199,6,2,674,1
26,110637.18730126282,1536.1831514387648,0.837897976053643,0.22837176563673414,0.8585728013448125,1,27003.778510709402,6,0,590,1
35,93097.07310271138,890.6779316810082,0.8769105560703314,0.2186121162752358,0.792005090161049,4,40929.721940544165,17,5,485,1
45,23582.54220313968,1520.9648746189466,0.7030696496163653,0.704741948357,0.9656160586416652,5,47779.65259250669,7,3,626,1
66,67926.70955151031,1631.0631001271813,0.22169050545017327,0.28839230303679786,0.5876687646092302,0,20961.914300101904,4,5,629,1
55,92962.1646341141,2922.3546693779326,0.8532110156941141,0.2002804679405764,0.38702383947566366,10,52394.21113407784,16,2,720,1
58,39912.1276837502,1015.4794406569359,0.8550702467937866,0.9490409362996454,0.9789833871685362,2,13139.418251501704,9,0,771,1
49,51310.53361941246,4153.406774781297,0.6162116593260257,0.32092902660569844,0.8781060928464915,8,33773.893995757084,1,4,829,1
41,20000.0,643.3277213668327,0.778688226397062,0.8616410681139123,0.48953850362808593,11,9075.928820084351,17,0,597,0
30,55272.527597019725,229.57544744763214,0.5269999579893594,0.6178080606891297,0.8071455555167819,5,17354.98634366322,5,3,709,1
63,30375.69684425582,3876.2640531112925,0.8525079035999643,0.7078096417857928,0.35043481029081025,7,53724.68816383556,6,0,754,0
60,53628.49119926692,3226.2101733940135,0.12984593710327752,0.5767810747746901,0.7014197064666556,6,693.4065644972786,10,1,844,0
22,24281.22471024015,1728.0474425307934,0.7843691420120551,0.25368951580097354,0.5785880918310259,9,54936.67131872681,5,3,692,0
56,62585.331028761575,2760.6487354135074,0.09717808468156844,0.8199938357347122,0.5902398159797049,0,19704.12203483161,16,4,510,1
25,77732.65388102409,1161.2396336087036,0.3382409943853174,0.8037768515137665,0.5040474778884078,4,41747.72519262504,13,0,553,1
57,34460.50147060869,924.0754891751167,0.16502679622297262,0.3972326455477273,0.5231524858490068,7,5503.097666050067,11,1,494,1
61,29389.26757953571,2225.9412810965077,0.45726482859347534,0.7492730919497442,0.6364412582293753,1,38476.2877401985,4,5,488,1
27,20000.0,1718.7076678001317,0.24740923429359946,0.5615842195927636,0.5063313723509986,10,54567.67678591131,9,0,537,0
42,43482.503147431395,2845.489217301756,0.8592615224338976,0.872691769476055,0.6438571665277459,7,33312.11552399898,5,1,624,0
27,37732.71351145314,1138.0414936124353,0.525423133605398,0.7824007156083727,0.713729063959387,0,21727.28989700855,19,5,754,1
48,24392.750694262286,3050.58911241066,0.8130711258581661,0.13484640433172618,0.7980001963970813,0,47614.657205771626,15,3,531,1
66,60105.60878271368,3497.5045373020967,0.2863496986934783,0.8473845763625695,0.7766017599301753,1,42763.52546229557,2,0,483,1
24,40035.15924570161,916.5354150224399,0.07208092595457669,0.9232814552817163,0.5024532420558496,7,7061.553655316188,10,5,456,0
40,30209.714342506475,388.59061869703874,0.7093067531313335,0.7308327722313381,0.3746894419697112,6,39942.09221259819,15,2,488,0
68,38194.33241400493,2090.2257137957567,0.6470210109761761,0.20192650122000783,0.8745895756386723,5,39879.35076509278,10,4,594,1
35,79386.7726873751,3528.3035697674795,0.5136678988230646,0.7862695063615521,0.8995570910676937,6,45115.270041581876,2,3,585,0
27,64300.43174149368,2998.3532929688135,0.7430413202698307,0.650365686230048,0.966700397431961,5,18978.41190841539,2,2,579,1
44,46234.810728812496,3218.0913977827427,0.7640717167509127,0.3880023698936832,0.9546182810587982,4,24076.678898447757,14,2,542,0
45,64769.96412599391,1932.209161971484,0.5497178118154478,0.8514259685137666,0.7493028368165799,0,57602.28339214871,10,3,603,1
53,29073.710326705615,1210.2658445882005,0.8710386230758465,0.5807316851851969,0.9133911734831943,0,34407.415246667566,10,2,690,1
36,49740.09092329938,2486.6490261238205,0.6617551554747282,0.8249887413664918,0.6322453041724749,8,30510.298625888674,5,1,420,1
67,52380.78207366306,1078.7724831215467,0.6253440697382344,0.6695966862966063,0.8460214530267771,8,59210.98153212586,5,4,800,1
46,39678.84968461602,3322.783397035783,0.35720852367484857,0.34523868814918895,0.9518607616217322,2,13773.457913763343,8,4,537,1
35,59632.51459428637,1046.9557606257513,0.05191979181000652,0.928765891481881,0.8516554910408284,2,23876.21460352918,10,3,462,1
68,34503.11695326826,1452.4320468716683,0.2548012728100513,0.5853547157486247,0.6119321805496343,4,45593.01369574734,9,4,478,1
66,61661.76455311295,2378.142546788923,0.6993324307924355,0.5392419555524901,0.5879883256520619,7,42786.03487716267,17,3,646,1
45,62839.331060419376,2292.852716817028,0.6533905662715981,0.4429831840152667,0.5336719351380131,7,58002.03858455292,3,5,634,1
22,20000.0,2783.6523185502265,0.33136882310558,0.21589257261603426,0.5812500203177113,6,39258.02044818505,9,5,439,1
50,83753.8623787849,2081.011782149643,0.581745528357673,0.6832809480307374,0.8669632969290879,0,18785.698394921157,4,5,624,0
48,20000.0,4153.735226593393,0.21599435755216662,0.46617931830494186,0.7919452023677034,5,23859.11802328049,0,0,499,0
28,37152.18776676151,3811.7166050479095,0.27408356137868745,0.8944206338022958,0.5074238831112864,9,5382.775441007392,8,0,810,0
52,77761.87997038795,3980.187840317545,0.8552968798171221,0.9203325933260635,0.7982671310071325,7,55423.21549932478,1,2,539,1
62,42498.36882706895,2906.9212570347813,0.4012034869952553,0.7524947270474582,0.589019143605195,9,7720.081364771543,7,4,849,0
26,25341.947555541814,2930.5340382014674,0.25823945515402635,0.3061205491471549,0.7013966794330866,8,32742.223444586856,12,1,660,0
56,29965.989141055026,2819.5543399785793,0.4640420098131427,0.7085827286833714,0.583332641844688,10,24083.707477048076,7,0,833,1
27,77816.40785768087,2070.0018640122616,0.37896349781926125,0.11735848832029717,0.6786264923180793,6,8053.416781964246,13,0,649,1
57,20646.951518180358,1585.0558045892292,0.6700996817467398,0.8024404273871337,0.8097764539083032,6,17579.535217487886,5,3,456,0
41,81474.55121470532,2745.6124160301424,0.8677986905172489,0.5195757820269498,0.8106123098909144,6,38014.1409542475,8,5,689,1
21,47820.23022605427,309.78689969533633,0.552976810789038,0.8962287024024084,0.8245050249596897,3,1875.0894666519469,17,2,614,1
68,28664.71208899408,232.06265512235305,0.5524751088963779,0.4210960351270703,0.5963544411588235,5,57959.372001077565,4,4,768,1
29,37706.89385007429,3862.059853076019,0.3601087799149606,0.3236975638112677,0.785012129035413,2,54545.737078203034,10,0,576,1
50,31015.707432212752,399.62339254377537,0.5299362921790011,0.9457978879426333,0.5003883278116621,5,5076.086779590181,14,1,484,1
29,72388.3996991365,2456.6191464336976,0.32142953642906746,0.5510761907852639,0.6507799048645153,1,52101.2129012334,7,4,451,1
66,68158.59270751626,2844.447380683474,0.05092826316549064,0.8337051610488724,0.7173573575860641,5,19714.273112894814,6,2,734,1
57,22615.19919026556,1052.136287376473,0.7861817469467123,0.8743985894178573,0.782483777981376,11,4050.266911546452,13,0,504,0
60,40879.48171800813,4051.6426045401377,0.4150274726934494,0.5406984058642098,0.9245574748051778,5,18366.77005751374,1,1,700,0
42,33241.90148129665,1017.4118185180125,0.4682752122958972,0.48735683669130947,0.5420042410200683,8,48533.2496530371,5,4,460,0
43,87735.28946118352,4003.4144456767012,0.12097577811203897,0.5699530615564976,0.8825301262263245,5,39949.887130075345,8,4,435,0
52,26700.975968379298,3480.8581581320514,0.7615439363945832,0.8205785774492019,0.5460082787658783,10,14313.576040223325,4,4,719,0
59,100901.80519449372,1235.194700154034,0.1947865098209518,0.9199611968606797,0.697702933992256,2,43150.58859421451,10,2,555,1
62,48291.8151755259,848.1999149872023,0.3990279849666685,0.3790737929642587,0.8717029038776235,10,42469.266870632346,12,5,655,0
21,29060.33651688462,1559.800653800811,0.7642257150042991,0.7278358248018696,0.805584251319905,8,44571.68181041663,19,5,412,0
53,36142.567948441974,1911.1874349621812,0.43911549918149156,0.34256830569646557,0.8936078913927177,10,32439.40005982438,12,2,484,0
26,34175.747075786036,1256.8741089453708,0.8414794851464942,0.6193100851317795,0.8633751512853153,1,49136.73912724218,11,1,440,1
35,27623.48840889809,4495.23365964402,0.2279171579075862,0.7840711499855298,0.5240987750187583,10,38481.73307741481,14,5,525,0
61,51157.893846824394,1187.5050458301985,0.6579479054615557,0.8535133759620993,0.9755501031784409,10,7523.952584663547,4,2,527,0
33,28210.174851555956,3771.729756026285,0.8812987450274684,0.4814087566373597,0.9403090122904558,3,48615.359265320105,9,2,568,0
60,20000.0,884.2063124890329,0.5171715916372642,0.41429233018100775,0.6210100113801225,7,19426.08630266799,16,5,509,1
43,41321.80427242919,4415.051888686574,0.638356313847394,0.3154338702092547,0.379741969683992,7,42302.083091837616,3,1,605,0
32,21779.28813505621,1169.7508706172648,0.38424266066085716,0.21340459485545943,0.541202904109152,0,40507.902365508344,5,5,805,0
37,34944.892839867636,2013.2607855694466,0.6886367387666485,0.410179933347123,0.8767760942757489,6,20154.7512622026,4,0,438,0
47,32562.07999962565,2601.825487101998,0.8225429480451698,0.8411811340356701,0.9490483642842652,7,9701.01950932093,19,1,802,0
58,33121.99252896766,717.2285751712013,0.6475972319929498,0.4559880887790425,0.8739533311837261,2,41697.48527642146,7,2,585,1
50,120623.98157638451,3712.3262901601356,0.8455394046738324,0.36969919093953874,0.5999482390608956,4,50941.4011847646,6,2,660,1
66,50281.13345078777,1381.1477905275683,0.5503547541934632,0.7282624078984525,0.3856179948023887,7,50293.879016072104,16,1,702,1
63,54743.666140111796,2561.8605768871544,0.5405668243833185,0.2832468008820479,0.6760771917260107,11,37590.29051198196,18,5,730,0
57,22040.143334941815,2563.425385980962,0.308933279892782,0.31784378211453007,0.5871209805837891,0,13644.436184087086,0,3,824,1
50,36523.69802546057,2791.3548050008753,0.653183367489218,0.8955223510875571,0.4274726039221934,11,18972.598038177068,17,4,849,0
35,54007.930910416835,438.5897420545532,0.7996596434927321,0.1693512387246342,0.41668760822513645,9,45277.6608563626,14,4,444,1
41,30913.92439919083,925.0606758757418,0.5993687922095916,0.45243650320690976,0.4464132367033403,10,24651.235782415668,17,3,584,1
26,73764.16175637397,893.126644570466,0.24808333750879552,0.5902385135355837,0.479668914232323,0,43949.84510809083,1,3,642,1
39,28532.142459108283,1498.820415488163,0.5124927475134335,0.2957216082724148,0.8248854379002473,6,18566.99955558754,0,3,635,1
66,43093.83553622109,823.1308744908614,0.6925468044087028,0.33886061159951175,0.590473186415446,4,379.09479220391785,6,4,846,1
41,37657.098777819374,4164.2616793294455,0.84845881764184,0.2885685600363648,0.6252710220229625,11,36209.40387937945,16,5,693,0
26,52782.99200695748,2405.7041371985933,0.18310664209247085,0.39340773625154535,0.7269802410393643,8,36054.981306324036,9,1,581,0
52,36745.809380082166,2881.373135121543,0.1583725273215765,0.863729891816681,0.9548840907821702,7,37653.28096679979,14,3,814,0
68,43394.92890775394,1737.1991542119197,0.40100200069797004,0.46684924458591537,0.8265755008072133,0,16091.138146108911,4,1,728,1
63,44079.119064409584,1387.8584064458196,0.15676949404321922,0.455154664044917,0.7567989467451566,10,48664.25701869534,6,1,758,1
34,35225.49922657537,2363.661831998516,0.8833645756293507,0.4285937481482309,0.8186142441729253,5,29248.010329821922,17,5,682,0
43,60979.452419221714,1465.5887917897844,0.41065871219017525,0.9194983678969381,0.8031542883047101,1,45743.274539090824,9,2,428,1
47,54571.92136148146,1677.6774806379863,0.5035689412077192,0.1997045207868433,0.7848570344263943,10,36665.60786257588,15,4,836,0
33,47104.49565668652,2146.8287593646855,0.24302461409885562,0.8410941077984614,0.6627364852849097,10,24964.24888813924,12,4,720,0
34,40388.23262819563,2374.6548548927285,0.43175720500638987,0.37808690756877916,0.7071136604881865,5,40777.61079843672,3,0,467,1
32,70153.76913472144,4432.550250661907,0.8869898446320369,0.9130348529495503,0.6407396238628364,7,34498.64136072333,18,2,513,1
69,44084.98777798611,1160.2871290963442,0.46538407866192405,0.36794315930710997,0.5988238531396087,7,30642.668003873237,18,1,553,1
57,42701.367329762594,2298.297508995383,0.05750033693381328,0.1704432087678724,0.5205838852064393,3,38913.63155515841,15,1,514,1
62,51385.45904432039,842.9004798041574,0.25614840071303596,0.5420356016996385,0.5737843167953058,8,5156.338582015763,9,1,679,1
61,105183.74028765963,1704.9967006442823,0.8816866059067285,0.2936857424134238,0.6199736589050822,11,54615.66536132573,8,3,646,1
67,26818.29831304644,3284.4360904375385,0.8907073863991226,0.7400413431523695,0.7150090251402261,11,20104.92276494162,5,0,495,0
26,69316.3162975854,950.1872181704706,0.2289191263059498,0.6587097755787612,0.6649213112378988,8,13481.577815221764,12,2,713,1
64,20911.88585380845,2699.8106224651856,0.5729744746672755,0.6834987842340202,0.41800784119467327,4,46307.78146057068,6,1,529,1
24,54055.84302002931,1991.814401342431,0.11537208092960229,0.26446606531904115,0.5641834029380741,10,13873.313225551094,3,5,471,0
44,99587.03579738447,421.79204093923386,0.5408253960779348,0.7023357251523694,0.5870018852190269,11,59746.1773920636,1,4,830,1
50,61077.622609743376,4212.223538357312,0.1570325962634718,0.36463137293328673,0.7953633580212482,0,25229.55249380658,8,2,541,1
38,52932.94936775134,1978.4935032594115,0.7458622950962592,0.9488729238510604,0.5597220131439363,4,17797.4645197886,16,1,504,1
28,38093.45414127531,3570.884103730015,0.8486387394619078,0.7220025136129054,0.35501216381832185,6,3723.9043575644114,15,4,722,0
30,49710.48920503571,1990.1480015467412,0.19703878684206022,0.6018497812972359,0.4031320726979262,6,2508.2506418292082,16,3,743,1
61,43764.214114660055,4230.649382788773,0.4433053433056004,0.8370501123332158,0.6631090033212448,8,5708.433668422077,12,3,468,0
36,34417.15897567711,1449.0224380442592,0.13673654870343904,0.600914944761513,0.46875216769159345,6,301.969728726712,17,0,425,1
36,43025.83262598787,1972.5917936570966,0.3382690060120287,0.5698373867592034,0.6616121191059166,0,19625.398764356418,15,0,782,1
66,53598.24062082885,3463.116233114931,0.10533309154644752,0.3017182623845726,0.7117493844142571,1,18627.264006048357,16,3,626,1
28,34708.93130615221,1677.7694557076848,0.274864548814813,0.6763951960266112,0.9380658786186934,9,25805.50472631535,10,2,605,1
65,34104.10989168351,1766.7354067412712,0.8916901170259063,0.4184477640120422,0.7630153523397565,8,13975.375394465886,1,4,589,1
66,26579.365298874978,4477.739645681161,0.08791277722319157,0.13662023364031078,0.3695556552590626,7,3764.46947664719,7,0,663,0
50,58444.114079761915,2589.1424604685135,0.7801230801758701,0.793652526914464,0.589860226519452,5,4269.751677176925,16,1,703,0
29,62654.79338205706,3164.3359507816367,0.11583469109098912,0.14409219165143058,0.8498778915923693,3,10928.782518310978,14,4,436,1
28,54406.95097223778,2966.8876068605223,0.49964739144975606,0.671455104414447,0.5141543472736547,3,18995.371612146882,0,5,519,1
34,75684.35308759121,3760.0738327732606,0.4343018235632438,0.23321275776217792,0.9327330350451518,8,8879.523012930738,1,4,829,1
49,50997.93581574733,3905.847927599495,0.8418214610175482,0.4676840890852343,0.6832767463950917,6,21907.06941686576,13,0,475,1
28,58477.9431419944,2622.0013696223314,0.21919238294232612,0.8302279097647125,0.4082420458479896,1,55333.209201731894,19,0,808,1
43,56203.080162222235,1466.5911223555172,0.20272971307268983,0.18025661674702464,0.5022524403135766,4,15696.180571777008,14,5,580,1
26,47042.5124118363,298.04106457236867,0.6864069752826575,0.6670780767697277,0.9209684954258573,9,10103.959020758812,18,2,485,1
47,38604.7334951144,2841.933979576577,0.6668615521353009,0.6207259311131724,0.9746196432401302,7,39886.57518013391,1,2,667,0
22,132769.34812963352,3749.5159830421644,0.6443045049188789,0.8374002844028489,0.8937000123174327,10,29452.862277641914,17,5,698,0
55,39999.49304200655,2137.321163700136,0.07220804874652362,0.24682464062545673,0.5520263113307103,6,2835.2409485554285,2,1,557,1
23,36328.398055996906,908.2364041107164,0.27096573371617233,0.7798193789404341,0.8343559778813621,5,47268.439869983325,17,1,756,1
30,59593.656960505556,1438.752913623256,0.7639109011761545,0.482603017230129,0.4900034154656411,11,42920.57831122656,19,4,428,1
29,54903.61579930958,2392.952396901018,0.5607294032382568,0.46434732561925873,0.5922490410923205,6,58637.901704420474,10,5,454,0
61,26051.843269270317,3797.7292416039663,0.5618656826223544,0.4075166982138937,0.7892159210184393,1,56298.39717373774,10,2,679,1
23,81243.42830766934,938.5385280942087,0.30152911459408993,0.4277380242665302,0.9604078436862739,4,35054.89761751464,9,0,659,1
42,46986.35132095113,2832.244465550911,0.2711471252734057,0.5419656824614413,0.6266949143722864,7,41161.277614836756,11,0,714,0
49,29735.027505251433,3439.4850399873453,0.8545716548155166,0.19077984948494592,0.662376945251002,4,24570.409439209627,16,0,782,0
46,83696.53447171202,4225.004337439739,0.6685919870252304,0.46130598939201417,0.48870617323916427,4,53308.03119174279,5,2,818,1
54,64961.75604731579,701.8258742190955,0.1578362001315619,0.6541840328005945,0.6040303279321,10,33168.52951196088,5,3,628,1
60,27749.02833546762,4183.484026907597,0.8470509008221992,0.5234635004225674,0.38970172284825594,5,19533.079580102727,19,2,625,0
40,109068.59531758628,2786.3104012502617,0.5450146290453466,0.2409550485221794,0.8909091142449084,3,569.4895145749523,16,1,815,1
61,65937.25030256275,3496.8168259588297,0.3333580119135249,0.4085939465228873,0.36470079120494625,1,35186.98589861998,10,4,832,1
36,48796.396552069506,431.2312511447885,0.38756852943965864,0.4765174232620404,0.7806204882938115,4,31526.033430893673,4,5,421,1
69,100267.65732027355,2376.437069254559,0.6665938337997255,0.6685435924380229,0.5221296719161252,9,48712.630671786195,19,1,627,0
45,52663.82165764871,2877.307598547413,0.369831753933171,0.8656513741568731,0.6499489421808918,3,11220.277578398183,17,4,813,1
57,48405.20441711917,1519.3855114532128,0.5419330792508159,0.5678191856996457,0.5273818172628472,5,48924.07607084048,6,3,422,1
63,36419.69387328636,2056.0958948353864,0.6539245721511442,0.6749129088997595,0.6020445208569498,7,917.0166153338143,10,4,839,0
59,63693.17530096805,2583.4819817022717,0.21606874771006984,0.16561118162349378,0.6944700684439988,11,35238.802661983944,8,0,737,0
62,60746.90025523386,2575.9561410238134,0.8526052633061669,0.911296974945454,0.7537628492022826,9,23811.144074692864,16,4,470,0
47,49345.707629361474,380.0045592494037,0.35274685572009834,0.3679273868021945,0.9423802701524433,3,19891.231280543503,13,4,688,1
23,34355.113141315494,2089.771596289237,0.40646854351537715,0.4011479872347332,0.5592865681186582,1,25997.758030003235,9,4,593,1
45,51972.41803181632,1119.4180656065928,0.6437372126876476,0.28941636354528577,0.7184602331734637,8,13415.489171944359,19,5,550,1
29,47505.0141928899,4141.788835767004,0.5674673259795995,0.1719695610007168,0.9180849527411938,3,11005.53918599851,12,4,679,1
64,26901.479298027058,4399.293957530336,0.4241018613983023,0.7715397716205735,0.5328460390087157,4,48306.413040086976,9,5,730,0
32,25277.866297353514,1488.481654313897,0.6022807342556727,0.30441656945024687,0.894981488109053,1,13665.498013838842,18,4,801,1
32,63216.39875597852,953.2972081795526,0.8174040614362379,0.34028457504351617,0.9532597107256049,9,44218.31966978196,8,2,587,1
33,20000.0,1143.8678490778752,0.7302410741486058,0.2545268351153317,0.8839210345449556,1,42681.63266655794,8,5,471,1
52,53768.051804566334,2254.334698017701,0.7506201584615576,0.928652488254048,0.7090121158452061,4,2004.0249424201484,7,4,788,1
48,39531.87644350843,3960.374076186667,0.269647147282216,0.7638795776873237,0.8049327901957758,4,52864.34521125271,4,3,550,0
67,88319.0383404261,2350.1557242318504,0.4064928469029919,0.8904147024835954,0.6530714971871575,0,47361.30780560282,5,3,741,1
41,39259.12993149618,438.1858653757799,0.5207462704059503,0.8324648619954838,0.7262711568033331,9,47764.03496540306,1,2,759,1
34,65957.63338049616,371.50809166651925,0.0875621962872605,0.8703522796134724,0.9639186621963115,7,48551.46313314161,14,3,426,1
23,41002.51853336915,1177.7810661782487,0.7043233533207259,0.5071789440718141,0.5082059503779933,6,34953.19374450383,11,2,584,0
21,51595.341638401325,3823.916493720544,0.3249439107528255,0.2449602217535354,0.8493046872006058,2,59602.85201326573,18,0,438,1
39,68293.94843426468,2872.3663974011192,0.29020666633486214,0.3778482842039127,0.668926884345526,0,10749.128428647306,12,2,672,1
66,39809.064940149285,2620.7187712810533,0.2703982079527244,0.348583789434448,0.46143014966207974,0,4340.155856500487,1,5,757,1
46,76760.82501344073,1571.569248105361,0.29087237560705476,0.7095637619611529,0.7554272898437997,7,42250.04834276532,12,1,652,1
64,31345.81220943716,4196.529241698605,0.33731260733415735,0.12182178336124107,0.8492289511170983,8,17636.23424374117,3,4,545,0
25,55969.75749739586,1624.0664533371694,0.5641008743647353,0.22073588268028052,0.7083161661737227,9,36493.99343580317,0,2,837,1
25,74249.6152812736,3790.260974407671,0.5460305236150537,0.6804523522166317,0.8775826646247452,9,23502.09677633056,13,1,438,0
61,65974.05721964024,4052.3851272963016,0.26735499056159406,0.20492600073037523,0.580497226874802,4,20011.449510060207,0,2,463,1
26,116122.41257974415,2278.340556829388,0.22546063508722636,0.1410480731548402,0.9256740283620888,0,53594.917475692346,8,5,564,1
23,34767.98625669879,4045.4438587671934,0.7524044615606533,0.19283288991951222,0.7584416629913862,2,8522.607516715914,17,0,826,1
40,26354.19743931893,1390.2541357815026,0.12881483702491156,0.6870730300866318,0.8559903747068847,9,11339.139263618947,5,4,802,0
66,31336.82495711562,3031.263732588086,0.4858994150207883,0.21842647049399508,0.521980628660734,9,40070.45117220484,13,4,653,0
54,65986.08430714867,578.2441186548609,0.4924767430608847,0.22435870696600918,0.6310608364988375,6,46956.06076590779,7,1,828,1
25,61332.50978541916,2237.9171205972934,0.5380162857898784,0.29575516724523443,0.9230589693962915,0,49932.869519095286,2,4,806,1
62,51329.221909158565,1134.526749280896,0.8028025985210654,0.7382740985670442,0.38206419681618536,9,13868.982980535115,3,3,664,0
62,29574.545703546886,469.88209510159237,0.5803268490805525,0.2702999754216596,0.6045084795448037,9,52926.805097367236,1,2,453,1
60,69223.12637866178,216.01968473376914,0.8775887013108199,0.1300690872155761,0.8416007545739166,2,36573.03938547332,3,1,804,1
65,28250.963722323286,1596.434100695476,0.7906501208464184,0.8699838522395494,0.8186032548121411,9,49393.1051348426,3,5,688,0
32,82580.37265378692,2734.9815565080803,0.23252922056412978,0.8448706606472843,0.8865223833847008,7,4111.31641219318,17,1,463,1
68,177344.1174355135,2157.4904948999765,0.255005813691506,0.25709615076200154,0.8158159108476082,10,21413.66015912529,16,5,778,1
36,57809.18869325489,1497.607983633833,0.343058015527895,0.3255412013074367,0.9466680539764739,7,31491.83906944013,7,3,579,0
60,63729.2335071796,4462.16013233788,0.3827872528181116,0.2602739357270948,0.6639035198705289,1,34617.421954937156,14,5,754,1
49,39269.880478989435,4239.957671912614,0.5200458522615412,0.7116043581174704,0.7433025972175733,7,5944.29324442237,4,1,517,0
59,21707.302540276993,740.3092194012365,0.24763573796188798,0.31250755156084725,0.8840546278929428,1,32319.49467613053,12,0,404,1
51,37375.709232614216,1984.9619346745276,0.23899340394670082,0.8917322937717268,0.7920652984094987,3,39929.18598558148,4,3,604,1
52,29977.342985819763,2990.0418161725265,0.3741814637628676,0.8034948707260335,0.41429573289041155,10,21695.70514588036,12,2,603,1
51,25561.636713433076,3354.010429378728,0.6212196462308393,0.6001409584342222,0.5812077651347187,11,30044.354656837848,7,3,788,0
59,106410.75950007014,1775.4002661108086,0.6349067711317601,0.10759749100665622,0.6981322029490794,5,17553.985298643594,17,2,451,1
57,55425.11631652833,3409.011794761995,0.8796992290342461,0.8511189954541667,0.8254720526327883,3,52230.01631231912,16,1,810,1
27,58154.55060915729,733.8450555159167,0.22205311883354195,0.718597399552671,0.6924475683557012,4,35952.39640140158,6,4,468,1
61,42656.712902174055,1626.7942886081303,0.3839302790784336,0.7697212870598554,0.8398560220717889,2,33076.43376815374,0,3,820,1
47,45351.93001721566,3280.662655750392,0.8699758732482014,0.1610514238861924,0.877693970171632,6,56661.445552662604,6,3,717,0
36,75663.24655102497,2890.435998119613,0.6365074312657193,0.7022761446857608,0.517030810285964,5,39895.89141960655,5,4,561,1
46,48312.63002154693,3800.003923905116,0.5534367460987163,0.7839010525805221,0.7381418490921314,0,16789.406492365684,8,4,830,1
68,62243.67931797842,401.48519746876684,0.5086991436911449,0.9131400527334965,0.7009795378128932,7,38505.18487163696,11,1,561,1
63,44882.267653986666,949.8843866391086,0.11418382311581807,0.5933999018650702,0.4932098691725667,7,57697.40739919329,19,4,685,1
61,42025.47240121549,408.52670376945576,0.8093677374935238,0.5318355741993808,0.6586231962192037,8,1413.4953556379126,1,1,407,0
43,26026.970999828678,1026.0911642716087,0.5816794331028415,0.461587271484625,0.695598019278292,11,37595.460420659656,11,5,446,1
59,20130.934120121212,218.41608572162053,0.5359172967388289,0.6960945288199472,0.8649241213796947,8,9410.09765318696,3,4,559,0
39,43577.53936928654,2368.104297219125,0.5085752918235662,0.8826981090074216,0.6404233060246365,8,48987.57066398336,10,3,509,0
54,50283.0595653569,2471.751900943498,0.38312707622294495,0.6097917914086303,0.40097706895984814,2,38441.071778475416,12,1,502,1
52,27480.76222730893,3028.9346600457775,0.26646498765675886,0.29319109528208886,0.6569964536862904,5,56219.36957817399,16,5,570,1
33,48266.17630245033,1855.123522964487,0.6920236875343116,0.11493785776280024,0.8779090949571525,5,40174.671725845794,11,3,673,1
34,50221.00544631188,213.7930699462912,0.48313239009741277,0.6262461505273984,0.7098909349663537,11,1033.1335894586812,3,4,456,1
23,20000.0,3097.7319639528396,0.07884860244583726,0.8349082048161948,0.5508850934523972,5,30621.230664050057,18,0,738,0
27,32473.962820121873,433.4516773160241,0.38923032480633873,0.15607898593739797,0.9302116972300828,8,54220.083816969316,8,2,781,1
42,58880.70649229916,3924.532852516299,0.8393130924894077,0.43793552761714405,0.44806037231441886,6,13938.180250279745,9,1,776,0
44,58347.770519049875,297.41214714413064,0.3678103773097334,0.8990398871687674,0.5559329210707804,0,4973.784250793092,12,4,487,1
29,29168.548092335623,2481.0430300035196,0.40124805673673763,0.5264254464782845,0.6253948550966354,11,43193.27215331051,5,2,796,1
41,52643.6879152201,4048.146894257739,0.5803669545967803,0.2875594953203041,0.814926069393302,8,30150.514016347195,19,0,458,0
50,77659.04075943251,2661.7051758917546,0.7314235832435,0.4006079500035211,0.8765204790392294,2,2855.7156836820964,0,3,448,1
32,69541.7681454093,2816.1920101388987,0.6181919500490054,0.4469186312655854,0.38689310003447563,0,16794.913946365443,3,0,726,1
37,46963.28456027065,3130.9266478508443,0.7725465214545045,0.19969608725427332,0.8489825668920645,11,19604.91885858572,19,2,742,0
39,39712.078272418665,726.3580452410081,0.14687499898459355,0.6616734072711494,0.8039329016079177,3,40071.68867925012,9,5,457,1
45,36930.57146673328,3102.186533485406,0.8359036703208516,0.6033396797286049,0.9136309520314443,0,28296.013242645968,17,2,587,1
38,60507.276064064776,3985.5259926551053,0.8183336425496781,0.6505644461857407,0.9172790842200915,7,29231.419593665112,18,2,584,0
57,53519.255708539844,4389.149581191861,0.4912762985977496,0.6191728333781596,0.8398411019560825,0,48396.22197567465,19,0,725,1
37,65070.8400758432,2105.123597240892,0.5810309021191209,0.11417125804508872,0.4698276910861228,2,16705.02591008779,14,2,631,1
42,52017.90243472602,1681.3708622134516,0.23089109267119146,0.24829342213137168,0.5477390491933118,10,40354.36449451854,13,5,670,1
39,70858.75282090149,3439.2313470641634,0.43075532228418056,0.24073620165398144,0.9398814102745537,0,22053.438289723497,12,5,436,1
29,51152.49968235588,2534.3594388098527,0.2222978567818405,0.18325876335329103,0.7268491789079303,9,25102.20285279626,13,5,839,0
54,69780.50294245304,1306.410014156631,0.06868017709986658,0.7251544072185349,0.6894192626652513,7,33354.14479024565,5,2,650,1
32,72538.31954535496,940.2789053697228,0.8837676079079947,0.20211663230671795,0.926896947227719,3,41738.80828813753,16,0,700,1
35,34131.05717599218,931.9902925487978,0.2702745383536743,0.6679649624327926,0.9007451016827887,3,56711.71565396247,3,1,616,1
59,21727.525216876173,2174.461257406454,0.55414206256316,0.2516317632056241,0.8083225765893198,5,16140.669753496377,9,1,510,0
67,98181.37232981948,931.5349441472955,0.3052128260071836,0.2005636515107374,0.9058189516205124,6,6224.713178524524,7,0,700,1
53,55022.44263091331,284.7914592493888,0.3650283771788696,0.23815054132366745,0.42171603563315485,10,25727.51536035622,15,4,529,1
65,22662.828426505752,423.981732369667,0.3880973247949336,0.5321429380573169,0.8272526989579421,3,32802.95992906037,5,3,498,1
62,35553.050001597396,4198.503538997753,0.33478972162604403,0.6486601333790923,0.9583533273840268,7,13680.216242353388,4,4,648,0
44,69379.2722799578,513.7337669885837,0.5917897954389454,0.7901361310489912,0.38085537913728473,8,53429.74643788512,16,1,560,1
58,43223.75148286966,514.676969498126,0.8667958299153152,0.20927787464493602,0.4905187606280995,0,47930.82095277342,9,4,802,1
37,38932.02132539853,2140.11031579419,0.414339452505298,0.6237587352779556,0.8502000849852138,10,29619.83480653163,14,0,696,0
43,92078.50774013827,1253.93121404064,0.8773277154461254,0.7577636594995601,0.677629713591311,11,27003.83598213532,17,4,568,1
47,30598.944201531154,4339.58356434174,0.6176276517430657,0.3655443957817017,0.4045695633609946,1,2444.475402276749,16,4,416,0
68,34229.084615988926,4117.239109840559,0.5660657657678577,0.16775824246232202,0.5188135583682933,3,32213.383966576584,7,1,553,1
62,53912.83818423294,1940.3959692864485,0.2515382740290846,0.2325540686065368,0.554157547951268,9,35744.825725433235,3,1,452,1
44,58437.01107846077,2129.5455334899143,0.1034826000144737,0.17782485042638824,0.5522695147629477,9,53497.906887146986,19,2,498,1
52,61288.92062969343,1812.988708224952,0.7741445547480545,0.8541301413692762,0.902933832165364,1,30065.883944788933,6,3,527,1
30,73869.63430992582,362.8243015654514,0.5378839043526286,0.42019641810619934,0.767082968135566,11,9442.645360687757,15,3,693,1
60,53603.00341262476,1459.2414087952473,0.40225178306114956,0.5448463143654181,0.8129978853724775,3,10803.414073400936,15,0,447,0
48,61097.2888920047,727.4959193315317,0.740172223775211,0.7533849290336674,0.3585491559997875,3,9592.045111405854,8,2,472,1
47,43623.69885158132,640.1924190650278,0.31399332519072093,0.4157736588026152,0.619332561865072,4,56312.09244333367,3,3,417,1
58,50423.581747945245,2611.704763626468,0.7160746675698142,0.6517372564334708,0.550226995681282,8,47603.35544162443,9,3,812,0
52,51451.26773137011,624.6888881683176,0.3287692600949274,0.16517787523567207,0.8867130034113094,2,49485.96757920322,2,3,844,1
24,54002.96120208528,642.6046923196334,0.832749008443539,0.5087698004333103,0.9509378819695066,6,50426.011128627244,7,3,534,1
35,69400.0532240843,2266.208973723199,0.2777718432882822,0.18204112124476152,0.6167047352398133,0,5738.078555395516,7,2,605,1
29,62932.346096420864,2101.8141700273463,0.16692099993838547,0.31104151957819387,0.9630281871799181,1,42130.611370896724,10,3,535,1
57,50005.9687009656,791.8295760691883,0.6433822020970001,0.34933970345614834,0.3590462985475739,9,42260.20275132151,3,2,640,1
22,34060.488851696755,219.1308066781109,0.18842016510505516,0.7099462333039046,0.5552032246514216,4,13489.302475844697,16,1,648,1
30,50536.54748723245,1029.7900996017286,0.8569585927456378,0.6729885583458657,0.8382066420958685,9,29439.946214354244,1,1,514,0
50,48406.62661165694,1214.3366929827753,0.6072218455305362,0.7350180755914059,0.5768627671992708,8,39745.853047109085,19,2,690,0
55,53472.97745147092,3641.0683075181305,0.2462315620918471,0.1524917901517349,0.9302062681380873,11,53840.186214757836,6,0,403,0
45,132314.42652847723,4136.384907267025,0.22749609414261446,0.9448270803470898,0.4876328822738222,1,6625.5306557990125,9,1,689,1
63,38727.3849282179,1945.5609091982699,0.8352937832523584,0.14625702440330357,0.8512700382167098,11,53531.5892403981,17,0,737,0
66,59280.165903400586,1941.6149239542046,0.5666792259224073,0.8018856227232809,0.4770724190135903,10,55344.89799563035,13,2,423,0
27,79285.2930090628,3263.669520167427,0.8096756056715543,0.7292285934584553,0.4741760981338877,5,55416.59008944284,1,2,725,1
67,51231.039180939406,2895.7646675301626,0.14369142411895142,0.6029975219180469,0.6308220957814628,1,290.0935263106974,12,0,731,0
51,140369.04985259677,991.8028027816594,0.8365833662422998,0.4730285903732391,0.9453125706481095,1,13259.92636528913,11,0,837,1
52,41352.25852710098,663.0632258722039,0.49204191519497503,0.7435625002796552,0.7188366259984793,6,41474.71416152227,18,3,762,1
25,56717.61717694503,2081.7311298167187,0.618158628881648,0.7288791327785191,0.7500707237703554,0,19304.386859296657,11,1,409,1
51,34219.037314326095,2628.7619615998806,0.3669441508100885,0.21660158516633382,0.3561315836552282,1,3664.997490951767,19,5,436,1
56,41848.61032133499,796.4426935828798,0.10026927370495227,0.7737376020167397,0.38566757891801207,6,45776.524832956246,10,0,461,1
49,54831.50736762415,1461.0760216563115,0.8642765751405548,0.16677344781972048,0.39216843616644476,6,1715.5315479052092,3,2,661,1
25,71742.37297979652,1515.5548846514719,0.8954085797422098,0.5254642208092546,0.8663745700365763,10,26761.279675928632,10,4,720,0
46,56590.28890253639,1323.5822644039054,0.3598648214463765,0.648319552582115,0.4992168367077514,11,56854.56544532935,18,0,696,1
66,86387.79491023567,2181.2734450547014,0.8522877402891827,0.7984355287689435,0.5571680563224076,3,26413.969581845085,0,2,548,1
56,46970.05783007536,3008.173412574876,0.1925673473173296,0.49364368537909564,0.7342702505362577,3,54713.23712416839,7,2,490,0
27,42214.71608265718,2390.3764995487672,0.18148178220978922,0.3013293659303734,0.717891220121591,2,24540.254755753227,0,3,428,1
68,165511.05982038492,1066.2632176635802,0.11214506400779575,0.5170606731381155,0.6086335834681174,2,20801.166546117573,16,5,568,1
67,58536.56860302958,642.6379023038189,0.3825789964465281,0.31267689387155206,0.35270912980194824,5,6442.968155941407,10,3,535,1
29,35462.57891097849,3734.0429904644116,0.09445691265435929,0.549416574237726,0.6332496222820139,11,21485.454541631952,14,2,536,0
60,35867.30039848547,2261.0101356864784,0.3854586111709622,0.49313195564054013,0.8154960479036145,10,20219.189401308387,19,2,439,0
40,32073.776329281503,467.198491775672,0.167631864352218,0.7634288111878352,0.4982007686550369,10,50793.071158619096,16,3,531,0
50,74716.49849608284,1309.9224484930994,0.6709486262370138,0.3040765964261496,0.7962655464725054,5,55194.910452959164,8,1,776,1
42,41607.2711484433,3657.3452470518655,0.7583582519359469,0.26998740656178855,0.35954627648488524,7,1315.8051451997933,18,4,508,1
59,51912.40791283073,3432.4231965262647,0.6346431136268449,0.5030575386319159,0.922044916718155,8,5895.384632820044,9,2,794,1
69,47639.67000046093,3966.0115214587245,0.22042002957073248,0.14292871041222308,0.9485247008231481,2,38593.70802541099,19,0,438,1
59,68129.90869262409,2788.977651807276,0.7018209639717624,0.29493953417017993,0.3515507345574723,5,29084.573285429662,19,3,686,1
66,33488.760638875894,2018.4955177396366,0.26207516747828374,0.40064917705953806,0.6384256006981027,6,17812.71810282576,4,1,448,0
67,30211.939449239926,2034.530489484138,0.6955653074232484,0.5144852556767737,0.6107078223503615,4,15594.42358297968,15,2,573,1
25,54226.97667482666,1034.200191319658,0.5322879386619322,0.3290212045415595,0.880386514229289,5,13480.47537111719,13,1,829,1
33,64243.23324807769,2998.435534526892,0.3617056388475282,0.5765410205021454,0.6906546025336593,5,31527.052155488225,15,0,745,0
56,56933.519461539414,2715.7956511992725,0.12096852131364903,0.8466524664783958,0.735160246059712,0,1048.796189229604,3,1,631,1
49,34055.4658153351,865.9169691439944,0.7533830833359719,0.5621683421539617,0.47757878194444614,9,44333.06258813748,10,5,684,0
23,66494.07859141049,4008.350556195112,0.8487049826784916,0.343813593475967,0.39855074083816094,10,18023.280473443865,3,1,697,0
25,35075.65513122652,1784.4132742355673,0.6160301130005419,0.15268382620196766,0.7861685912250538,9,25609.887074134233,17,4,756,0
46,38766.33947767079,413.8766917405945,0.869860331689423,0.21616635903607512,0.7410258749407399,11,31623.131870523517,17,2,666,0
51,32055.39932616702,1609.8879593530703,0.8439947061865425,0.577034763265112,0.8743671024094651,5,12681.576163658938,11,0,629,1
29,88037.77448724472,3940.383873259776,0.21541714068319057,0.6811525123887228,0.8821505718884949,0,53022.15884542213,2,5,434,1
29,65188.587448639264,4142.913319205673,0.6715304963084815,0.14221775202096,0.7475522226029501,3,40925.59531069604,13,5,831,1
27,64359.96253921977,2308.713194216424,0.34690909652204033,0.25771735525645945,0.6891676712586815,10,52217.78052417998,8,1,654,0
48,85926.29213234261,4312.261742315697,0.46438975648078207,0.371219080075085,0.9258252094774662,1,28527.03631585408,15,1,530,1
21,173805.50431473687,3963.539779611497,0.18342061647651892,0.37180714254842706,0.8547964055869599,6,25947.627479364583,1,5,460,1
49,22716.532747401456,3748.492083526669,0.8785625138490046,0.9146459620512668,0.9059277468295742,0,14228.554110548497,8,0,671,1
44,35162.32720511989,3896.7532781334858,0.6672167756149473,0.2732050082510592,0.9773797659126154,3,32690.421672447555,7,5,752,0
43,37150.08031747884,1842.064272325941,0.2768720631863229,0.15314229705724255,0.6042086462929028,1,35589.81439907439,19,1,763,1
54,33427.3989300664,3452.8164452488377,0.36575093664282843,0.4000626049154712,0.801668837243173,1,25195.402622510235,5,5,798,1
46,30184.612045186594,2682.557713227442,0.40911048780446674,0.21427567537522757,0.7834827235958943,1,8722.953618758338,19,5,802,1
56,42836.94118812414,3294.641207483319,0.6854036655222642,0.20759467036542076,0.45970990939966394,6,16386.267737736187,18,1,680,1
58,28354.13993987321,964.4802625973309,0.8368426767541469,0.44633306194955913,0.7510256178066173,8,855.0905710420054,11,1,826,0
66,56997.863598821474,3344.9938206322504,0.32322411303688586,0.36043246836245635,0.6196962438037094,3,19148.32606907485,3,0,433,1
60,50174.602162915326,4317.647467034938,0.4516250750383566,0.17796775973205559,0.633900421771638,9,34845.5385974524,4,4,577,0
46,60868.00213668842,1501.452286240147,0.554226436909496,0.6136579150133319,0.4634869336080558,4,57342.665870220306,0,2,617,1
45,61603.73638219273,4440.493693009196,0.3843423935402682,0.5264448011172975,0.8191857880656603,8,10673.807783365713,15,3,714,0
32,64302.45462323863,1827.0168636630956,0.47855412486083243,0.16553471860860958,0.7897028234973011,6,3327.871831648781,14,3,534,1
50,41438.51239269122,1058.8110371904413,0.1398514846670867,0.8333328029120226,0.685342787571363,8,17778.677272287725,6,3,530,1
27,127327.08552830329,682.8307881410251,0.19252322956214118,0.34200609948048283,0.4487330904722675,11,9407.861890116186,14,1,806,1
66,54474.82800113116,3575.3362271391643,0.39093606863712316,0.9171736672051024,0.7008248147749898,11,41731.13981364337,11,2,692,0
62,21202.6586606607,2585.749221619244,0.8276981600049697,0.8918078376728767,0.4130840559526228,7,344.94987159993775,16,3,685,1
26,31223.644221556304,1520.664562746724,0.34695433888293853,0.4689821322859399,0.5638043764696216,11,58852.02553637277,1,0,482,0
59,22399.046163222225,2816.3365901131588,0.2623238873142616,0.29428189937258464,0.5845854409594091,8,51340.00051574105,3,2,625,0
26,49404.68729149998,1628.0351077163205,0.6814328877218845,0.8096248056506891,0.906557997300606,3,29440.23552452272,16,4,589,1
56,46406.167478474454,2127.9383565123726,0.8567606411651179,0.4070929653790798,0.6118041075299626,11,55256.53318841442,7,2,679,0
25,39704.048386419556,3909.4557407382918,0.4402550745040153,0.2390180904706035,0.727036017234252,1,37683.55995943663,19,2,814,1
44,121165.99580414755,3073.1158504944083,0.057314212232105644,0.5688665584461,0.9011107623795098,5,59625.89260135017,17,5,525,1
53,62758.05989795226,3478.3279107302806,0.6349269317542753,0.5159920762960759,0.6182284464160466,1,16698.372084568044,1,3,764,1
56,67964.73608436373,2709.022271319178,0.40280168137372313,0.8225151969918629,0.9067332176445612,9,59814.36855705081,8,4,685,0
41,32241.732424433478,4463.01161020817,0.622598706123783,0.7198891728634322,0.435970626891783,10,10814.837527324335,14,0,623,0
66,31269.07280975155,1238.0632850508384,0.286059038454823,0.8447185638112406,0.5798511890107747,9,21205.10205834242,2,5,827,0
58,49839.467768075396,1327.8519910909035,0.05204692224441806,0.7244974755292682,0.40967816691187264,1,56119.44482040567,17,4,466,1
31,52989.72007347065,598.0034365748313,0.34282178593376317,0.6458487165506274,0.7033856664472093,3,22232.53711522311,1,4,705,1
53,21261.640121369386,2582.2838589040553,0.6490734912210003,0.5251505794354608,0.9530876980569155,4,12590.182624191995,2,4,579,1
56,45200.428222190414,2837.444716555982,0.38414629055781085,0.9394202960719803,0.7638796562523971,1,3569.2263283937464,10,3,706,0
37,49332.20722478957,3321.634763464925,0.23629801870524209,0.9152901004001465,0.7444276389297115,6,8937.492583326417,4,3,462,0
57,44497.259206972776,1642.4174815818224,0.4444058345139863,0.8215250343053871,0.5252399383131772,0,21313.40641927115,12,3,731,1
65,33995.18970906378,252.70424801961695,0.6894962448036276,0.7590213317176986,0.9365972579325667,7,25273.923148122532,7,2,430,1
61,38453.66035282287,2918.587009479776,0.15151812377346013,0.5909256176007353,0.6470669144086876,6,32547.06806521438,5,4,556,1
58,45270.61216600454,4494.390617837646,0.6379892285996507,0.32079035644727577,0.5182112934188661,7,48815.27967163084,16,2,807,0
52,51065.27578301299,1466.5622212969677,0.6172424202333553,0.84412317302477,0.9722509876727947,10,804.8909891030487,3,4,684,1
34,64354.1184753842,990.9181456167848,0.3651271977323106,0.10919371464711407,0.6165680782906855,9,50466.96787383461,9,2,621,1
59,79728.7312451857,1411.5979186533186,0.8747857626725704,0.2933239717748432,0.5840443589180128,3,34634.96058138655,3,2,548,1
38,42939.3324161492,2029.286541541303,0.8104995045582988,0.44317257832179935,0.37202559839826566,6,45388.68349707012,2,0,440,0
47,39923.87168213913,1278.925594496028,0.31873725868175934,0.5982335819489611,0.46232583308115,9,45418.75324245146,4,5,450,1
36,59691.50850042828,1691.9281090803786,0.07642742938476663,0.5767474223063025,0.8597905536955366,10,54192.16075843714,5,4,722,0
36,64529.65808579695,2944.2889758912593,0.31205908573331514,0.249443452427492,0.6540979158993546,7,5602.81253006089,8,1,523,0
28,40320.2783012228,1683.6203434232432,0.22401365115988675,0.189078469841502,0.951571077962872,1,34290.91730138429,9,0,433,1
68,69959.8695598583,1903.053462569715,0.5151641269404539,0.2889795884474877,0.4028480560308562,5,54541.77170368924,2,5,597,0
28,76176.88913800371,372.13443003683494,0.8309327580048315,0.39640247056201106,0.7380443687110121,10,43152.378842293154,0,0,578,1
25,87663.32549545895,4147.152756978339,0.7897868835318933,0.11194563473207328,0.8035900129522886,0,5795.094689792275,1,2,831,0
66,109124.4669128022,1949.6096276338708,0.3099547823151027,0.6885874474673773,0.7413453696727001,7,36837.85865278541,12,0,503,1
48,33193.61236016186,1611.0171189496155,0.41430790352229147,0.31056832037686777,0.683822862879289,6,47992.85455205668,19,4,520,1
42,49328.34747129127,571.8820438551534,0.08106086921763149,0.39869377106610804,0.7143279418133879,2,16491.707178341927,0,1,474,1
57,49270.21225268011,2926.9878261992894,0.512538981501777,0.38466643699631453,0.7844162425671446,4,37949.59410100283,0,2,484,1
39,46904.40598009449,3914.4472861341465,0.10386278304311952,0.5350553307467435,0.8938560324916434,11,50424.73328364865,15,3,640,0
27,36601.030918885706,376.9587602253213,0.8478152412947347,0.8308297637804193,0.561897125899352,7,31432.017354489275,14,2,500,0
56,25121.946321850315,824.6716096739526,0.7868937596244314,0.22698146047971002,0.6395820706782507,11,11651.232050725537,14,4,723,0
29,51108.48200191482,829.4762642106915,0.23205948247187752,0.3896180462465795,0.7506230395688176,5,32980.92732700465,3,3,767,1
48,34691.152186417115,2789.7818779955096,0.6444633778827387,0.688224486572016,0.5479560499656619,10,35280.23598929691,17,2,619,0
67,50954.94380041818,4161.291161688986,0.5328173250683331,0.13759670128837126,0.46263320554641807,7,24171.166334043588,12,1,507,0
66,34292.44704840713,2082.4039783816916,0.7311540556387556,0.8054818398878901,0.9586863167702239,10,40776.99747165583,3,2,769,0
38,29886.248714380337,1678.3677272335578,0.4543042907387919,0.9175513694228125,0.47267919994162944,3,25999.973681303658,2,1,834,1
59,54471.5737586382,3493.1149480657723,0.2130061750659113,0.6164916221946922,0.49662185010341797,4,52644.30525926844,12,3,812,0
51,52465.688737282144,3393.046965549301,0.593866890104407,0.9130321153761131,0.7397722433040332,0,47497.528050730914,15,4,814,0
44,63619.60058161537,1261.0513988920013,0.11823827794655326,0.4511025550169856,0.39874203525054674,2,48286.311950949006,15,3,763,1
27,131089.90898373033,891.55335792391,0.5468997924931588,0.4527769710568663,0.3714500219035801,1,31564.602316397126,11,0,732,1
39,55535.64184634281,1738.5831393860324,0.23079908464478893,0.19031157300142182,0.39032857039736957,2,11780.869235440234,10,5,830,1
52,60979.12034768537,3535.0945865745143,0.6321959715550263,0.13012989474980424,0.42765609684503403,3,43465.309146499894,13,4,552,0
69,30184.909770504313,3188.7725766344065,0.7538366874688923,0.3078286704143538,0.620394023144538,10,4135.2810947658945,2,4,818,0
21,27471.15026630823,3063.1709373316826,0.1430960198897616,0.5064093585359756,0.8724342053826295,4,31054.496169179234,7,0,409,0
56,99934.79987230398,3766.5428087017767,0.3902282693263035,0.5315300322334556,0.5654422926501822,9,3178.7448888910453,1,4,774,0
62,32352.096318835323,1391.6603430679932,0.6734933496095973,0.2849390744802183,0.6193447912278744,9,31705.1212414207,16,2,550,1
67,30645.01139746845,1660.6400195188935,0.18914760229102973,0.6208848234622134,0.7281581884865962,11,41155.33014773431,12,5,531,0
41,48165.847242364354,382.05963761945674,0.5315451195303562,0.25402499361262976,0.5403509881429696,6,25151.89478515791,15,4,703,1
26,47071.048711747804,3935.6068359551937,0.6210631345943647,0.3772794692287351,0.6224988636238277,10,25014.189993259235,9,5,478,0
34,32658.87996331984,2704.447860165366,0.3515745661534749,0.2663530879109283,0.5933763627245473,5,7367.631016449621,18,0,847,0
62,42734.50923318004,1481.9258550998813,0.7571849330722109,0.6921640599916168,0.5653866312395125,7,18110.976317901575,18,3,727,0
64,85239.40219096097,498.49108523227187,0.4840594572897067,0.539086631988965,0.5946876967736836,9,26656.423235100396,12,4,408,1
52,34108.53332244279,3310.6608635985767,0.5829456139494336,0.7256859342117231,0.35700415755959986,1,51813.728317813555,16,3,780,1
27,26182.522370021354,3419.5713340609627,0.1697418771990619,0.14866094415290224,0.9083442209165983,0,53878.79414034459,13,4,448,1
26,74919.32368874105,3064.568204094597,0.06968614835276869,0.46155776819987027,0.9657284823926752,1,57214.80612045512,14,4,770,1
44,61177.43004535953,1076.2581750709369,0.09313628520123834,0.9219147921342075,0.8933726005921672,8,6015.821827600822,4,0,765,1
49,37077.538007867595,4126.829051587001,0.8183321259684835,0.14557658750040908,0.35361763265417223,5,17772.648676133256,19,1,689,0
22,24053.236559138462,3438.579481789768,0.8002460266110135,0.45562188624156785,0.8230578944176118,3,27774.77512520088,3,3,670,0
54,35063.62297650728,3028.3521914110725,0.7364527232875662,0.1343384860272775,0.7110531087296295,9,38504.62946340314,13,2,773,1
47,47828.78832568886,2999.0588707136862,0.21967027754963164,0.22465532282517997,0.4093301939348827,0,42167.909375969604,12,2,782,1
21,82830.56712697513,4088.738110394057,0.49663985415707773,0.4931474838370937,0.9377012549741465,2,47160.97731713499,1,5,718,0
25,30746.70494733049,4191.720672317632,0.7266995354661174,0.2338863880314447,0.8390167914102612,5,29752.42860360923,15,0,476,1
43,47191.35760973411,2761.240897444032,0.6234688040674078,0.5409421112192666,0.441536660462299,10,33395.055997613694,1,3,699,0
56,66424.09173232724,1991.678467138958,0.14819301462454698,0.8843219303545591,0.9573461007069025,8,57634.24134309268,10,1,490,1
61,20000.0,1764.0561121054898,0.8112100198405602,0.2703464244678127,0.4295052142707032,8,14401.696787381752,16,0,420,0
42,78057.71559487334,3722.0390166471066,0.18658003386126792,0.19110853325536814,0.6364483234608486,8,48225.58457305048,2,2,468,1
35,28793.278184378094,2971.8029612876344,0.19602633940133513,0.8014850776855091,0.450154711575279,3,42709.08206144726,7,2,607,1
68,56919.767758440095,532.2439300907106,0.815857334795102,0.4912293703016919,0.4446202008864798,5,8405.39020368637,10,2,833,1
43,54775.99980959517,811.399855964617,0.46192439823033865,0.8502194340175171,0.9597176151760044,10,55589.50156308627,18,0,415,1
36,79862.67499874567,4070.7993489508394,0.3669580520629968,0.3602048004655791,0.7104373522771743,8,51321.36936758691,7,4,433,1
42,62812.914197452854,4003.342036849354,0.5206082309533481,0.6334022044090262,0.5132801981465915,7,46770.279173803574,2,2,441,1
21,20000.0,4292.879529399116,0.8841877329072947,0.8848165211564146,0.839131603645916,0,7606.415025213558,2,3,485,1
35,34435.708362818405,2039.759159511792,0.15168588695488644,0.24594142953072004,0.9014039715605796,8,8380.231865571026,3,3,643,0
46,52166.3175640538,3571.4619028550405,0.6934065214732555,0.7806192754095927,0.9280904801763006,4,40991.90749191446,17,3,769,0
66,44902.96248818495,3761.3676174515826,0.33417698290750836,0.6367892373683581,0.9377805317091293,4,6436.200910745924,15,3,421,0
57,60774.45480245368,1557.4966951042304,0.14949188022048016,0.7910047329329953,0.920516552745836,8,6798.936354169745,8,1,761,1
59,69927.54755269186,824.9521582767115,0.4086433520499978,0.24508934321014195,0.7525274094337395,4,24016.768017246544,16,2,810,1
47,64460.20150381733,4487.213355048443,0.5164399460664802,0.4689734997864604,0.565753989378446,6,322.6733265373105,18,3,435,1
26,44514.76789239377,329.9425761308046,0.22506739206892484,0.20951164420540977,0.9331076367864958,0,43289.004168959684,17,0,602,1
40,21357.288561156114,2768.5444504592047,0.3944790402321121,0.9160697917875599,0.42717281264024315,2,32412.419590489593,0,4,766,1
69,39935.999452327036,2995.9127789813483,0.590324621651447,0.15328796451611432,0.45634388348201504,6,4690.448952879049,1,2,714,1
23,59122.430534671774,3131.6941704694877,0.5399808167621889,0.15566088829523006,0.6233113505122871,11,32614.964907740552,14,1,483,0
64,30010.384067973002,1299.1992990670858,0.664686504946623,0.8634327633544469,0.5287089135943044,9,3245.2723726156773,7,0,466,0
54,65125.641451784126,3302.790750485058,0.7609438529967911,0.3556478259170237,0.7379116729610389,5,4241.766359893943,3,1,600,0
34,73775.13161170344,1130.5181221094417,0.3977692820039676,0.6074670279200776,0.9203402114677126,11,29127.97140908724,12,2,781,1
59,51900.834048999495,3764.8644997322344,0.4095221841428933,0.3443541995712107,0.659349735614642,3,29989.395030938707,7,5,826,1
62,20000.0,1142.2016985639284,0.47218831428688013,0.6514446192834018,0.6989384738536752,10,20339.6863735922,18,3,615,1
23,27580.388478961424,3195.8359250271333,0.531400371624108,0.26359896387952314,0.6165742492580882,4,37306.2874987099,11,2,638,1
26,114552.11157328932,3568.677989086096,0.1420742731022079,0.49003903934374893,0.7957685707848413,1,23241.504159287462,4,0,651,0
53,38332.676859919484,1012.4667269874117,0.3157400510655579,0.5534683485633353,0.4134339313031147,0,35217.63474077924,18,1,620,1
69,20073.093181913096,1223.3418968201918,0.19610802607047062,0.3835964567440605,0.3806116281337337,11,20987.096243978052,12,5,691,0
22,85464.92396603285,3550.1460765577776,0.3779748479925118,0.3139455195786093,0.7540432388928926,7,42898.01787953854,5,0,523,1
53,49316.304044246695,569.7955780302973,0.877350961687931,0.2191756675205343,0.6869734834471157,1,34757.167047574054,2,3,642,1
27,80597.52493582526,1020.2720956066557,0.5453213131788328,0.7002226858617319,0.6066355582822079,11,9602.612810533652,11,3,675,1
52,55527.374026905425,2158.7828966166353,0.4149742919324643,0.24304030859525974,0.5604153643838783,0,41176.13131066319,14,1,653,1
51,60255.64930137512,4199.782293602513,0.5310463609401525,0.34830743250992297,0.3826386897471691,4,47036.15535200751,16,5,838,1
25,57719.719976931956,2616.074690039945,0.6187150721131024,0.38637244992403985,0.7787503823208186,8,3952.4440773649585,2,2,735,0
54,67095.33117029034,1867.0147472953695,0.4197104437968408,0.4862117774327196,0.6155245475670519,0,36597.635718036574,8,3,730,1
64,136604.29965257875,4406.991955556649,0.4305533336149541,0.6971833946175569,0.6305188648973585,10,47425.77936078435,19,0,762,1
63,75883.37120571411,2193.958616751541,0.6461909599744523,0.46375336445564963,0.9128702563894918,8,6879.173866716206,13,5,637,0
22,24073.027623348375,2065.060386856173,0.10173319572484607,0.8404295782201608,0.8146551659897916,11,54099.145184101864,1,0,537,0
33,59933.90686954689,1970.0705626172112,0.5090684830450926,0.6778177996271568,0.4882491836767736,10,24887.92717516536,18,1,641,1
32,81933.75596298317,1542.374312209224,0.5152286403850462,0.812713708710653,0.764014892808723,9,44270.38926592309,13,5,814,0
43,84222.32966061926,1600.4876818716127,0.6932394219591238,0.7089008671312995,0.4333208506573043,2,53942.99080975604,9,3,795,1
28,40458.326888235955,3157.6993576968416,0.8852480394861594,0.22633702986153467,0.47226023674685014,2,59378.229052216986,15,4,559,0
62,82803.44951664914,375.5930685700889,0.726391568768787,0.9312382065844766,0.7999140216614338,2,35035.503841877384,12,1,617,1
59,74420.30347774544,3131.8119202791713,0.47822032075289783,0.7685983259031107,0.4293109634974354,1,42256.43571018925,5,4,522,1
60,156003.36345939263,1065.1793419412531,0.19403520266610175,0.5868135033389106,0.5265221893637161,7,15101.980447045193,15,5,405,1
30,34978.86212315052,1852.0944137793194,0.550021825888195,0.24044629962740724,0.9157779688296298,0,17402.782331123206,5,3,540,1
21,39013.762232434754,830.1175820094276,0.759154053705783,0.2467785512921283,0.8151387513173738,5,51046.16561415569,4,1,445,1
65,42712.480000708376,2576.82948951162,0.8425519540985327,0.6221814986311204,0.9355594961138425,6,23894.63421914037,11,5,561,1
35,39316.51869139026,3336.2069132942006,0.7515138225699856,0.4537675630517096,0.9055550054355581,6,49346.037265682266,0,0,424,0
53,32842.893299920666,1725.018977042368,0.21062331540817897,0.6744805754378739,0.5469250358444468,5,3035.8088723071664,12,5,542,0
65,20000.0,902.6912834231307,0.6556894846969317,0.4165635661647472,0.748397783723053,2,13095.205307574744,11,0,721,1
22,40311.22466515932,1173.974002304055,0.7981317053629668,0.5359183957381056,0.5885782772167172,1,10205.645338209173,14,0,779,1
21,57884.85900534327,3717.885549659962,0.628864421632929,0.25976433226936774,0.789175728924449,11,31624.04818214744,3,0,799,0
21,39263.48258287675,1350.8895607573654,0.632889234788983,0.2319209726497526,0.5695279236400752,5,4831.832853397775,11,1,652,1
28,117116.15892437109,3531.2211499482764,0.4751379433134169,0.164298049143717,0.35082994428443726,7,20632.226245278485,8,4,645,1
23,49316.75280135255,1624.1574492667075,0.5914297888066794,0.7966934091637694,0.4091810755582248,6,59174.70659103578,3,2,835,1
61,87637.39547636184,1011.549983674739,0.30022361133956793,0.572078313842712,0.8357377655203475,4,47653.028202022324,9,0,650,1
50,55140.468755441994,3327.4268063979534,0.12548857376788342,0.9050698839206629,0.40292330420652445,8,45635.48477519768,18,2,437,0
69,71102.89195608399,2214.7436267433886,0.7535576690335904,0.7370633391554288,0.7276362904413527,4,8106.8819664325665,16,5,821,1
60,55584.44635405602,334.49218048166756,0.8516726612827883,0.7534486862120698,0.8904004627862911,4,21873.5463949208,3,3,676,1
68,90758.10726194219,4327.752403180914,0.7782989850704026,0.5326996690674631,0.816893779210531,9,40835.27827723524,16,4,699,0
32,50270.44996239748,835.3398138100619,0.3338265207136825,0.793135846046803,0.6104664407363106,3,1297.514234603776,11,1,443,1
35,61282.78917521064,1719.649998748293,0.12950062861173905,0.9007539285167443,0.4814206556346864,8,26038.589458567647,0,3,611,0
62,57806.11356815911,1854.6169304815414,0.28811762948669556,0.713479214485122,0.9311986172773514,7,55715.38735336646,18,4,606,1
32,43056.631673871525,2304.5485668111774,0.766410069438415,0.18975059975395114,0.7068317995245876,0,4940.3884139764705,10,4,766,1
23,58820.284184112104,3577.409296036934,0.6074423314882337,0.6533668803654803,0.6054146373382452,8,54375.56032236003,18,0,572,0
53,133983.75105395142,226.18820260304508,0.8716901074874966,0.20236823040492813,0.9434963503846653,9,11671.297471262164,1,3,554,1
60,43404.62911589238,4209.629820745122,0.34127886567153787,0.16563905905586768,0.4854611786393038,3,11346.433400647873,3,4,706,1
68,59204.87715087171,2977.7546788729483,0.518751302247896,0.6889653443485473,0.6286375796457815,10,11726.157525812589,18,0,407,1
66,86335.87812161157,4287.790180340423,0.7215324883924937,0.8095676171354327,0.418446796773009,0,55875.364938192695,4,2,735,1
26,81888.51077516054,3714.775010890889,0.24889315132204048,0.2350152671199616,0.42867456436670903,2,36224.69966361976,10,3,403,1
58,49279.940359720065,4189.704337757832,0.8694764784607159,0.16302631677113802,0.6011156412780061,11,45047.33671781238,12,0,507,0
62,20000.0,2784.302369023416,0.5535380216180427,0.8535444600632373,0.7907860242706124,10,21984.45636508029,18,4,623,0
55,61853.02395574817,1736.4286263718518,0.056712928821705214,0.21237793644223857,0.5635031848171355,9,52395.05615838671,6,5,487,0
61,20000.0,2104.530471388496,0.07138028428381053,0.1298231796821766,0.7844467227398914,7,34916.22815489625,15,3,415,1
62,94984.76163965935,3029.5389346516854,0.799883613941356,0.7128962134515155,0.8572699956290073,2,35990.09599239247,14,2,588,1
42,52905.53490921919,2035.806996995246,0.5984892985969159,0.8205582209810415,0.9028740862316019,5,45139.26312468824,14,0,718,1
22,76868.64299505975,3346.1929689114936,0.6986116412042828,0.5373023402445923,0.37817328755385426,6,46418.55740034971,10,4,508,0
43,32664.691008320675,594.9464691441271,0.7164136008133719,0.5589364574797197,0.8374509426330476,1,40911.8142951774,1,5,523,1
30,24376.4221069884,3768.9425906350216,0.40739080981315995,0.3863314358182718,0.4426995370011314,7,7134.596015752519,5,5,704,0
26,55123.9449239022,1078.011150460618,0.7288195592209565,0.3026937190362977,0.7899052447785806,1,52003.59556399349,11,3,826,1
27,48285.107174408746,4258.974720956307,0.8469025780906574,0.7419472596492481,0.584147353328001,1,15653.946965115823,8,0,632,0
55,39293.195022841304,868.8469397302521,0.19634544160417838,0.8218917469028861,0.7959097775477628,2,59771.64950057517,3,1,651,1
45,50924.4059752936,755.4060432403106,0.6995159396107176,0.37305804444041724,0.484709274040038,2,23130.475906115593,13,1,772,1
47,170304.98726828958,3691.0672755257892,0.3116232064732303,0.33274630714430364,0.7563441529076269,0,7199.837855935658,9,0,429,1
57,71363.120574107,3720.4178591229615,0.32326905259577576,0.3276229616132926,0.42907387484902254,11,18965.19015535175,15,0,841,0
47,78611.58603962266,3376.665505489363,0.40084162338092827,0.1430061053190027,0.45693969502378834,9,34412.05461604184,10,3,614,0
51,71665.99176745252,4330.28099479023,0.7841615919218727,0.33891377111432386,0.7371110128536726,6,23486.77429214519,7,0,570,1
25,95392.76011087513,1363.320403347289,0.06874765721354179,0.12180327942365426,0.5621660397397272,4,49720.901338153264,2,0,678,1
62,45002.24908610186,3754.5895776582365,0.4188372757887243,0.7701464790981168,0.7933801860616994,2,40932.37772522858,2,5,810,0
42,20000.0,1713.7742791867097,0.62804050213388,0.317537804676316,0.7816504443036931,11,12807.033936245029,10,3,821,0
28,45032.34283007564,2510.814089948165,0.14385313954014367,0.686631910948659,0.7416294138606994,9,32331.198297797724,7,4,749,1
60,70635.0012822133,2116.0801277157134,0.723415557464804,0.5617101277094727,0.8102405409776201,9,47251.920011894064,14,1,617,0
56,31684.71991979833,225.1550974965111,0.8506172082127501,0.8118440854806188,0.8501792016181082,5,53474.02509315387,12,2,467,1
23,45280.66151858816,2670.187432218378,0.1272945979154318,0.9163219184234684,0.9241966679572491,0,23696.660094482497,5,3,485,1
30,35907.577177616084,3414.275317384998,0.18000591715624642,0.4121978720097903,0.40072497257350886,7,55467.883209086336,15,4,776,0
21,96366.42806242865,950.5752493736663,0.8779826412042725,0.17508969690619158,0.7100758793104234,5,2158.167577168284,11,2,456,1
34,68682.90810473845,4206.120206140061,0.21817729466788033,0.7371988997280343,0.8217294051808526,3,40601.4721307861,17,5,616,1
25,65722.28099273045,2480.7180194995663,0.11709872434772381,0.11810697726930587,0.4866731177020227,3,46919.08469053148,19,4,583,1
55,64842.763219031855,966.4578135497021,0.8593636559365152,0.2895188343133093,0.5160813200754759,0,25508.482838523327,19,1,719,1
46,48205.95481809005,2977.5745549426065,0.8087293033380486,0.14526306820216775,0.5181875369313151,10,658.4685551295566,2,0,554,1
69,53578.348906237894,1025.2676466159792,0.6073666518231614,0.863426115876843,0.7105697720289464,1,41222.10961616862,10,0,716,1
57,28757.875488849728,473.1933976699466,0.5187162881944203,0.10450251944633644,0.5806874581333656,9,20553.85455227946,0,5,628,0
50,20000.0,3146.855542402742,0.8313477918573549,0.518830840262947,0.7696396862766074,11,9108.77728155084,17,4,798,0
45,52445.85109797837,675.9879982136263,0.6071920638447094,0.46039925808513316,0.7344509996397999,0,9426.52659094862,14,2,484,1
23,56715.09132990106,656.7350280186719,0.6096371604178095,0.6548329648659186,0.7639804548549205,7,46149.843349879266,5,4,742,1
24,84471.46430604448,3381.7573216817973,0.76713272957166,0.34628247528386236,0.5089600985898126,0,11243.365452746446,12,5,724,1
51,99419.25808980726,437.369602794706,0.6052588256985578,0.8426410903990396,0.833443966768488,9,29045.89788852999,11,0,771,1
21,99359.44568027568,3682.007469906205,0.4781253539820259,0.7241938803441843,0.7683423969842771,6,58223.36157939352,10,5,620,0
23,31284.85466853839,3623.439662185659,0.3812632732136807,0.4674502620933979,0.43230925595781405,0,45529.1218721005,10,2,544,1
31,41834.67141007792,807.9917407343938,0.4776638088725546,0.40432231208566016,0.47610889701771175,9,32831.61892288401,19,2,632,1
64,60848.98592682817,2429.036783290966,0.4941068517241152,0.7935050103729467,0.539608042173073,9,31696.52115745198,15,0,837,0
43,153178.18107801356,615.489611166452,0.356707098950514,0.7435012537554051,0.9397061499384006,11,10039.646492797023,8,4,487,0
55,95420.11093546773,2920.0562450797447,0.4309006476332941,0.4391500493204403,0.555600414070667,5,26785.41450091643,15,3,697,1
41,81123.56157668745,470.59905577335024,0.7315911429339931,0.39016608321860813,0.36252382207915107,11,8693.979234380125,2,0,500,1
29,41171.247685589835,4261.267682187813,0.40403636337450466,0.13305479121316083,0.4392242147250754,7,5014.926913862611,5,3,748,0
39,32943.85955056006,1093.242162089201,0.07172580164011495,0.1694511586241238,0.3702682489000121,6,6548.234157554071,2,0,590,0
25,69913.11581946086,3136.4470205791736,0.2905664235077718,0.1458306872210995,0.6037887238102264,4,36396.669399106686,17,1,786,1
58,29872.763696793005,751.6531248215732,0.24698058447794347,0.1207531633958228,0.8522066426109135,3,11613.178965711377,0,3,473,1
29,44033.396750914755,1101.264727805139,0.7245447100571731,0.2299415248196638,0.6337745417710721,7,8960.73089946503,17,4,455,0
39,46553.14875984481,2139.0834901984936,0.43189909970103746,0.8285705450284886,0.8785663049196824,8,52027.85772581924,16,0,827,0
69,100389.25314331098,2664.3134077685195,0.28826396157986317,0.7784354141424853,0.37994347245726456,0,7320.777794067172,18,2,551,1
50,41788.907549551615,4495.111933684237,0.739099151265381,0.8187377706539675,0.6459254044112013,4,42338.10683452794,15,1,438,1
43,20000.0,311.4827807910598,0.06633428387312021,0.6302303072116511,0.8458574844415352,0,25020.01572884379,9,4,776,1
47,61512.7710415191,201.35200446957393,0.19811321632153495,0.6304536360545695,0.7750749971219888,4,34744.784265897564,16,4,586,1
59,35790.58561305274,1706.5785072742763,0.75291159648643,0.20534198457006414,0.8872800883984941,9,1401.3248698204973,19,3,814,0
33,49970.29265809408,1774.4723815504055,0.5180539685113422,0.6941205505960287,0.5225158760630323,8,1.1543709947270386,17,4,597,0
52,47144.98334467709,4000.500115224116,0.7076023083925583,0.338022449239902,0.6655360016614706,1,49034.91264113547,15,2,740,1
63,43340.08350723076,4124.104955098399,0.762449612547766,0.5413653303182709,0.7764335043556037,8,28526.46951058598,15,3,660,0
49,69958.20433667873,3986.2573983450707,0.8506689653002587,0.9115142132307288,0.45614867238003615,0,4278.416186951564,13,1,617,1
42,24592.84447827493,815.6686270900054,0.10391090940783729,0.8400230851706632,0.8639582302465333,0,20607.3661914329,17,5,618,1
28,38845.347718146106,1972.0507912786159,0.7293495318037012,0.29821448120142335,0.5462261319983128,10,30381.266175047134,8,1,513,0
33,66690.45117781403,3407.3061978686,0.6524512259868597,0.7261530233452493,0.4087836014668877,0,8129.608610819985,10,5,731,1
67,37185.04157127788,1544.2275914722381,0.2259717605750753,0.1884771374653294,0.8323918131296352,3,32780.276986652265,16,4,636,1
47,23766.61112627124,3051.9235225953703,0.8419469263891046,0.12273111288242772,0.7941613272311475,1,31725.04319023585,5,5,400,1
35,66227.42323862371,1219.7143117216956,0.3935715982604332,0.12394813356458116,0.9067182445691967,6,36170.10998065355,15,3,578,1
41,81258.65224557275,1590.7028092314747,0.8044689483365836,0.2447095115853105,0.9120070896253881,6,48615.708315326316,2,2,582,0
49,48038.21680591355,3899.8474921984807,0.5643466489651866,0.690706141779724,0.5254712442863938,10,24766.72880321171,11,1,798,0
47,20284.645118006312,1277.188855182679,0.49773575455981306,0.4088100094393159,0.7540585483872265,11,53313.60170760427,0,1,592,0
55,67351.89957803862,4346.5935736049105,0.1855953438115825,0.11355107312168802,0.9794474875883549,8,28480.425174596283,19,5,655,0
33,23226.53033821334,1516.9161120284418,0.827178480644216,0.9398192366703155,0.5035981255304753,5,27428.937852858762,16,0,437,0
52,56328.712462606774,301.17087224009265,0.5231626212579092,0.5533716427471942,0.6479123011919294,0,39341.141904238764,4,4,576,1
42,32880.70461595144,1296.073886351053,0.05517854467229483,0.4347981828446199,0.9234048097235203,11,37051.27291948702,3,4,527,0
67,29087.747646046482,936.1812516467307,0.06554185990974074,0.5410224107915067,0.41494017416175566,6,686.0963255355657,12,0,624,0
28,40180.63701656835,2379.355954735464,0.7109877142653405,0.5419752733797674,0.9347974354604027,2,58945.83541345169,18,5,804,0
28,45139.64110394912,684.6790852097981,0.1876459003716312,0.49970109052904466,0.6575380245739191,6,56561.61516866807,6,0,820,1
43,36684.37842115608,2892.010172155262,0.5589276702839234,0.6210065687952251,0.912615696800361,4,16877.156549793348,19,0,529,0
45,63889.894044939334,3962.066003392927,0.6289196676438833,0.8527826268880605,0.7414639888209344,4,33515.00040994512,9,3,675,0
54,40105.500749844905,1758.8311917560636,0.2874607540062223,0.35645663826552354,0.7730043946245393,5,46229.11041537897,8,0,829,0
40,76197.64931027067,924.518693013239,0.5339167371497006,0.5139233294190678,0.8369810233996358,9,55228.069445877496,6,0,503,1
65,55632.78276398717,1920.1074818729758,0.2542199340907135,0.1030973967672534,0.3922957379500258,1,35154.39840746997,5,3,597,1
44,35814.18263879208,3579.657332237696,0.854368113262758,0.8308421391204721,0.7454940535949728,11,1136.407976290945,6,5,625,0
27,33200.72700067328,2743.396998542261,0.781144632896792,0.3600183055761488,0.932080464206271,0,40840.67685223472,3,0,401,1
26,23356.408173611762,634.9158173086935,0.29483637277284874,0.33060236357911355,0.9523579460947729,1,5584.6841339423345,7,3,609,1
68,55872.63084541838,2509.9047636062433,0.49949231730778876,0.9479065938293794,0.9600425097221122,8,40270.666412255996,5,3,454,0
27,41790.97155753856,2212.767140259051,0.47553792858081984,0.5967339979334098,0.7568747139388003,1,35245.65612183802,1,0,539,1
67,20000.0,1606.5827008909941,0.866019769257563,0.20458675921984174,0.748970714318665,9,38440.17767488858,7,0,451,0
34,38519.82440088288,673.6905630292902,0.3849244631562759,0.3256962244095354,0.698052992069695,8,11355.461939124047,0,2,731,1
25,32680.5273895638,4418.781323167182,0.5278934214283318,0.4002426000263647,0.7327586162655642,5,29616.59176871738,3,4,775,0
35,99613.69324245249,956.9862755409991,0.8394006056543216,0.9381510406900558,0.7356342961413912,5,37077.40766800372,14,1,520,1
51,22782.53755191833,1028.7944304002056,0.18838939350007444,0.4660284262276293,0.37671720916866386,11,18017.57468484977,0,2,418,0
41,25626.75341676048,826.0055760396141,0.5179127627865874,0.2956138900488877,0.4059889101380551,9,10897.395685409863,6,2,621,0
59,80780.13330974149,2651.830066405434,0.1398219823075552,0.5842713223008945,0.740232440211477,7,13360.844333177947,13,4,451,0
50,90268.462043987,2107.7791702756117,0.5748740920457255,0.4440457093484589,0.5479563509242458,1,51481.00014658676,0,1,598,1
40,35057.94971953591,1273.0958827141906,0.36083072287895396,0.14671632992058986,0.5398980555562374,7,27872.61121770004,14,4,644,1
52,36885.04191678653,2046.520546992571,0.8724906622026606,0.8317816705861766,0.471867602768431,0,39664.402618593216,1,4,610,1
68,64686.378717056745,3096.143959565387,0.40309780397624734,0.11333439819080833,0.8546740807434758,3,30893.33184893971,1,3,634,0
41,20000.0,1411.3122854441096,0.1657594919104508,0.8637110903836551,0.9575269573439967,8,50047.63511244492,3,4,655,1
28,21214.98057419874,4135.556836930636,0.7588999667891435,0.7730798980615319,0.7454875420138805,4,30509.692028837173,17,1,473,0
41,43203.205359541025,1517.2888198641351,0.747736687709477,0.16444972862104945,0.9456145342320459,11,5599.518775297843,0,5,707,1
62,98464.4407885071,1052.169832538269,0.6406306766113667,0.7150694161410958,0.9068470186015442,11,11879.081611989184,1,1,700,1
31,40292.53360106174,4304.641741553102,0.6864900316015938,0.755300429818421,0.4872939964128097,1,795.9249103212707,18,1,464,0
67,51298.74445412125,3685.4106235081713,0.27500793503599585,0.6119610124143818,0.4467213177414289,10,49891.45698358365,12,3,595,0
49,81650.65926559818,1675.491786826902,0.5957454753593642,0.5910201801327047,0.4832996748830264,10,39796.369998461065,11,2,529,1
50,126512.7193068269,3818.156959918667,0.08231689052458459,0.14223397231077795,0.41061191183531215,1,45552.11508729993,0,2,578,1
36,37813.37621312614,2430.90127136134,0.21735662230652936,0.15057191604936518,0.7172138752017839,4,42901.21408177505,7,4,747,1
66,48650.797219769425,1691.03574252257,0.8424375304201237,0.7181953523603423,0.5280695269876646,11,49468.78132420183,11,3,668,0
22,111293.35696176927,3810.3298350186215,0.6783500025202599,0.18973040208107333,0.9251375176934007,0,59218.17018703517,10,2,808,1
35,24711.162068971717,3434.309787517094,0.24607165984086915,0.30556748560050595,0.7364468971331585,0,39208.27979463437,10,4,656,1
41,77840.05953900849,1480.8618233653551,0.1446756260913949,0.5240111047498549,0.5765546501343007,6,15135.93617762632,2,2,420,1
44,31000.48133981155,2808.7176156092873,0.8565815281382263,0.23953912257077933,0.9703235981375604,11,6083.40253259065,19,5,720,1
44,51334.204594123614,1788.377961135128,0.14535951615111284,0.7713636264675217,0.9505125324118783,3,35384.87570367915,14,5,433,1
28,43950.594452230725,204.52348200966898,0.268509540840161,0.7862713202122253,0.8405275982447962,9,46245.42367684876,4,2,553,1
32,31853.25264616495,4335.807688021201,0.2052388940495386,0.8158217295717581,0.8487607155269699,8,33694.30285207678,19,4,820,0
25,31495.63149675743,2563.405027113198,0.05634424735000277,0.1421329026584992,0.9656801828604286,1,18213.28608329697,6,4,845,0
49,55513.7748211093,2773.2601871628676,0.3170145579833374,0.46369218704858073,0.7282874202631751,3,43184.090874344154,2,5,466,1
38,76725.75330396296,2779.5331304123683,0.8780520408589483,0.8198800218071854,0.9044125050790683,7,26878.349764179875,17,2,843,1
48,46240.84181698531,2567.758281523432,0.340617809937953,0.4087364817606941,0.3908414650489941,5,17195.346077539456,3,2,840,0
49,50592.1103625589,1447.2057325264518,0.47865914754760763,0.691447321574569,0.699059387256223,2,50465.06928146466,1,1,795,1
55,63387.90376240036,4377.777337104641,0.6840454163335142,0.600859018561508,0.6665852938650445,2,34591.12686709242,12,3,772,0
47,31658.803866928058,2873.174173815725,0.5184180867673337,0.39512732420110186,0.3737660331991349,6,17006.879873177397,5,3,433,0
52,68381.77555026831,3084.9618503820343,0.6820527813004607,0.3349441047268602,0.4047797507542038,9,19716.260059135126,3,2,454,1
49,70877.22215367934,2155.608856463314,0.612390487961938,0.6548316282844957,0.3637585221306301,4,34299.90692308567,2,1,676,1
52,158202.610340835,1437.8040221103652,0.5672785695491626,0.21358051645246245,0.5352294528264612,11,25375.415639517134,2,2,446,1
51,41388.28357181973,476.7006233521962,0.6022015711299834,0.8311041412245948,0.38371207459525414,8,9631.147088064066,19,3,512,0
36,39889.291733405065,1705.9898452419109,0.7292897077665134,0.5899769249185979,0.616590601399305,4,36628.19594352479,13,0,839,1
33,69288.5288217049,957.2189458540861,0.6536626855809385,0.19477797935696328,0.862030239164938,8,41346.60396313472,16,3,809,1
59,70869.6020098082,3046.9795535051508,0.7230086825994128,0.697998498414359,0.7367127793149841,5,6.5277770060712115,12,5,514,1
37,38530.706776153784,3979.7167046516934,0.17375799254100163,0.4664456674000561,0.7744876447468798,9,32212.158965602957,10,1,642,0
47,40887.3823886999,1501.845890456305,0.6260226728039593,0.2734692030586994,0.3698492128790706,11,34629.68879295401,4,2,642,1
30,62536.70086351219,1631.3952892804002,0.6764686254767032,0.9169088989861361,0.8789016069611963,9,19923.843253738087,19,0,518,1
42,33778.74682941679,3082.56736646475,0.3049714676223093,0.7117006172622617,0.44209993901128414,1,20323.87554228803,16,3,506,1
46,40751.979957112024,841.8671672373163,0.7933907286667901,0.6040445798287967,0.5406700519004668,0,19059.53293975925,10,2,596,1
51,51037.54132446625,4196.580934714106,0.30900486280729533,0.8215371039004573,0.6755801538080335,9,26719.684099679154,2,5,670,0
46,76739.54296624368,1764.5411584095773,0.2572573014700227,0.5622893213998297,0.9358958615382899,10,48716.39273155799,15,5,761,1
38,37344.11530474195,635.157617485131,0.7870322931584346,0.47525002048296827,0.9788339760752814,6,28141.564025575724,6,4,778,0
68,21395.309443156613,951.1412211587585,0.25996686239896266,0.26102983088160203,0.8430762306814882,2,59618.922400863645,4,1,409,1
46,20692.594044672445,4210.808126832069,0.4031770930670301,0.23038186135045188,0.8094679609483055,10,22569.520486009977,14,1,695,0
60,27813.147512398118,1262.612939986786,0.36273440553129604,0.46717391891607096,0.68243986834858,5,41955.73537003831,16,2,677,1
57,27148.430814660547,3047.7558564745314,0.8133525491745316,0.4875783921733884,0.7693452229394719,3,32937.94028344581,12,3,420,1
48,45726.1287521081,871.51046121454,0.4369503775447696,0.723315629446118,0.4409872305198628,4,45737.317267353224,1,0,775,1
64,28710.09065960412,1034.637277099744,0.6401625933017833,0.47577225853134497,0.5195935559621551,3,53301.874140585795,12,2,667,1
27,35730.511552323085,3980.7243412699036,0.7249330689472546,0.6041853204806051,0.9703250040031632,3,30700.997587219048,18,0,723,0
66,34601.81276612993,836.5428464410159,0.5837180436350998,0.8076407454648091,0.9671574645816892,3,29668.75255071878,13,1,697,1
62,40205.997805443105,280.6275229660004,0.8521403235761775,0.9443344911839605,0.5534726086375722,8,56563.14179361119,5,2,550,1
45,88887.5128881224,2355.302714962988,0.7321313998676069,0.3741465178785901,0.5018606007200823,0,56019.574357800826,12,0,490,1
56,66030.78919891563,3909.725297030619,0.39017563352363366,0.8666612941691134,0.4945963871349736,4,59819.80377559364,4,1,570,1
46,49377.90010953742,1601.7614952871863,0.8581900667690308,0.785143241075559,0.6554645616076458,2,9388.554917267695,17,3,742,1
34,39836.4728038248,751.0977637765552,0.49588860828063397,0.15780568677162013,0.4909729452683965,7,214.1234181166496,16,5,686,1
60,40337.8415858271,4423.592567132242,0.06919072450316151,0.3840350912258076,0.7585528785069374,11,26238.618124386252,11,4,682,0
33,56811.03769680174,3109.9761068044772,0.27101128770496224,0.28618651585922583,0.39713648115297917,9,44000.40980160287,2,1,458,0
36,63759.666507025286,3857.969717377073,0.5784701489816766,0.6647266315595483,0.4153166501241128,2,4371.36060772799,8,5,404,0
46,32583.852490170393,3434.194571014372,0.18329266697577123,0.5720042657850349,0.5244685932095543,6,22416.09793040315,2,2,700,0
62,49832.185031165194,3202.4417781535176,0.5464578381592231,0.5206233947011206,0.8397892370284098,0,34887.56860725614,15,2,827,1
39,20000.0,1853.6254886629572,0.3573583189614003,0.7490291992364408,0.5536724095964676,4,12752.845503069944,13,5,561,1
45,53920.77954274311,1594.6619707756493,0.504227658049533,0.3833123914401859,0.6466145728388265,3,43868.519866694165,5,2,600,1
23,69076.31306535748,3282.9219623462386,0.051593620692264947,0.4253394512202757,0.7636718889857843,6,13772.259298545077,17,4,831,1
26,43216.131457706135,3281.8659351620895,0.7711581514683936,0.8357888559916318,0.8467801508429735,4,50440.32091282911,15,0,504,0
23,111016.83642125274,4287.530051411101,0.3576366646091991,0.9263772328710056,0.5434786833715312,8,20896.40026067742,18,1,634,0
24,32972.94641617414,2645.237216747786,0.16913466913626007,0.7599037396526573,0.8105107290334599,6,35918.906843826626,5,5,438,0
63,54059.91172312106,1466.870754886996,0.42222847845431793,0.2845103285606423,0.5302224647413395,11,32649.240426000357,3,1,518,1
62,48236.866074390644,2304.973837121053,0.46325069946550895,0.19575388733927024,0.7560137112709615,0,17786.80298865623,9,5,568,1
61,46857.48544687464,2838.9694119214523,0.5917923039217606,0.2778243756009317,0.6340544887006556,11,26344.29742856137,5,2,708,0
23,46562.69785733177,2034.9381381807236,0.49587807429943775,0.459347160269462,0.9337755261908796,9,50758.38551353158,14,5,538,0
24,51441.332549511164,3601.8724304460575,0.08699504475700325,0.3011924735854925,0.9687188333193101,8,32900.657137553826,8,2,607,0
34,71795.81271180826,2713.836812528102,0.7907854737661001,0.8658849758612099,0.837697557844884,9,3335.21764964027,12,2,534,1
48,91124.43839951063,240.57362879889735,0.4380325920189171,0.6701144665023241,0.926742531455362,0,42781.93745527943,3,2,463,1
37,48971.18730559648,2650.3115193976364,0.11543960665305758,0.454219858065562,0.43599767247524035,2,10947.149867771619,1,1,756,1
44,70748.89750934156,2924.496279550002,0.7069040010498073,0.3327399729323267,0.7623122932551861,0,29163.765810410863,18,5,702,1
29,35746.40108772753,4135.623381639503,0.611131255965608,0.42356185436981975,0.47497180319061716,9,28112.332842426767,8,3,690,0
56,69194.72799961013,1979.0031967560108,0.6020221068538385,0.5046430060617206,0.5244901581326424,4,29189.215713016718,2,3,662,1
36,34790.6452259109,2670.210934866841,0.4128769014752269,0.7067489993493693,0.6793786419658457,4,1860.8403795596362,16,2,459,0
24,80081.24583431549,2242.489038071808,0.3989225032278401,0.17594032449454705,0.8174519794977193,7,16343.311152085496,2,4,631,1
57,132559.7007761645,2486.1226424162073,0.5058878409292414,0.8215079988206038,0.8045412667431511,5,3044.1283631336737,19,2,718,1
65,46400.34856732098,489.4075038766848,0.09300525096423778,0.208426026460653,0.8977593854329372,7,24897.402157253495,7,1,622,1
21,20000.0,4058.3197703923365,0.3041140995852327,0.32308256967657223,0.7023431568397498,11,37280.20363717293,9,0,725,0
42,38306.20528919281,4114.77306127599,0.8897100475280175,0.9445514114066962,0.9335958716354316,3,39244.447542557056,5,5,548,0
61,85335.32807763708,2556.6563223233206,0.6128636157588645,0.26167733893761347,0.9093698152828057,10,3872.8802195715307,1,0,631,0
55,62873.78317676709,2593.188717600066,0.40609404060472376,0.18597085961839382,0.884906218372709,6,7133.346297896339,8,5,571,1
62,54831.00619487324,447.4909545590045,0.23900863749938506,0.6426445066309785,0.49459766791674004,4,39690.40671977222,7,2,848,1
41,77180.39555531081,2771.1872064149543,0.6834279576151985,0.43415971787354113,0.6848122357079338,11,31871.25897320385,8,0,480,1
39,60961.8810901075,2045.3526964803987,0.27124676325026265,0.17806011912823239,0.8138290561374535,5,50004.72049371444,9,5,527,0
55,84793.68370143723,3248.88761000808,0.18801458826935102,0.10318106409668829,0.9649445799420916,1,12308.530032860512,12,4,706,1
28,74142.23741484515,402.63714136096127,0.18133766519914418,0.16728733992425615,0.35733778245437947,3,7220.537254582992,1,4,426,1
32,97223.25431237678,3256.817035736806,0.6698737872900226,0.5443252419561206,0.5560821563854121,10,21721.44876824082,7,3,630,0
50,57610.39146308819,1433.6434424789497,0.5963887161454098,0.29625900336130095,0.5656806591290845,6,38224.0280995963,17,4,412,1
53,73671.16333181773,3002.332920948364,0.10933518446554602,0.7609193141711074,0.5317767789625698,6,29158.034481321203,19,0,637,1
26,42693.10954011631,2896.641693842129,0.14778639305787214,0.8288823381109814,0.8649773088506555,8,5915.595965873938,10,1,544,0
45,37396.88289210895,1175.4183839185998,0.5887698372505406,0.22310806505800018,0.3783950050853445,2,4277.525335585455,7,3,485,1
38,105666.73788573145,2093.945084429947,0.5354486865913352,0.3864668901242996,0.5764438925053319,1,40661.6176295314,8,4,624,1
45,54029.858306894326,3793.2230139292956,0.6330992013160415,0.22458800664796785,0.7983613032139021,5,17818.09268500341,15,3,548,1
67,70417.44111953475,2804.044067457528,0.20133307210877266,0.34368879804465513,0.6062460230373996,11,40168.948261031735,7,2,435,1
24,51827.854038896956,495.5746985071693,0.667599720284592,0.3033237559379856,0.4407600577261171,1,17694.892984599355,18,4,639,1
69,37649.23661099216,2104.5079746795677,0.8456819972309673,0.7688351657966085,0.7348370578382251,8,18887.65271061255,0,0,654,0
43,49263.676410370324,1540.6172727450432,0.560892767355125,0.3936577263119563,0.6792444489279799,11,12588.883884800924,12,3,697,0
58,93544.94621874552,2959.0764193200207,0.21671051669636626,0.5212300789325499,0.9685584667529973,1,59023.01769138386,10,2,805,1
41,62935.019302175984,2842.6249475696213,0.6276122769914906,0.6728108396520343,0.8215715180463619,1,964.2174056136455,9,2,716,0
36,22693.5739643256,244.7118364936043,0.3416194310141547,0.7989181517793587,0.9712908723427809,10,7635.146031698092,9,0,758,0
58,44495.35116703918,2813.090690499391,0.09189458442786322,0.356027726774084,0.46740216390308104,1,50177.41085650416,3,5,691,1
54,109319.73398924741,3359.853512135228,0.30698789104962365,0.27783756754841626,0.8298048558450785,8,8289.704043631267,6,5,702,1
28,44524.345665838075,3505.5391393267746,0.8197473366576122,0.9316853676924874,0.6975320784109476,9,16841.81351646439,7,5,756,0
55,21802.601765989377,453.59581267683296,0.3994684221495789,0.3721254129503724,0.798880984496767,3,15767.098096659543,13,5,697,1
57,114906.26619677962,1505.7311935724365,0.7849655373264285,0.6704078843037441,0.6445574213799703,3,41819.134935472895,11,3,626,1
40,66641.08974451027,2011.4763103715527,0.48236044199437283,0.6761648845761336,0.4838062164191377,6,24672.070682389443,8,1,728,1
66,47500.43811881716,973.0183435181208,0.48943129061566,0.5369250287596098,0.3788140979830284,6,50435.26935785936,10,0,834,1
52,41475.65961138615,2009.1556460095421,0.05443387290516019,0.29418032866187344,0.8781216021158178,10,44845.63174434444,11,3,622,1
37,79782.41281878759,505.85700405004707,0.5915384622956263,0.22023880781104982,0.8633292596095954,7,31866.079872468974,0,5,501,1
21,38411.319350781654,686.8343169303218,0.1416417682758572,0.5139637231772665,0.4524000322853919,11,14943.706537144457,17,2,580,1
54,82183.95694678018,3075.3874802267037,0.45693615247974617,0.5342901062046704,0.7564639667126195,2,47545.12857216189,17,5,406,1
31,62566.66320481712,1329.0615829886665,0.2712693273093841,0.757361743258578,0.8147722313352617,3,51959.4332456704,7,0,537,1
58,54726.69344088275,3259.0451441621617,0.3835255209549176,0.7033584273593645,0.70130374709015,2,50176.9506665163,15,1,799,1
46,52338.19358499878,406.86667047167236,0.5065157523167807,0.8752350870104867,0.5498542089505463,7,3102.826056690122,7,3,444,0
43,45309.15478687148,2619.6231280870625,0.06229449741167691,0.9252314776044868,0.9049959183770502,0,41877.52097132638,1,2,799,1
29,78475.20971561594,1883.2292534234132,0.2918960457808794,0.7186736272696096,0.7547376016511014,10,42236.31817692462,17,4,652,1
55,33209.64834726196,3626.9769852365007,0.8911701441480852,0.16503456150571538,0.8037370325687258,9,56584.53239377026,5,2,543,0
29,23626.72328368331,3570.991794883916,0.09878925694747567,0.4443505628345372,0.760832153586469,11,15808.702003742008,7,4,612,0
41,64634.141432081204,1814.9064625672852,0.3214844649337631,0.6174820143645805,0.8044118630986054,11,47180.80977059553,11,1,795,1
61,65124.57464230656,2877.6702605771716,0.323208253719951,0.6016658107324638,0.4413923013086997,0,41345.7900097388,8,0,453,1
66,60846.43552446387,1178.4601359237988,0.3724780327928482,0.25422721795600844,0.9312344709361274,8,52723.61827133197,5,3,654,1
69,58893.01467919839,2695.749395575807,0.6320637806759936,0.5955030200332406,0.530060802713856,6,41598.48181884739,16,3,520,1
67,42436.19063010936,549.4381839743465,0.2605822288805199,0.3972284316992275,0.8770272705088734,8,51147.272204006724,7,3,643,0
48,69868.29277724154,2068.7984217100234,0.4412289425156449,0.38808781811715853,0.9128320485810558,10,21574.520822219674,11,0,754,0
30,48026.04961339046,985.7290306138693,0.5981340318245818,0.8089059545060507,0.760270872195826,6,9457.465243926143,13,2,814,0
62,39371.55568492265,3998.5390829935477,0.3239737495793003,0.45864318486798705,0.7269294801159094,0,21801.122078755456,18,0,515,1
60,42601.677502923645,2113.073517257377,0.8564566934277664,0.5482865609547847,0.41870037303809604,10,48903.10133071468,9,4,698,1
69,121696.78539458211,2740.3271191413996,0.8827217397012791,0.5784419318793069,0.6248193724301658,5,7898.998660717364,9,0,591,1
52,22454.824347745565,1749.6419994190449,0.15172253253438447,0.5785472628738738,0.7353359623283293,5,38276.71075770467,18,5,626,0
27,61384.00939639394,1441.5864515311523,0.3422469017406886,0.28115328671586626,0.40157764166414683,7,59253.36331107785,9,0,472,1
45,23026.483927231413,1072.5550671645942,0.226776259335504,0.609535358676656,0.4202210672308527,10,53700.89254773265,5,3,785,1
42,46690.453352281125,4121.047805468184,0.20877115622354786,0.38443006760250165,0.9758931907175415,6,40270.99969973701,0,2,476,1
62,40330.67528363983,3637.7028644358966,0.4673328625875376,0.6567672504067441,0.5593075151064346,2,47557.81960968972,6,0,417,0
40,20000.0,773.0229210534328,0.5292530419146471,0.22384295912086805,0.5703314669934332,8,6988.587243937301,3,2,740,0
37,58399.75161825455,3410.9169680547325,0.4118042345079593,0.944998255438619,0.508463364877932,7,29930.025750814188,6,0,582,0
24,41315.08109639358,1999.6823412576089,0.2816716421327566,0.7562367977353862,0.7569924547813944,0,31914.74539637949,10,4,430,1
61,20000.0,266.20561633045037,0.2868283381155937,0.4546637184616613,0.648037808688282,6,46961.74557755539,10,5,706,1
58,71525.23767297047,2471.9794776177546,0.8933089328896212,0.3561490732346405,0.8479715031453077,9,16955.600742693954,3,1,528,0
23,93503.37212131289,759.1996923649242,0.835125767891713,0.42963172959516893,0.6728717440691456,10,6389.117186503617,9,2,839,1
42,95851.55331548023,1102.717546302457,0.1145140148409536,0.7130270318577936,0.35971206757874086,3,41886.83055523002,9,0,841,1
44,57614.548809774155,3192.9761341236,0.6080680541967068,0.6570966296468804,0.6540930559058813,6,29555.647774279823,0,2,647,0
43,50047.416366384874,1305.7107597071433,0.43834596636211764,0.6967786352004993,0.38476799307470794,9,50537.64358312298,5,5,614,0
66,89113.88873799147,4035.1192679198116,0.6354919826192877,0.8556493161338083,0.8708754197032992,7,28889.381612321093,14,3,600,1
28,104513.61337181665,3025.8299612239307,0.5574165997094704,0.48785094236384796,0.4216045935403614,5,50776.24675129974,0,5,672,1
36,81642.5553205771,3778.818985116479,0.8058645400700548,0.669092976180515,0.4866810294284639,2,30470.10010910514,6,4,809,1
29,32090.267788723686,2845.3150148197915,0.10694006714550126,0.475281761715888,0.6397781029607421,0,46961.91058937486,9,0,688,0
32,53669.770227191286,3936.053241394668,0.34715822524904966,0.642383366401895,0.4729659549022611,8,43244.710735185996,3,0,444,1
65,59741.503863569065,1755.2441025952457,0.887670006909247,0.503600091418505,0.6897085749241298,11,15964.95242280784,12,2,488,1
67,21713.128660621045,2561.304480607993,0.20494254664202427,0.7601640832372091,0.6402400074014243,7,18563.89950522245,14,5,683,1
23,60549.24602689741,2418.328721910634,0.15823342358065012,0.1044711047911731,0.9500892448778919,9,53951.73135115376,6,1,566,1
51,136331.72124671913,4086.300044735273,0.6696262051004892,0.2833543124213146,0.4056753448945066,8,13860.42765780026,4,0,615,1
32,65379.97347744171,909.1362570170382,0.710819886014844,0.35197198138875785,0.7133411904091868,4,41850.033375656494,15,5,580,1
30,95133.44666498243,2685.6612817027776,0.6214325155234612,0.9035853303134488,0.8038517540757097,6,8707.20791983828,4,1,668,1
35,53226.49770850153,3444.0541351760157,0.7097664544459366,0.5309892810218801,0.43040501570518946,3,45309.50227495451,2,2,503,0
30,47431.9700618834,1791.2139702947395,0.6396633362791964,0.4096990979984201,0.750971140487163,2,13397.390974759584,0,4,433,0
45,58196.01296031819,3930.6005558486986,0.16540507994580025,0.44366529827162104,0.8944706041269904,7,35643.92236507896,1,0,505,0
69,33957.940999080594,1803.9634984342565,0.5669886128567311,0.4840489409176558,0.8461600553597384,7,33854.609264222265,17,1,700,0
49,31770.74464926691,945.2276675524392,0.7103451801756027,0.8376558315968753,0.9391575349703065,11,12210.855182010973,18,4,673,1
56,86667.74388773843,2711.4079282416365,0.7856891153757977,0.9179854858281171,0.8039689889467952,2,29484.19926754139,10,0,764,0
45,90903.52463623651,2008.4424431604436,0.2592999562811515,0.8175399437791959,0.5982117026935599,3,52754.88152657524,18,4,448,1
21,31382.38910364636,265.31745013261957,0.15831614679775777,0.8154082489061062,0.9298843722922109,1,40831.76088912158,14,3,463,1
25,75780.74094080269,500.3059477220638,0.7139268770451928,0.269162844312142,0.4919747635973244,11,59559.263945949955,8,1,458,1
34,47139.56793970515,1039.6918748883372,0.26806609328031555,0.328376360997917,0.7177324354707589,9,47073.25565977181,14,3,653,1
32,57120.24341781159,3508.118825928055,0.07714005657275423,0.6066418034743842,0.8323645054096417,3,38607.32605818029,8,1,657,1
62,60300.66360699081,4035.7699189451178,0.7514315291019086,0.6577168014251142,0.8995371352071518,11,33792.123849325086,19,5,471,0
62,76684.7169999792,2546.2557582611566,0.480092463739231,0.2722995674291691,0.9274215425891633,8,56245.71876172369,17,2,602,1
62,50879.89787500963,653.9314888107309,0.3276381625641586,0.7343395918345397,0.40353465917388875,5,31620.806241151742,16,4,423,1
52,92463.8372013964,2498.001494639938,0.059714739446816795,0.2699690199816488,0.8074172767561429,4,24160.36623814917,10,1,675,1
48,56344.267153834204,3879.1034805668633,0.08002832800175554,0.32355904960100207,0.4785857048678397,6,50069.6147621462,10,5,656,0
52,64918.17583742973,3422.7538052271357,0.7237297799762505,0.360776207284369,0.8408452481367157,1,56414.6651352211,2,1,412,1
40,33692.543603679944,1451.7221038987122,0.46625000222013474,0.8190927040167695,0.7914345311181735,2,28735.013514010272,13,3,439,1
53,129494.8712146246,732.7296199399386,0.17726374190199112,0.7222713123402508,0.46425198591819544,11,8234.311416756154,2,4,717,1
59,60561.89721287674,4072.9313089776447,0.35472978316166537,0.5510826203655541,0.8746830086243028,2,36502.36909273013,10,5,804,0
58,67565.23410861114,3872.581610518507,0.19050937540689444,0.7967869034146609,0.6409269465316938,1,44452.93571574389,2,4,782,1
51,23773.2525432644,430.9760701244709,0.14594932020332863,0.7909890102355349,0.6926293756976575,10,22418.16499100642,9,4,655,1
23,33853.04024814658,3741.8003062456264,0.28486164757302207,0.4313581315564149,0.961984364732384,11,44872.73145387794,15,4,635,0
56,85566.37414659043,618.0143424752398,0.5170822653430378,0.7642216943643069,0.7636741201371583,9,31863.08055853747,6,2,763,1
38,55776.114614885264,472.1196236287592,0.22850561664039287,0.27530635620140886,0.7207947813656097,1,18081.367824587767,12,4,778,1
57,20718.848475597304,3461.9838577289156,0.342120419092052,0.527744522462183,0.3605605465891736,10,37771.27370656965,5,3,807,0
47,78216.07499801162,2506.1356742773196,0.4562412513629907,0.2005054708303698,0.47550534610918194,3,23336.853930983085,5,3,579,1
64,38380.229070930065,1982.5565035883712,0.4070252783056791,0.46277531275256933,0.3667362152614608,0,47209.530237315055,3,1,614,1
37,92511.90737966385,4086.6074426968944,0.1593336292530962,0.542310904302112,0.5599868282011742,11,184.80167501151445,3,2,435,0
66,47120.9954819065,3809.005359891341,0.08303579020550494,0.16793060422865974,0.567040262407214,3,49090.68695719869,7,0,478,0
62,53751.0246309301,447.7809276523434,0.08013991790659808,0.49322084747198747,0.6841079443468616,7,18394.51665184561,2,4,569,1
37,83327.13791280823,2849.175140347041,0.3476521653236872,0.6539199615161131,0.7845541216052858,0,57577.59380879883,17,0,764,1
44,32732.644547480875,3520.7498337920706,0.6609817667567244,0.6219749995330272,0.46298745829467725,2,45549.8920574618,14,0,600,1
47,31357.819364464995,2567.109493032294,0.16156700391988005,0.14620080470739844,0.7290422851101377,10,14462.417085947345,4,1,664,0
58,44872.28896012801,4426.92364602761,0.7189330989097618,0.18103873302197093,0.9276950529532113,7,58727.94952388886,17,0,789,1
54,71127.38901513665,3150.0042699844576,0.6583231629167613,0.39865280906186984,0.46655494938030095,11,29974.8355198033,7,4,614,1
62,26932.93689058922,647.8149545972088,0.053351967252769514,0.8162828644786898,0.7652254590671792,2,31375.427835875864,10,0,550,1
39,23141.537225111642,1052.6814515997999,0.07273569203456834,0.8392926451922581,0.3787211589887016,10,54571.08804563192,13,2,728,0
45,71016.98957377546,3752.8561711576867,0.2157782332073439,0.36317093925173716,0.6846230096034083,10,55104.18404890712,15,4,541,1
42,37371.35419619277,4486.05369452049,0.09770277439299728,0.7110582724552379,0.8171697319766411,11,41812.95025299797,0,3,574,0
65,41089.105575287715,622.8588475512756,0.50164163947976,0.5907820034988966,0.37144632214979006,0,58706.978373735226,5,3,799,1
35,21256.86793606427,631.416066733708,0.08368317223965341,0.9359089199455176,0.5602091964197966,1,19732.21857524497,6,2,596,0
49,36114.846080244344,3482.5643328161186,0.732248962296088,0.18044732544623796,0.9031129007969533,6,13940.19506411597,11,2,512,1
26,48854.1553110718,476.7234113811201,0.4690177586039389,0.5656986309042166,0.4920522713540243,1,1755.4032868323354,17,4,775,1
62,74508.6150494937,494.8084990788441,0.668761211671606,0.6036570015405657,0.8054109692692887,0,20780.696308667248,8,2,689,1
39,34646.30721976172,4021.910876941549,0.688097168295465,0.36151828530844865,0.7357101125743217,9,36158.00059872509,9,4,745,0
37,103344.07707732913,3641.9341929693387,0.48074934871969777,0.13991026036775017,0.45312322955448175,8,18322.74299499784,1,4,546,1
49,36024.32879750836,3990.7217594168437,0.8365584448154463,0.14428885533465213,0.8172757338085537,10,34777.21542792567,10,1,751,0
45,36048.073055478824,2997.207629170841,0.8917046577770119,0.4855753460705424,0.6852110256102846,11,2903.145129832059,9,0,828,0
62,97910.67851922812,1586.9066143370912,0.355332483112364,0.6886027210273312,0.4205762544575584,1,21245.463878773866,12,2,473,1
47,53914.62568280327,4097.146718431002,0.1569845192118485,0.6951494179326583,0.94810398405712,9,44880.29438884167,16,2,485,0
46,38238.14558773172,1484.5111573900567,0.3587524518506868,0.25382437226355054,0.6599360783604264,0,6259.611611458023,11,0,653,1
26,45715.381281614,1384.6966096558522,0.23985081246212958,0.8292763198549183,0.819400925925892,4,42890.24733933093,1,4,725,1
22,90118.7126763335,4011.5218025289164,0.5013548170024876,0.42058806207428323,0.4871511672812133,3,45798.666780569336,16,3,400,1
40,94825.27520857479,3127.5371477207937,0.3716294610645412,0.9197127166765551,0.4364254219247418,2,34125.690547012426,9,3,647,1
69,33943.17457499086,4051.389964249744,0.4583820021437722,0.20043568926179128,0.8170232689618487,8,53165.25318425818,9,4,457,1
65,48093.61896602071,870.3755437920813,0.6987094396646013,0.8109864938401595,0.7745092324917806,1,57273.81073353907,17,2,840,1
51,51050.497681606226,4294.876230392215,0.28291782836057433,0.8720874302586306,0.5226878432534523,9,2080.6489772227123,11,3,726,0
51,31451.185314305814,2834.7912738114064,0.5068535159437666,0.7992741972221716,0.8201585643749008,10,40744.98144423244,15,1,847,0
40,47807.68723224328,3072.5506896017387,0.3348870619293851,0.7875149700197314,0.6681451244416566,7,14230.470148411767,17,4,498,0
29,49138.36077237619,4130.460495403742,0.7172167345025622,0.4071135130942033,0.5696162716878659,0,24490.998540289656,9,5,757,1
21,81886.89669454304,1837.2377911869032,0.5936061375465419,0.706341640712827,0.8457418450121861,7,37389.25695058195,19,5,571,1
37,84401.56834853745,3294.172477192207,0.05722902093401913,0.5924445811096053,0.738573130951591,7,42736.33621952859,3,2,446,1
36,42270.96702935903,2953.464670835281,0.6110436399394357,0.46080726171653563,0.6695790705623579,4,50411.45578447657,17,0,616,0
30,44521.2145165187,3587.336691123629,0.19463770685659498,0.9441449416456278,0.8370574709531067,4,42323.21509701557,16,5,611,1
33,66100.49641849966,4056.8540048832215,0.6658027216725834,0.34688651042335195,0.6932418666777858,5,46643.93963179866,1,3,625,1
22,37671.7289908466,3124.261678349407,0.5322378668186394,0.45117241885961645,0.9412766927481608,11,35944.27196156469,3,4,784,0
50,63888.07915592846,490.85008436317673,0.3912602760646985,0.8674318817373997,0.8653750864561107,0,7023.545023297493,0,1,525,0
66,47119.4940450435,987.5034871540549,0.6399564648261697,0.34565703723183305,0.5756581708263241,6,1285.8188931176007,5,5,687,1
54,31690.44959976115,4302.106183748461,0.7781042929884632,0.2297789708092571,0.6428991278441428,3,31786.982935291755,19,5,489,0
42,31870.0978981862,4365.197035522073,0.7119321567827622,0.3634997872190623,0.9531198332780947,6,42932.462877107995,2,0,795,0
41,94011.8778347925,4359.877248902959,0.5135723850861215,0.7454149255365223,0.9139787687201675,0,6531.935306481405,0,3,606,1
36,45688.88516975148,358.2374217205073,0.6642901722206003,0.830875908246926,0.4704468887096162,11,25757.75687253692,9,2,759,0
27,102555.49464839032,1844.5271221824985,0.40182737123384055,0.19727823947900694,0.5228114146787097,5,15370.643805338686,7,3,521,1
50,38904.44080795232,3466.5926271483827,0.7206722033286594,0.6284557789136026,0.5795849271980424,11,34025.58300821447,12,1,540,0
48,55884.500037671925,3437.408955728673,0.7546941078793954,0.5821938697555314,0.9043048927706594,1,23430.16514542968,12,0,842,1
21,143875.63007806274,569.4082912848216,0.1666997613449389,0.6684781176863603,0.9342729064940164,7,12088.050026048784,16,1,487,1
41,30460.19306987112,2820.8022144849315,0.25232665565485435,0.6703979154577765,0.8554743517056375,8,263.5628243666765,8,3,652,0
34,20868.236037254912,814.339359725687,0.27949042674678465,0.915547349726549,0.5236963210179651,9,19291.505722855833,9,1,545,0
29,87462.51312157154,2320.8001313315112,0.19116946113477784,0.39454982716272835,0.9088508281801959,0,30969.728801178746,0,2,575,1
55,33790.53127977761,1230.6485136168226,0.38365475586280756,0.35480188347541197,0.37071510934264,7,55752.54498020755,19,2,713,1
46,48566.15344778243,428.593038459329,0.21407822973217044,0.5940414929485515,0.6163661929610265,1,13648.560893179738,4,4,751,1
52,37659.359901645235,544.0835297644212,0.5562084142876181,0.46500569035286243,0.5879060383689947,5,30735.303957817996,11,2,616,1
55,55308.02261662854,4116.839683838605,0.13637312646297353,0.5026911314656916,0.6872009517198814,0,33989.79206846109,17,0,687,1
69,31960.58509343873,3401.9776460665967,0.2794312800727429,0.15888544447881886,0.7032035510579422,0,38953.659411539156,12,3,419,0
60,45207.89236633738,4206.843121623687,0.6156925490544033,0.22600585041055404,0.49200482671137913,9,19713.98105246712,12,1,505,0
51,60019.026360821335,2220.9567090342766,0.3887633546633468,0.8950686961039326,0.47887009275502634,8,5968.909169398648,3,1,734,1
64,31140.39098971138,1977.1577454970584,0.4082433305753965,0.15804773391960347,0.8562469528290577,10,55281.37441093453,14,4,699,1
44,35773.48253663028,1741.151357759011,0.7282364650146309,0.6016237537785277,0.3980039826391014,8,57165.32573121567,3,1,420,1
69,41926.68282735695,2850.120513023987,0.8868348202973385,0.7413887746652066,0.6607702076330886,7,26293.868294815242,13,0,801,0
58,25771.720229439805,1711.7053639767344,0.530307615766081,0.11008399917470338,0.47073723615653773,1,34834.497715071135,11,2,584,1
52,40532.0199892669,3408.9749061226266,0.1172070957440666,0.2893359257433771,0.551327351826216,9,1741.5835967590265,9,2,536,0
65,51712.687829792696,3645.6645027282075,0.13746752809009055,0.4205112262219788,0.5246954840783651,2,2832.9384669104907,14,4,608,0
46,40953.92676107317,3966.1317517463385,0.8732256137250036,0.5307948300083682,0.7963690023467385,1,4600.044949594912,14,4,577,0
56,43385.500663755556,1244.0440000546923,0.6273496758362008,0.39035600054231134,0.6372929800755661,8,44324.77889093526,4,0,626,0
34,48583.74301632223,2466.1948119572144,0.6895987505837464,0.6516493694266925,0.5386483557010453,7,13634.069465360988,7,4,473,0
68,36494.44885739164,1160.811851938307,0.6243991940327103,0.2924378896631058,0.8737517587275292,1,11066.833378462707,9,4,462,1
51,66901.59949936136,361.4900407074669,0.20267496144088026,0.12166049596466616,0.40405093901320527,6,500.11996540705985,3,1,845,1
59,93544.27720314803,3243.648807930302,0.4311078367010477,0.10133539319551603,0.8328072066483934,8,1373.8526564153285,7,2,736,0
43,39776.390968244756,2560.619477921036,0.7283683719764609,0.39368521015718905,0.5064370374771876,5,24323.025140099573,0,4,562,0
63,60982.316285303816,3312.88730207826,0.7864085185007623,0.4074133793151101,0.928352110254873,8,32500.675840631502,8,3,782,1
24,44010.00529217078,576.7785190481095,0.25173518753441626,0.9063134997785623,0.35350222378281576,6,34743.55090607518,4,2,757,1
26,57784.12166645755,4480.76256996635,0.5565675222087475,0.13806360564220085,0.7006979025363838,4,27474.6708708549,4,4,714,0
45,99170.98782353432,4475.698837872237,0.18353661732768534,0.5505553011149039,0.742026939937384,2,27573.676328570295,16,3,724,0
56,61629.55320888593,2199.499249665105,0.8645353421534888,0.5911413171242693,0.7136992095675472,3,45188.53111597663,2,3,827,1
60,22069.756310692297,3924.052475290495,0.26437364564361443,0.6943837601130616,0.8634596340853778,9,17374.20807600705,2,0,775,0
42,60132.036644656844,1247.3447899638943,0.6676398593133122,0.6429244101195614,0.420663325092801,4,14263.069080536372,6,3,515,1
52,85373.29999713851,3371.534493260177,0.24644600259282617,0.10691856966535143,0.6118002827043281,8,51259.45128190985,0,1,727,1
48,44368.352977474526,3980.6711842983327,0.5736458514467604,0.6370790223976599,0.8941541670025834,4,41355.8284629651,17,5,472,1
68,76729.04990289654,3703.0649441473474,0.6103746609692581,0.37402974874477235,0.9099032317732643,6,28611.98694497223,19,1,626,1
53,35934.31639987155,3690.628536436977,0.3291638879365398,0.7569386171456316,0.6639569740404223,7,16524.28953204042,16,0,430,0
41,25122.204568469424,2191.0145179821197,0.7460087856121436,0.2601105782153442,0.7015191431381502,5,8194.90917471711,15,2,476,0
68,52235.94082366554,3725.956775448723,0.802565263510333,0.7087748041806023,0.8312623175086373,8,2245.2718049985874,2,2,724,0
26,22238.615098265258,3170.030695991592,0.7768094407158957,0.6316710336357018,0.8411545484081442,11,51141.9214794745,11,2,567,0
69,44006.95832723953,769.5410120200788,0.3311784865450097,0.6544472525283537,0.9094912186886923,10,35603.130083831486,1,5,472,1
28,87472.43710354804,690.9929374774365,0.682689220160756,0.24955553402442113,0.8816301614853171,11,2749.769574712759,6,1,840,1
35,20756.333176461412,3519.2651845189516,0.5255671416388406,0.668797901132593,0.6110866871045054,0,9515.243873685264,9,5,822,0
61,27562.91370657037,2889.4955817235723,0.5537340758182099,0.7264316473456276,0.7593445956771436,9,16773.856089193447,13,0,503,0
56,30809.71957132366,2433.317303922923,0.4558113224696925,0.5159987220521348,0.6544382124528925,8,15784.29526282884,5,3,669,0
68,47643.71795451412,4101.225700649961,0.5602219757735409,0.3893108305394134,0.42431572384468297,4,32903.459353276136,5,0,532,1
57,41582.1990184098,3036.23853454624,0.16530603433038749,0.2415716218949495,0.8676589796031895,3,23966.617391211905,16,1,761,1
52,92006.2116570397,1903.4310038796907,0.397520148149837,0.3464664463441295,0.7291110237113192,0,52932.996255718,4,0,709,1
37,75316.66831760413,1979.9067751575903,0.20102099768975407,0.7492541080846428,0.3865432783977249,10,43164.64203646928,9,1,595,0
21,61259.41468457604,2802.550751515615,0.2880897013257119,0.44799061586431743,0.7764270157756527,10,54643.95415860477,5,2,818,1
27,52340.91414548071,3469.183724151298,0.1586423555338137,0.6973062556942689,0.5283536526151741,0,51769.11750956713,17,5,730,0
35,58510.02579477647,2626.7192198812336,0.23062126443871706,0.7290776262487136,0.39363708149150883,6,55282.14800960733,10,4,468,1
23,33259.90645179377,2387.6717935424726,0.7146398674195585,0.6730446905056462,0.7321510162506961,6,58800.68701732586,2,4,599,0
45,72095.33786389639,3325.673021412982,0.5173609928510197,0.6725076601305061,0.8112914521014234,2,18701.786283567755,2,2,773,1
59,29720.136317234723,3232.637564600256,0.07009665073539975,0.6191869736771438,0.67588910542254,6,12580.836231219597,19,1,642,1
68,71390.46865971886,3770.4914146383126,0.7202458112317983,0.5406586819066564,0.35355841234915825,9,9909.141732944589,18,1,444,0
44,83597.1013774775,468.97268099236595,0.823048136540067,0.26814418383972927,0.7134361242738401,3,37685.30790094706,15,0,748,1
63,53900.17862718947,3446.2941679525093,0.798364884415242,0.8163828788835726,0.3541637174503148,8,40858.00189058402,1,3,616,0
69,45283.776989035585,2409.1699390922668,0.7495643504423235,0.919624546614456,0.9336372298171843,11,5270.249652638794,14,4,507,0
63,58696.73947714692,521.180416142553,0.8933839763807964,0.49651145576014133,0.5184022493667828,5,49264.29580395805,13,3,767,1
43,20000.0,3119.743121128935,0.548441662207243,0.8932529425019574,0.8987341602031252,1,46983.99188658589,18,3,798,1
36,56163.154012753155,3281.122834208354,0.8681994842376691,0.9482953570647908,0.3576288518286284,3,37708.43599234733,9,2,664,0
68,46582.98855379047,2451.5968290421433,0.8565175976262134,0.5132665256979475,0.41124640161006726,1,26136.748768178008,9,5,722,1
32,47916.60337515836,3613.33560389398,0.3162529209279234,0.7157020676874728,0.6343872318996739,4,9219.437302559754,12,5,508,1
41,67368.95825559292,1491.0668671059966,0.7839186926474903,0.6472217875129441,0.8279226488031814,7,30335.536255913226,2,2,735,0
24,47398.88505195543,1068.2010396851751,0.7236017657249606,0.30167509360063516,0.9438138713154011,2,9550.157732489064,14,4,806,1
59,29345.86456087986,1708.1559924960975,0.7094289607909228,0.14002602719117097,0.6782897335561108,6,36298.72710533602,9,2,507,1
52,45998.717660112234,1963.2172071727034,0.8118386555981337,0.48535201449828824,0.5739402496099555,11,18597.883819384148,3,0,824,1
25,50533.91468801515,3192.514490329326,0.37656150843226155,0.7691242477868314,0.37806936014782405,3,14838.375738227809,16,1,440,1
31,51622.87980211043,3835.7357328763787,0.39004672100427457,0.3763644632862424,0.7177369671953884,10,26463.082797298175,5,5,600,0
48,52725.98649035668,3299.948217338309,0.594044462823091,0.7667729130142067,0.5894275716340762,3,34842.76801551988,17,2,432,1
47,78254.06611734735,948.1465039992864,0.6771338571421908,0.6565814296685122,0.9227540953452757,7,22047.843934282766,5,5,601,1
60,30070.03533684319,1774.7334646411068,0.7977765372589724,0.6912101490449492,0.6524373103892004,1,57816.20406829726,9,1,691,1
34,53053.98214781101,881.1789678254454,0.7944685225603896,0.3428797551207815,0.8322315993717588,3,353.8581555018139,8,2,791,1
66,87594.05106295251,3152.9140580996204,0.6631386807283209,0.49954027541658985,0.8843726327753842,10,54771.66110686064,14,0,467,0
42,22458.508662522087,1267.1390763326447,0.8633588611482943,0.2544482300214346,0.41191489535698517,7,41.042968958246995,3,4,799,1
61,53148.27916803467,2459.163811262941,0.2018343261043059,0.30959344886776746,0.6277331738864342,6,13002.716319805439,4,1,849,0
32,37668.50729653465,3604.8683257371426,0.8577888701030734,0.1763725366285529,0.9130419815377566,6,59781.07349127373,3,0,429,1
22,41488.86375632013,3085.038882162945,0.10456275972857834,0.20775739535177684,0.6174068379414057,2,43685.722542821364,4,1,832,1
23,32625.080875143063,1483.0081598600707,0.5222785990131306,0.27893645740146106,0.7060471944894529,11,38669.902302840506,9,3,807,1
39,45419.743935263716,1631.3270276502658,0.1266674134569039,0.5931990796694614,0.900055486798274,4,43565.57285132383,11,4,413,1
67,112259.11741489118,3009.466432393037,0.532800828918416,0.4750294516154938,0.49653395961456936,0,24497.771221162464,17,5,428,1
23,27750.422310918388,2562.7113221617597,0.3815932555873615,0.3268985856807277,0.9135864475787819,10,47052.583879577556,8,1,726,1
39,28960.134733379437,614.4919961211908,0.11936801677702884,0.8319455798630356,0.6001279053494577,0,9292.081975096773,8,3,588,1
26,27286.011304690503,3958.163833876248,0.6008992842705602,0.5463755376406882,0.7236109970552109,10,47633.543243735876,3,2,517,0
66,106653.25341674044,2404.236966630603,0.6715182996794156,0.8846430525904245,0.5566648737014875,3,56371.60079466568,1,4,581,1
54,39812.93476287229,2235.452356749101,0.1980576015769841,0.6397202179359325,0.6820850038685418,0,51461.21103039349,15,4,553,1
58,48458.47006795435,1053.289147518728,0.6402712114124536,0.11341945704940914,0.38105005590417657,2,44379.65719820359,12,0,838,1
55,40894.3698674226,1821.0734215733103,0.20219041677557298,0.8764543373633409,0.3911137844004209,7,39082.63878970062,10,0,508,0
53,32048.629647248596,1631.1469079549263,0.16678698191798502,0.8288438353287023,0.6112753400206788,6,31265.52991929764,8,3,439,0
58,44098.55123245367,1364.1634361665353,0.1752587765460339,0.6399805393637643,0.5610197117631545,1,23713.396772171283,10,3,773,1
21,148183.94054546364,2639.8482709811246,0.5592166986111847,0.5545575223711953,0.7379488404733181,3,51939.21545159037,16,5,777,1
63,91714.14638403255,2187.784049205213,0.7119721869076128,0.4849871623207973,0.3738834052375979,2,38847.51447888461,3,5,802,1
57,33395.551517426895,4023.550046853069,0.5573596462527416,0.5098486189018069,0.4556312619342415,7,26094.018834881925,9,0,837,0
57,65605.07576318704,4247.779101302792,0.7379487350655083,0.7538375447159973,0.48204289329924904,10,47087.50308686149,4,3,418,0
40,33718.93244791524,1143.7357456807908,0.5527557399098139,0.5361703620048829,0.6275098141737743,3,3246.2252423008863,2,2,746,1
60,22040.447400062723,630.4533436990052,0.7277230602462138,0.24962099389707454,0.5055059002987402,10,48787.15505597792,13,2,521,0
39,77557.89067531713,3576.9514713973226,0.8800441259633056,0.1494509320970438,0.4367274920588703,4,48642.13036466761,14,0,589,1
23,82622.86861940823,4477.904035646018,0.3823158367729909,0.20725833484353562,0.7264714144829358,0,13711.764799339215,17,5,601,1
65,78489.76498957296,3913.480300372863,0.17745085038786051,0.3137249425117782,0.8186393460160297,3,2260.295394713794,0,0,843,1
32,39678.336508500586,301.8988291105593,0.165087289949214,0.4125740032237506,0.7817188820822496,10,42822.47733178779,3,5,634,1
25,45476.49689395987,1280.4332680378038,0.5578559571581084,0.8585536103489274,0.5239934599933384,9,11992.297705782963,11,5,500,0
51,68692.44485374521,386.37179127743485,0.5150376059770406,0.3032241473697178,0.8883002469111873,8,59761.30744326395,16,4,439,1
32,58464.395079351794,3729.3513212770163,0.20660007176072614,0.37165877430215455,0.7354479730392633,4,550.9467145597657,18,0,665,0
63,41063.015858672334,2700.0499980569602,0.7997892182675225,0.2895623585977578,0.7372400216346771,9,13787.518874939442,15,2,773,0
42,23657.079197485717,2408.9897270183315,0.8632361131860602,0.5638805459002133,0.48409452458136804,8,2523.743836349863,18,0,719,0
21,51598.29134043394,2584.1344925850685,0.2652332966378064,0.6245236918503138,0.5025941190217766,9,46959.344127013166,16,3,820,0
67,79662.5078096101,1285.540412395342,0.22585049126590695,0.5523084021125866,0.6490926369860059,6,34721.72953043359,6,5,418,1
46,28597.805695605373,2787.0449872971103,0.23183357446141517,0.9090781535343991,0.49982724955556823,6,50906.072072754854,11,3,581,0
33,65345.360491262356,331.86800739532896,0.3793083002376555,0.9460713150060056,0.7834889739857872,11,57756.80224037565,12,0,675,1
54,56908.14540235115,2977.8504130746105,0.7752430990041044,0.8117865913347287,0.5443893427211277,11,36606.89162252426,7,1,785,0
46,68704.2760378398,3358.0654697689724,0.5565665184499502,0.7845017231567568,0.44570717699564993,6,13905.210217080717,17,1,540,1
22,72575.95697886031,3094.012933960857,0.10742041697276944,0.41114486023716723,0.44551672787728763,2,5558.966447856604,15,2,704,1
58,35864.04860645175,1628.105328742547,0.4520322223962571,0.5928159802376985,0.4301535005880312,4,51975.662698770015,10,2,493,1
40,23679.578048130494,3752.9305350484337,0.1267819305738787,0.39875155610655233,0.6270425497488159,6,14706.795301115835,9,4,666,0
55,38557.89717687422,3276.839187605173,0.3952819969071741,0.7667024692476784,0.3519152228990022,8,53611.093481884636,15,1,748,1
64,73138.28863060386,751.6784885743948,0.39299212095781944,0.2460564682280606,0.6916945416305944,3,52697.2559768565,4,1,768,1
50,38410.96495095859,1039.1201483147547,0.6010997658531988,0.2841709571504466,0.5379308414393167,0,37668.55273621561,4,1,603,1
53,35870.85851344621,2939.566176666426,0.5170358719186359,0.13288996023976252,0.6980616635049353,9,36239.74923450959,8,5,612,0
33,21598.785087340024,1444.4893742909123,0.7935415649882231,0.6175987223372935,0.9393180104681974,11,57049.58811161328,2,1,796,0
32,107871.0055880763,713.5616482188188,0.0638339052656515,0.6852575199706135,0.8974999944155947,0,45360.90610709692,9,5,646,1
41,71080.70059443144,866.3666705445365,0.7078989987804517,0.10285794329667199,0.7131507991612269,3,40996.906270834435,8,3,557,1
62,69317.53556142964,912.1538763237228,0.06925958981246548,0.534167899395113,0.6133842969623968,5,26144.44512110869,10,1,523,1
46,75771.41760368845,2254.5008993190436,0.30864635420491104,0.4203433577163078,0.7899684827819791,9,29039.906744213018,9,3,720,1
38,63545.96381836725,2811.7574497468386,0.797713667452629,0.7735236645459524,0.9315777795534483,9,23335.265899900107,17,0,720,0
59,43916.79127747406,958.5297818739843,0.6368520459255534,0.1330571340988469,0.6584146528019164,4,56779.26122159579,5,5,641,1
62,45538.16994480431,3263.735424561851,0.19619717661122182,0.14128083549536677,0.41256386617375074,3,38287.15279159627,8,5,471,1
65,40440.863920824966,1408.3542122565723,0.4671668624951515,0.6271777339169979,0.8326355662671137,4,46821.815263426666,14,1,472,0
35,160433.26480644094,1539.6999950940317,0.663618553831288,0.6028930263927993,0.35660186695346197,2,2231.9841049530355,5,1,509,1
55,62954.052512279646,1161.0440706186625,0.8467418231386,0.8064265195483087,0.8317222421736243,5,51145.57812851058,13,2,405,1
49,39786.77308111797,3576.386384555721,0.5891730193354732,0.603426855783757,0.40349746044853907,3,25058.297846674835,19,4,615,1
42,60444.057593559446,4327.199481628571,0.0709740997179882,0.906965204302776,0.41716844185076074,0,44229.6224889698,7,3,586,1
40,31104.53747257218,2317.7493493157986,0.474746580741841,0.36722694589925875,0.8424753281072614,8,2401.518889246539,4,0,573,0
26,96473.92305166264,380.73175815756645,0.18001739329520355,0.43823319544408024,0.7843986740841054,9,53632.39099715789,3,0,820,1
34,36407.09334979393,1320.4480606295463,0.09061261790368313,0.931023466527479,0.7039989714820818,3,39590.73537595167,0,1,507,1
47,61419.85570526046,879.6162518110381,0.5587340394793466,0.19139560686601143,0.866968671407422,4,27450.047452279632,5,4,763,1
64,79196.70183076162,3823.877824863677,0.7103836171338608,0.7765191252168376,0.8863621617685709,4,18213.485940606974,16,1,486,1
63,58287.66925407017,564.8721459627822,0.08065147217194366,0.10983340746137425,0.6382327210634606,0,18661.448546923068,5,5,675,1
30,51149.67903164027,4355.84783496005,0.7160508803206915,0.5135362619928494,0.9776681728443586,6,18203.887468583962,19,1,787,0
54,49259.668309432745,2730.609239485892,0.6504296978397824,0.2303919867633733,0.5752753619726376,5,7861.5511647091325,19,5,777,1
25,47791.424871899784,2426.281084418902,0.6891888549431072,0.6090324481688553,0.4580498929711029,11,27828.57228174462,13,5,665,1
54,37815.92843364897,3843.6076764025033,0.2580191168083454,0.7784444742516538,0.8829651591655318,4,27209.181248044115,19,4,493,1
37,40043.933049061176,318.4547715532615,0.3845561371694147,0.1280859569980842,0.611809276122378,9,24716.199557404045,8,1,569,1
43,95398.26475718574,3541.7568224501415,0.1517882031261361,0.23920681760298346,0.900934780274027,4,42185.65424907712,19,0,591,1
56,46684.08135905238,701.3973959446212,0.2530573076992965,0.3912188239876171,0.38853479702895455,2,25188.89176070505,10,1,780,1
41,34419.95212223398,3815.345825443858,0.3073712207558155,0.3174291209773229,0.4199628302491842,4,5340.223010017237,1,3,569,0
60,38857.876688578406,2475.457742722806,0.3215211436062682,0.4257369063353168,0.3753717765710963,10,51123.577338821284,16,4,771,1
47,80431.9533801299,462.8564301483947,0.19878390488229003,0.909088054844834,0.7292669049905183,3,25506.051908835958,19,5,828,1
69,66437.90193744175,3782.953666845695,0.21040502836047187,0.18602520832420444,0.8740744341033947,10,39317.139257155795,17,5,449,0
52,63079.31174592006,317.45070340638205,0.8162498398233361,0.4597897923659062,0.6036762936734632,7,55793.78128141717,8,1,821,1
35,43656.84918837938,794.993979442495,0.716309572593265,0.48852766586644536,0.40713813329274495,8,46044.90617194829,2,2,655,1
58,63450.35775972795,3630.6454524545043,0.34280604796772174,0.3382907440547883,0.5852853612815007,9,32327.93227069223,11,4,670,1
40,36695.062704214426,2198.945832588931,0.8554970085588166,0.3367305740344343,0.5692690633740298,6,32701.335430547453,17,4,537,1
47,43615.75363127724,3989.9714287257852,0.2530843058734753,0.7075393374869225,0.7553873126013922,7,50971.86222548441,16,1,550,0
27,75842.34215718303,2932.345873001659,0.39579738543254306,0.6251672662533353,0.7608555261416903,0,49417.93758544838,12,0,643,1
26,72651.18322496097,2881.1736437927543,0.741496514719385,0.7909072167731801,0.4149049418683524,8,10719.16392764543,15,0,489,0
49,31512.531444006352,1456.610956367664,0.4264534146730826,0.44431223910634443,0.6147113698410822,8,37590.06489110621,0,4,723,1
30,33356.67216300354,774.8262512724542,0.24943152447192407,0.6157043729327221,0.7547841518958223,1,51942.93950610668,12,2,700,1
69,51478.31699475276,4333.041280855735,0.3632551474782651,0.8595499195801968,0.5130825617897219,6,48198.445620543775,2,4,403,1
62,106591.55525730639,650.6300633165991,0.4756129115184793,0.8236292009589277,0.6064605805129408,6,7482.9609787375675,14,4,494,1
55,20702.208740255282,2474.7455803163407,0.5775477261112868,0.882019883624965,0.7366278069363619,3,26141.56934020061,0,5,631,1
57,55561.72382788165,1372.0449405895552,0.39476552464429476,0.3286287691489912,0.6038085417842882,0,31093.986276564166,11,2,733,1
50,26391.057502655112,1335.8048534002553,0.4166086814519781,0.9376080068523022,0.36944241208630774,0,15468.573273170203,18,3,531,1
23,36847.79478864421,2756.7207430020962,0.27435207088121144,0.793931428150704,0.49024807712058865,2,40769.963133024896,2,1,799,1
40,41606.31392897085,3631.116703869136,0.5050452036548,0.7755866351351077,0.8389309761132799,2,28573.58955367975,8,5,640,1
45,40569.47621437166,3541.8717761744983,0.2365377987041144,0.6674418108148603,0.5065575696125193,2,17850.52251917794,0,5,642,0
65,38553.101401389846,3935.84726353228,0.7873972853918645,0.9357777773662556,0.8651582110207069,7,20211.871538046777,14,2,449,0
31,49180.042363630106,1459.4817730231784,0.6852620097263563,0.4753287438395083,0.644151930192149,5,51400.10130039876,18,2,682,1
45,38527.7868000359,2202.730941374817,0.39873714015205647,0.7303084090480491,0.6479403164342852,1,51971.98832905531,0,4,767,0
37,25384.50371373691,240.1386648461073,0.6851436699779206,0.6939895947902431,0.835425215658768,1,48742.539444770264,10,2,495,1
27,69629.34114307468,3411.4877794863714,0.05594655053796707,0.7222755704800057,0.5914749132000139,7,54832.12927097619,15,4,644,1
26,68788.54240328509,1500.075382211817,0.34281583924603704,0.7387450920438682,0.5002427730559937,11,57138.39052088753,0,0,402,1
38,71641.4029638964,2614.422193061802,0.42425597592477027,0.26214250745303136,0.41617039733198286,9,29509.674646794538,9,1,494,1
25,24505.90717565725,927.991212683638,0.44932873141384266,0.3966937492470419,0.7733032219863238,9,5802.217340980027,2,4,431,1
24,56078.80253398744,3723.4178806776126,0.6864217560537881,0.43341589645201917,0.6460638000695165,3,48004.26043858733,18,5,746,1
38,66449.03123063303,3714.270542896594,0.8683863134274568,0.7357998418829678,0.8599263348410798,8,38005.9157043977,10,0,848,1
30,30821.231601918906,3973.047533437709,0.3729975608763826,0.7088107793614087,0.638335066401813,0,22831.031413776098,10,4,417,0
48,49223.57535926221,397.52908755890815,0.3480098720986935,0.8083612744503613,0.6113307253223497,2,58531.98915743323,19,0,716,1
21,46521.97262834663,4467.572452032559,0.5689379425933367,0.7702412842067856,0.5382768129670845,1,20321.112162218185,15,5,666,0
35,112304.3411110612,1265.4514820906866,0.28906557206284206,0.6066287974809991,0.47563955995242535,2,54458.03871996612,6,1,715,1
43,116543.88969912525,1530.5648500036027,0.17014778374291084,0.21895621351432615,0.8731752751285327,4,35555.06688351853,12,2,625,1
68,23179.872651925543,1272.1436355189182,0.8673097399183689,0.6401369703475103,0.40998316369646276,0,2198.519044553082,5,4,846,1
52,150582.61547285735,1350.3906029760892,0.7381004632876688,0.8540003910918572,0.9183404657115368,9,51620.10648480888,10,5,417,1
64,32472.4860108359,2576.4438312456805,0.8647246200705087,0.6466982088812715,0.3669527652795308,8,45732.718515318054,16,2,467,1
37,76214.19286847685,1231.1853405062523,0.23515794688132913,0.8612824642910804,0.6790189711962913,7,38549.25277976353,18,1,512,0
43,75866.0141268049,1893.2166390217405,0.06513783272422,0.9491950654163644,0.3867469941551831,2,36875.2284046183,19,5,752,1
41,31317.721484495643,3019.108304505826,0.42167233937739046,0.40532189807000296,0.8411524864250688,10,13130.129559354178,9,5,434,1
64,61204.16411176207,3794.912675384225,0.8435676185428441,0.7147962401956732,0.48324281015724135,0,12869.167751960684,17,3,455,1
68,46705.154629924014,3178.788451147582,0.16757653804099507,0.5589648377104296,0.7065312230290174,11,1750.3457038075676,17,0,729,1
68,62909.250716196904,2755.58823258549,0.14960769440940863,0.48672603060194075,0.927361044632295,8,9248.24778322146,10,5,588,1
57,54382.76354679475,835.2328189265954,0.10860986660896575,0.303887016888592,0.7590331294358286,2,20188.875857790168,0,3,717,1
45,83981.58002956783,3709.297086627515,0.7002652990921786,0.3090274065965414,0.4623415779335667,2,32443.493780509798,2,3,564,1
47,50712.605832078734,360.28201837006634,0.7180375537585081,0.25722644374597536,0.8519069943155875,8,7848.5134498633215,13,0,440,1
69,45454.02564625412,1336.024151911799,0.6410696473139444,0.6367609805241002,0.62813215228926,9,33454.33081640208,16,5,668,1
34,80276.23511407054,445.35334280743314,0.09529806835398569,0.2207451321466376,0.3583013451559367,5,15799.207272707716,18,4,449,1
37,63651.50089747787,3069.944595013189,0.6647950854429232,0.4666784993444931,0.656661931167936,0,15237.667496541713,4,1,615,1
64,68139.75035113153,1783.9956551521122,0.43133448719243406,0.544833253381365,0.8618653466759043,5,56876.652444382766,17,2,796,1
39,36349.509806178736,3003.808477780927,0.18421025864611423,0.47249930561062436,0.6208733074251762,5,59540.672630308036,16,2,482,1
32,30626.831445797223,1692.2331250054383,0.30085710891191175,0.826690086452829,0.8278096718023952,3,48686.31579605565,9,5,490,0
48,37968.989339778076,2159.6851424378247,0.4759748139430168,0.47669395582478125,0.7944813072566752,10,3263.5188440041006,7,2,826,0
36,37072.48675008739,2169.232343714578,0.33020375142922886,0.17040727901965722,0.6378547599231194,4,43717.90263262371,9,5,536,0
64,69827.95226902694,395.9968107704418,0.8742868427303535,0.9433696099967501,0.5536680285660318,2,10705.54390789906,13,4,567,1
65,76053.53830436758,2049.9740632878156,0.4535304804511194,0.8182360524011808,0.8077202009841584,8,34153.27882325343,16,2,707,1
35,45715.43973981515,2956.5767613953712,0.36632793371432204,0.6610369625950998,0.5824186031751701,7,53622.81775254529,3,2,457,0
46,93331.55674909233,2548.0246581243655,0.6221906146228312,0.7428750776873163,0.45715487723905057,7,22811.737904648802,6,4,427,1
69,90745.23348753096,523.7201949966352,0.6029632983275276,0.20896209479161748,0.552143728762627,6,55730.501104033974,2,2,779,1
57,54695.10588012485,3072.64073845302,0.052073388344477306,0.7510275749876985,0.9024086915446704,3,42502.33304035876,18,4,826,1
31,33865.38576371639,1528.109846135622,0.5757026435556315,0.27658660045528083,0.5285351406465529,3,18060.70880146004,8,0,844,1
49,99600.20404807013,262.069651949795,0.2572036285536786,0.5156297101378794,0.49802513695218376,1,5695.0319327663965,5,2,410,1
51,47693.10857103494,869.0608954622544,0.36894859534973334,0.25128537092564107,0.4340546445602541,2,48921.07708610143,4,3,638,1
53,51884.44630463084,2339.506526461206,0.6503965571246176,0.7407172196823629,0.3847620420776661,6,27483.56450957972,1,2,782,0
22,42073.68389009837,1534.7271338292953,0.5237782878590914,0.3090437984355799,0.9653161831457678,4,4361.609289598047,9,5,780,1
35,32846.298974480196,3185.8469591402686,0.36335687253183235,0.3152271557179388,0.6881694011741846,8,6187.341428103121,15,1,562,0
62,25313.98417889989,1234.8099449327872,0.19229879906155545,0.19283899693925421,0.8096760101910394,9,58017.6829137288,6,5,620,1
32,65172.360909062925,3523.023524443225,0.4796598591605902,0.7125154884192909,0.8369732715272842,6,14580.11726973397,8,0,467,1
35,34457.0715642395,1431.8518799941137,0.3214611199811227,0.35146793616374616,0.5719597066738977,1,57995.47067144277,12,2,462,1
36,194228.2034240043,2869.7139426129875,0.8259886371468639,0.5405380112216722,0.8533107234015692,0,40869.57478187424,7,3,569,1
29,30069.507212121174,3636.6304350800747,0.504194644245693,0.3824070237619833,0.9557350739846308,2,18029.466109720153,14,1,503,0
28,27838.573843721217,1857.8913531681203,0.7860693950448506,0.7584960699988983,0.8173099656515366,3,23023.672454608724,6,3,837,0
38,61670.58920049296,401.261249806523,0.3816538742109846,0.2925111080199011,0.7983918697975507,0,46622.30664648008,8,5,436,1
63,97556.89892960833,2502.415740553188,0.7533215892197664,0.8997093250394329,0.6223072855466727,9,26124.898735523748,19,2,638,0
21,50466.51598892194,4480.258964641351,0.09805636684626684,0.37313897865625156,0.8800316792595407,4,4485.046659857177,16,3,650,1
34,63418.38541026156,4366.665025420729,0.30340117173281267,0.18827387809713805,0.40596754632771026,8,13788.847774181217,11,5,426,0
23,21384.11556639438,1150.3954339599234,0.11644954308799448,0.30425944789269255,0.8223007387124275,2,51620.69837983346,7,5,598,0
48,36138.70766727728,3449.494990524285,0.07690265360764283,0.1628497897070989,0.57805593155,0,41770.448218689184,19,0,823,1
33,30238.551284524576,1683.2928768262836,0.8310329085246511,0.49842792134356106,0.7065635669526085,1,30060.96667048597,9,4,449,1
59,20894.25181863812,889.1716647872934,0.6593384327397279,0.3127135376149486,0.9125671750351271,5,14729.740116937,6,5,464,1
49,51670.43837166489,3063.433212590721,0.5813435547982001,0.8531391377781449,0.7311623227713193,5,28475.436905399813,11,5,474,1
59,20000.0,2353.735536965107,0.502618888000058,0.5395593271871244,0.36611636412835363,5,47330.943466650875,8,4,424,1
52,27038.358319043113,2518.6913979194123,0.5341209307843157,0.2983631814198934,0.8052410526795506,11,4892.5918285303105,17,0,798,0
42,38494.19742541137,3757.7884476126865,0.5928868241784855,0.48357978041920024,0.9352854389082927,7,59686.06912411331,4,4,420,0
63,33722.52780347692,1647.137806315919,0.7525928255290878,0.26659513131936063,0.7544675255456523,8,51585.752631536125,1,5,526,1
44,58593.77996521814,3068.507466089351,0.5573552724261991,0.2519199695361807,0.8926946487995314,1,19077.946970893758,8,3,771,1
67,56247.17442475178,1774.6233079392887,0.68629364864425,0.3555579996134274,0.8699363258654186,5,52234.602832933,18,0,847,0
69,73292.19746876818,383.7127552958455,0.28883134405527466,0.19205624505360475,0.8926141382798963,7,40902.871794197774,1,1,468,1
49,68773.42465293602,1825.4649615463004,0.8802474771440013,0.26035040637425705,0.5667832536961331,7,39981.26562595974,16,1,562,1
54,81909.13116090867,4285.148191777779,0.07711262717147459,0.8973398420461086,0.6487230220784691,11,8382.586136653796,0,5,480,1
33,48978.50072015581,2278.0286729801933,0.37859010598571813,0.6667822394928427,0.8842611081687308,5,54353.67844230833,11,0,486,1
60,56193.709857133435,665.3908783985331,0.7997421187781484,0.8829372639386758,0.9235511022068167,4,27020.50781528251,9,4,824,1
53,61708.759305061816,3157.655366317771,0.20344451828326165,0.3183199002476162,0.44251014453364024,11,48193.66550038899,3,1,551,1
65,52247.40553835864,4342.531203789641,0.17013737899360926,0.8284613354307852,0.46436539914263486,4,17971.427421564567,14,4,675,1
34,40997.343894924794,4104.164560140305,0.36061615186492646,0.40793188582588635,0.5685026480346086,6,18480.219936149875,3,0,470,0
59,42209.51124355508,2659.4316025749963,0.4139654954393034,0.22256573395411278,0.8352876317529956,0,57881.35079891473,8,1,528,0
44,33931.48830332254,1818.007200698684,0.8433849515624686,0.7840010350035673,0.9012381290724737,1,29799.59547980598,11,0,562,1
30,59262.23724541684,2696.9139745897337,0.7607016045024979,0.15070261208333763,0.7155512890841076,0,3593.4428029801334,10,3,663,1
29,46990.144708973654,3708.503567456773,0.444476192036937,0.44412491309472135,0.4213589504977355,5,50142.39882192301,0,4,805,0
48,36372.62870882597,3903.3205706793533,0.8770288357493625,0.7964174682348969,0.5413613848793146,11,13633.801340984319,8,2,509,0
36,36387.83634031583,3721.0287052524973,0.5959366435352047,0.6246071866295329,0.8899244940809079,0,52725.22516854151,13,3,690,1
25,28433.42226401344,2158.548427299472,0.7926099221846076,0.5403558410897392,0.5689596363101094,11,54986.392678429474,10,3,622,0
41,76151.38938720067,711.0893551519889,0.2591484334138016,0.4005888332780436,0.41476856314631927,10,4365.960794280189,14,2,757,0
52,50786.098842651714,2647.4457349767385,0.46561946315498537,0.1637974558298172,0.5403031336512393,0,34945.75365446309,15,4,550,1
36,33247.67075643036,872.6439605434705,0.0752596313529683,0.9423261881305139,0.8582250019488793,0,58891.44633461078,3,1,590,1
67,70533.74221785553,462.1208357607807,0.05754816427648152,0.24855766771629118,0.6608921058020596,10,55855.17687875191,16,1,680,1
59,38093.46543804004,2344.2716837441017,0.6496352377985448,0.31701220372963723,0.458090848596463,7,31514.597163454,17,1,599,1
46,26031.81487111423,3018.1058352005,0.1505495790957606,0.3005283981204251,0.5469583947253609,2,40829.59171615414,16,1,741,1
66,77617.64234582659,3872.83341754749,0.515637001544195,0.8717501956828476,0.950756206194372,11,36255.72210954448,17,0,406,1
42,38495.874346213874,3566.1928820035055,0.641606359878517,0.7491351338150007,0.6221332175021346,6,12195.200774382176,4,0,556,0
27,40781.97238371753,3886.1342048531574,0.07739939829519338,0.4887303295234361,0.6282075305278386,7,39179.854471294275,13,0,478,0
22,49937.67511356649,3468.295714529829,0.4314301892738297,0.9121095788590802,0.44643384928785435,8,19988.471010048794,9,0,464,0
66,81974.63509260034,3223.9294066963994,0.6315291464379639,0.14486587366847548,0.5418692119069994,2,20278.3157517495,19,3,423,1
68,49464.809715066025,243.59154730500842,0.8062713396766226,0.8596198240384042,0.8632522637522292,4,25199.2896564313,16,1,560,1
57,28578.137837905797,2892.239940779605,0.30434558551140795,0.1513632353349353,0.8453053538740558,1,51130.61300026315,3,3,497,1
26,62614.02990407482,718.071757798206,0.8780840502316808,0.4324610915443792,0.6243642433341203,6,14300.749545714452,18,0,741,0
35,39409.20210900714,452.26866902992657,0.7678602747107428,0.14590414662001625,0.9130009251589883,11,15047.500004726011,13,4,625,0
23,114641.573408824,872.5722540543183,0.6030398112695762,0.9491236429940324,0.589563117749578,7,440.3948163931304,10,2,754,1
23,48996.10700705618,3740.1562941995257,0.38313668115921146,0.8772310771255114,0.8945276352878184,8,9300.412135136174,8,2,798,0
33,20000.0,3398.552390330092,0.6544438197695738,0.5970791119592965,0.36988629686836266,2,58720.75724429619,9,4,753,0
49,57573.30229840609,4279.721342382413,0.7437642787098004,0.28516788789850867,0.5687550828447178,6,26032.19673038855,15,5,589,1
24,117602.90382333433,4409.597912196765,0.30780489365357366,0.33526106641784886,0.8886931411524962,11,11709.881538850706,15,4,838,0
69,99624.57298354871,4041.121141408123,0.8939055551709749,0.4821118611485523,0.9178250237288267,1,57940.90864541656,11,2,573,1
43,111739.93373007787,771.5820192010964,0.8223264642914432,0.37436315511849383,0.8265471459688409,2,1627.0720822165497,19,2,771,1
33,30980.334666587412,3977.0457859774156,0.46267622429148425,0.11811681961969961,0.7720154646442914,8,29049.983198403792,4,2,477,0
46,73900.03482562402,3806.139679591175,0.664405428409086,0.6578176068995644,0.8637680929612485,0,48276.12813765097,8,0,835,1
59,35422.498819725784,3945.6691973966986,0.49540756042596457,0.621413718479306,0.7957616585799414,2,46369.51227681829,11,2,536,1
36,54226.78370879333,852.2481536009132,0.6967909693674723,0.8686640977360146,0.5101592013130624,11,11353.035929749165,3,4,682,0
23,27644.20517054412,702.2048594252653,0.7529348732962842,0.5053259340896329,0.6437292474377643,0,42467.38040266588,9,1,559,1
23,36680.2926867473,4172.378182211551,0.06973917188348615,0.39300261752862964,0.7662441486682805,5,37337.316518751,16,2,503,1
62,36159.28301506653,947.4545912783694,0.11726222524555187,0.5347896054801019,0.7203157369845317,3,40516.572968956,13,0,548,0
26,73449.2430621456,1785.0734434831852,0.33599730349521795,0.2654907422614637,0.907611492487528,4,15966.288937664202,14,1,673,1
52,70285.69729992338,2160.7348528244593,0.8299715877374971,0.6317092990510684,0.6485221234443319,3,48644.06328190715,3,0,450,1
39,55523.90225029897,735.1028696671272,0.3885325456718812,0.7545279503716373,0.46213204815461995,3,33554.25055852409,2,2,489,1
59,26697.103673999045,288.7274385399539,0.8043853829216356,0.23044245636933833,0.4851866835701154,9,43504.68285032009,8,1,813,0
23,42606.50647384571,4474.5890199986,0.44306882573698997,0.3706257349900298,0.8830156320813531,0,56374.41059318187,6,5,438,1
64,35040.0713984684,3969.6261527903325,0.29552498226483737,0.8376308324614388,0.3554942011605606,1,51329.83637343171,0,3,725,1
55,72500.88810649682,4123.053096207741,0.8155484056031209,0.5297019863387485,0.8975521280580052,3,46940.24823161641,11,2,535,1
43,83298.2803402969,1423.6211978701094,0.5265701535808759,0.5520611496759147,0.38502049393051035,9,17378.924965875765,15,3,543,1
31,78855.59234460187,1146.4367628053878,0.3564116507755351,0.7140469674953488,0.5967448348963253,4,3244.9867594870498,14,5,563,1
68,34896.829586219974,2031.2262001543345,0.08774595308364427,0.5912088929381275,0.8541110232907463,0,34478.66777936499,2,1,572,1
35,20000.0,2149.2732866054293,0.14429316258099031,0.1591428028627463,0.6067976873981114,6,2070.7831931634746,15,1,718,0
45,22133.933133657658,224.07758711623472,0.16841377849530093,0.7833674550835804,0.8680793578440531,7,42851.38645312273,7,3,762,0
40,92942.11324709136,3550.7883840072814,0.36011084684901534,0.8844106316611975,0.41318826575124334,5,44209.300277776245,3,0,563,1
32,40922.49853855811,4485.668264010675,0.5662330123826924,0.14528564804219038,0.6722716026541674,1,33774.67567431963,9,3,477,1
41,34967.48545797231,2473.370741438984,0.31145159725864036,0.20306229298891834,0.7169586313393758,10,10089.114752480573,4,0,401,1
28,102661.98093949232,1869.5123885535404,0.10569848870008017,0.6966789218763584,0.9112472162594619,10,52543.28607410259,13,5,726,1
21,86623.11497193993,1888.8331408511742,0.27508742671973374,0.6138028426373466,0.4089814859936918,10,35755.273920286316,14,4,812,1
35,49563.10201390333,613.1316683400329,0.39737940326466864,0.425139449125984,0.5633184317282884,11,30893.51700444659,14,0,415,1
26,42957.589145509904,1344.4958189652505,0.8934294393714798,0.5583613515993157,0.7653892997850082,3,34055.50557252328,2,3,665,1
41,46191.65597857213,2359.170991128914,0.38403886903829787,0.6978377828008999,0.967355951571849,5,4973.225208817853,6,1,498,0
63,54296.94589292421,2056.946404879199,0.12581610593532738,0.5288049925987899,0.8844128240934498,11,44426.22328433558,9,3,494,0
28,100712.10465470054,2543.6494066953737,0.5439475923028434,0.21916007594030185,0.8832918888684104,5,3646.535033342642,19,3,772,1
21,59284.92524252664,3850.9822891408485,0.8316940617323463,0.17602062476329666,0.6758249935376165,10,34703.2895109545,10,5,513,1
26,67962.61576833438,1168.5419016083315,0.7186913440324876,0.4730299249101244,0.7055084469144939,7,10155.425224227263,13,1,536,1
45,82964.78744267201,318.9559778971414,0.7607855628091511,0.8844520441715086,0.8909054592708108,11,12462.116337980036,6,3,455,1
34,28959.274649103827,364.3694147157852,0.8389970266869808,0.5741122985022197,0.8978641193417585,0,13995.25504247036,5,5,806,1
44,68850.16162257109,776.925862819491,0.5910619778777073,0.40448705866517176,0.8554329762474304,8,858.3383093075203,15,0,807,0
22,42935.06171033479,2653.0768346589307,0.8956843210554739,0.8724002440928801,0.8656999033662827,9,53510.32986682063,16,1,810,0
37,20000.0,3675.194683163076,0.07828933439770319,0.4303373327520974,0.9041668111705558,2,48254.11628939144,1,4,503,1
41,20000.0,4013.265538906716,0.7596137247220279,0.532774508794219,0.4216826165879157,8,1877.1868599859308,10,0,484,0
42,31003.2425013944,2930.986768492376,0.7784590690939225,0.19902443103441303,0.5343628074501316,2,3419.1652799680082,15,1,823,1
48,62258.50633022991,1933.5159855388417,0.8291953321476703,0.726790803691474,0.9649515263907728,10,46972.61084860167,3,5,675,0
59,51596.53532769012,864.413245071434,0.4564440389904717,0.6952575135721583,0.693208980777317,10,408.1972541820633,12,3,518,0
43,53261.2867164863,1926.0988596069599,0.71959253507751,0.7751073939304296,0.46117223182626593,0,28139.93482248889,9,0,421,1
62,117939.20598984642,1629.3850758034691,0.2158183392530028,0.3764126164135989,0.6669250489157021,6,6437.835257658482,10,5,759,0
46,27692.299947942505,3941.1112876856923,0.5626606914014822,0.4706452362062631,0.7568440304412625,4,35497.933621113494,11,3,760,0
33,48419.35892950969,2292.893322865611,0.35484837950894216,0.24309045479811858,0.8717798498807241,10,59900.42507306444,17,2,404,0
32,56218.20890462778,1172.642369804474,0.5567476030626792,0.9198291446820245,0.8616713373947847,3,10321.290932488895,1,5,615,0
36,35195.62617795896,1441.8445873078535,0.6242264310845553,0.17316574529670026,0.3810221407994225,8,57401.03084156372,4,1,617,1
50,49649.67061375802,786.8217075335627,0.345008366734252,0.6516613081235861,0.6357207417926172,1,51928.7126361567,6,2,608,1
32,23861.529570707207,4149.917430997264,0.2338025544074412,0.6994687853804082,0.3629585053978151,2,59151.29808862687,16,3,566,0
65,92453.19521582719,416.4871388168147,0.3234347225304345,0.2340760026033327,0.9095383579097379,11,45971.31801615111,11,1,547,1
44,36072.04441405198,255.23886879034518,0.6143636583413262,0.4105247249559163,0.45956082757673367,4,51419.6550871875,3,0,550,0
63,122287.49576697464,986.8524141655356,0.625343098621889,0.1366575817481108,0.7436710579556123,9,35675.85837451955,0,0,814,1
54,48309.64717831917,3686.7582770156905,0.6801193956204841,0.5731170189486449,0.7094895739066521,11,52037.044870470745,19,1,846,0
37,77856.61186074837,2450.9071825136493,0.15755611728680008,0.9456974214000805,0.7440835438250053,11,6690.7353527647565,2,0,450,1
32,47858.963722167806,2891.1261357210415,0.7457397817162924,0.465402213298835,0.704952472383787,0,44499.25826210553,0,3,724,0
57,48347.2815783968,1738.2462042876596,0.6349256313098122,0.9415069873169959,0.8008208667409628,2,37723.41522006945,8,5,658,1
37,37691.383768105785,495.31533786143115,0.0759293151870433,0.20729161023761813,0.7444492785945949,8,3590.7889642718847,11,1,515,0
33,51720.3069761285,3881.480098716323,0.33525817201979313,0.43358619177762636,0.406889155465613,11,17495.422280919072,5,0,483,0
66,56562.38190011434,1025.145370139252,0.4467045675205055,0.866670224541201,0.5810638091346874,11,12966.40802235119,3,0,738,0
44,34443.77870393917,342.1545623439931,0.35652486682879253,0.8451911594088513,0.6943538646388306,8,24310.527047931024,1,0,564,1
23,46338.573439344116,2662.627784512733,0.14980435497715117,0.3750528411893166,0.5548743783158516,1,11901.200491423884,8,3,458,1
45,37251.79871430708,558.1436476537847,0.22624434182925596,0.6768189962030818,0.8290084574283368,8,16489.778649119104,19,2,836,0
43,137977.90344109165,611.7759629972871,0.07087718567361266,0.8532361458241221,0.5502755604846449,3,17761.808114570762,2,2,816,1
63,47080.82824643982,3641.6212353748583,0.1291155871496784,0.7518458462302435,0.8720710298109149,9,35988.65370747183,11,4,588,0
55,98258.2473068921,2313.9212340673807,0.27635510006586306,0.6342047673929798,0.4424422442183347,6,8092.425604208198,3,2,591,1
30,44889.98291309897,1238.486344662715,0.746974725790371,0.22968927237601916,0.8347173159411011,2,14466.074083326479,13,3,589,1
28,55087.57324110914,1699.0936204459308,0.4976418834466202,0.16205228868497895,0.465583227694669,10,19028.88365880593,1,5,485,1
50,27048.482090859576,3335.7362090256374,0.4108232070874401,0.6224288528440768,0.6826496266596622,11,26944.076296564363,4,1,447,0
23,40087.399366793434,485.3228224533879,0.6128385023647667,0.5252343158357419,0.5519303549672713,6,2285.317969798986,0,0,522,1
36,53892.17671104881,700.8666485128026,0.5102839762762544,0.3023311607717617,0.7515206946655348,9,59952.68712436567,12,1,574,0
27,100077.65603286753,2849.9267504594495,0.1617868377422823,0.34885432571517094,0.4840264582002063,0,18023.520153121528,14,0,469,1
22,54170.526605509505,2809.9784582085613,0.23922985925056112,0.43327410062119853,0.8511081320116923,3,17240.691644136758,3,4,415,0
66,91370.15409967206,4381.587393502099,0.23914400684201648,0.5211927243041298,0.7113578358108573,1,33292.23519547126,9,5,818,0
25,65403.306847950014,1810.5627693984334,0.5599596357204909,0.4317201237251507,0.9530820870783847,3,51241.93075932697,5,3,794,1
21,101959.4641270814,479.8337968633182,0.44238071126094447,0.42919792127307166,0.7984153072169508,4,27408.562083647837,0,0,537,1
66,47735.517535202096,2511.4109698534,0.3794473031767256,0.19837288961465,0.732659189887048,5,14930.352050384752,0,5,676,1
30,143716.83511433288,2944.8912905756983,0.5231432969495198,0.8357518555170417,0.872369974981195,3,33952.53019172126,18,5,464,1
61,39401.99421852992,800.291978880871,0.8745984179151737,0.6177809695113801,0.48840001768991925,6,28976.553001543783,12,2,817,1
22,34720.72933031249,2577.3064862013457,0.31706443764749526,0.2241868569117101,0.7486277503446082,2,25384.48962133775,13,4,765,1
28,28437.848132488194,1050.3986231305378,0.4921661185884897,0.46029324244624537,0.5959544252447565,4,59032.9770470534,5,3,479,1
26,139938.88942674696,3832.339248888594,0.4583145132974983,0.4542085252251137,0.8185883168622561,10,59757.01586811389,5,3,495,1
55,70880.55445381626,3791.1944318704677,0.6591465769839681,0.6105277467157543,0.36541572797949745,6,33716.62970745563,15,2,549,1
51,42177.64709423424,2047.4051127932996,0.6707467277854787,0.6175391751719318,0.6194586208119559,0,4080.2356243086547,8,1,442,1
44,85996.35697590165,4356.995719205057,0.6697101132010844,0.648438816432798,0.7605721981547391,3,34015.05482897359,2,1,556,1
32,66800.20866871405,4413.027660133889,0.22129164294793308,0.6932175987422363,0.640202781958561,9,57148.32890297312,9,2,700,0
25,118747.81979639192,755.7796824747638,0.43172916590700955,0.18785093920966398,0.4999221052996631,2,55541.551841681125,10,4,726,1
48,24427.75403385016,1781.1693607796108,0.739498487374767,0.35918387048689027,0.6425400285580446,11,12930.050965879358,11,4,403,0
32,43503.12054883242,2781.382321200572,0.3743006449595472,0.11474564629677152,0.8853390510584015,3,11407.168921817063,10,0,558,1
49,39809.67997790702,564.8025812002109,0.8866168496964396,0.48644528526832553,0.48030858089782325,7,9135.351300694194,17,0,774,0
54,20167.804910804774,1845.4186664007893,0.3600687305233693,0.46501556615574424,0.5813184630866752,5,49187.06096474085,4,2,791,1
62,78995.58486881504,1323.0399612713402,0.47301680324067297,0.7241778906525569,0.9739113785450804,7,29403.30341936841,11,4,653,1
45,43404.636660982054,4293.815950156828,0.4533467555821648,0.24204940461668198,0.925074816400983,9,20282.794239554743,17,3,730,0
21,68379.88915957403,1969.8190381753232,0.4186142320988561,0.6367702885566843,0.37140005553979305,1,19488.430130382025,19,4,511,1
34,141760.93627252287,3479.4846917543036,0.7687866630716784,0.3606900682406293,0.6841091395892691,4,16524.79457726327,19,4,790,1
62,41816.25166135528,1862.8330631023473,0.18198395191581151,0.4246290035882443,0.3912102069141666,6,52957.18644686449,14,4,613,1
47,40557.70921720348,766.7919028009925,0.5325150004518856,0.711393833015736,0.9320601019043578,3,24580.79356482631,2,3,711,1
51,51709.607573550915,3911.551579691644,0.5758113407521102,0.16081584128753904,0.6281732949915694,4,14641.064138512853,19,0,518,1
43,76439.99315772795,201.7927426833466,0.7735381118589651,0.39136545559148816,0.6136153124746411,10,42624.288363916705,0,1,477,1
28,37986.23508993729,440.5457580901351,0.5678201359371922,0.4326247456187041,0.5219560000587657,2,38127.2734135079,11,4,639,1
64,36903.70683774014,1766.852945357286,0.8660172956196136,0.7083869150739185,0.7083559576470568,2,42921.933275645715,8,1,635,1
58,78884.11624975281,3153.662498730567,0.7913425554217897,0.26934075281009556,0.4413491954858374,6,49317.3668717919,13,4,657,0
69,58127.12467250853,1669.3284697503357,0.3464289560998217,0.9053010446368935,0.8533416503373947,1,6074.022874135163,15,2,763,1
62,20000.0,485.1451157701923,0.7809204784972094,0.9480976598750344,0.6594625172533477,0,119.32448700868292,14,0,747,1
35,28242.231009482086,1566.71214505684,0.8647061419794373,0.7960736196970469,0.7068716215279212,10,3033.9744693692496,4,4,535,0
33,96332.02901732408,1253.417693657698,0.2686176037858984,0.3547556262439989,0.879706991022348,3,42407.59554892871,15,5,609,1
33,58739.50204156456,223.3051392182512,0.5686774856647472,0.6642866559619264,0.4666437275475178,1,56069.7924149828,15,2,438,1
66,34787.44521665655,2499.648226675728,0.2895333254908152,0.1706758269432431,0.4603653362055329,7,19866.322920982013,0,0,753,0
48,45402.19152064494,701.5774334,0.6021321872198849,0.840587418350534,0.6151050539080031,5,46871.64998366661,12,2,460,1
43,49313.66503008197,1436.2340418256642,0.1295963838649686,0.5385939405712327,0.8452607919525983,5,43751.07065212016,2,5,431,1
68,68260.05390257992,2957.1162699563824,0.6740598185886989,0.24997329137181787,0.386883698717692,5,58683.694757155194,11,1,634,0
50,26603.05857849443,3317.9974619388017,0.4068468543060414,0.37830407562744717,0.8509572284562097,1,28247.584889382113,4,0,814,1
65,33576.20422949064,1332.859195480897,0.5492111018749712,0.7806313328147785,0.6654766539628402,10,9964.378037213635,7,4,569,0
69,55427.44181346938,1615.5327855805062,0.07198304214497342,0.8396927523129895,0.7039109734673814,0,45913.884035264535,5,1,483,1
24,46867.251054828674,1261.7097239481004,0.6411252369287791,0.54175637889426,0.7055631411158791,5,49129.13184128636,17,0,482,0
38,63407.4494152741,4314.620981359625,0.4715926510149569,0.5082647752640722,0.38538545504336374,3,42438.00454229492,18,4,776,0
56,28189.9742647976,1019.2348260458322,0.5814633565346657,0.7381245345702704,0.5073556025624312,7,51790.90039678675,15,2,697,1
60,57567.18067340597,987.676595624808,0.3183177765197479,0.8022611791407716,0.8258373944542596,6,22270.95499919427,14,0,622,1
28,80114.53912199326,2113.6517720755874,0.17394714740820225,0.7501197905364474,0.6097289152782487,4,41418.900193412934,7,0,817,0
36,61026.797271056515,1014.0173445624473,0.4201146006967207,0.4267638426990765,0.7031256988186682,6,15830.91834978372,2,1,447,1
47,52187.6044429225,873.846362028115,0.8523822530934089,0.6456368973679214,0.9452672318767247,2,26786.408756390258,11,0,677,1
60,46950.652337639964,612.2820121146676,0.24362492265573454,0.8287559220302885,0.37915121403993757,1,14549.530149337093,8,0,561,1
26,33668.46700941923,2952.7363668654725,0.624463160229964,0.22899653894030664,0.6332986303745064,10,9272.020358888707,5,2,505,0
50,47458.01162960294,2831.953696078153,0.09236701242936018,0.42991618234771867,0.5776027036941758,7,2157.1948801193244,4,4,813,0
35,86410.7729375143,2995.700435075255,0.6603848174768892,0.148126051293975,0.41706313850268695,7,40285.45549154004,3,2,830,1
31,46464.189287541776,3525.190034440404,0.2526716087812691,0.4475456928342899,0.9490004397186727,11,52516.385296644985,16,0,775,0
46,32846.097023801805,1603.339455008076,0.4337895011949326,0.7564397713308516,0.9557195415415823,10,18865.166058676103,6,5,466,0
41,39280.7089156213,4149.222054531263,0.3625901355055579,0.26747417691174935,0.5462375371393263,7,25754.12300686363,18,3,725,0
52,53657.82733956184,3352.7798275956507,0.14591429181975216,0.5606040784557261,0.9464314647341195,9,212.81689815441095,13,5,561,0
36,41436.55334379389,3660.2469308991035,0.34374465963500933,0.13109787340855308,0.3721593722362999,6,24771.28635188693,3,3,570,0
61,60985.19918349934,3300.137304454858,0.3476062145492077,0.8630024921219094,0.9679644739118073,2,16879.326904925063,1,2,487,1
24,62024.18647160757,1741.3592753600158,0.4937897931752888,0.7970039906653836,0.8766371703374586,7,34452.00180747608,8,3,664,0
63,73133.54491034258,1417.0396986693302,0.8764988029989893,0.545747813019006,0.48502803911106473,10,54511.03097106372,1,0,785,1
22,93022.97294263124,2016.8233991897607,0.4495148941340358,0.6999189465761573,0.7277147069787907,10,30369.154147290752,19,2,504,0
57,76736.78175814985,617.2305502934414,0.8272622322877388,0.18832874013853007,0.8529285982926608,6,40531.959594171705,18,2,641,0
37,32195.83647434897,2140.5061567335724,0.44232400977817204,0.8184280719377649,0.5511583473249008,11,42328.9703883372,13,1,691,1
39,32643.77633881841,385.5062273095313,0.14141180574369855,0.7079723014110056,0.5728636290184826,2,9145.91473048479,5,5,683,1
21,47377.50588201717,216.96762811693634,0.24562996098454914,0.20197228721631844,0.7462528486235438,0,20794.23646870957,17,5,517,1
55,40013.45650881052,4205.445439741179,0.39639002464896017,0.9335858923509608,0.44266925208806585,4,6788.733075899756,12,2,412,0
29,29370.703381004605,3164.1485005279396,0.326563457024657,0.11915087757547968,0.4244726841251174,2,26444.79622731542,7,4,773,0
53,40184.58296124286,2615.9418723836666,0.7859548944026179,0.6342342332038575,0.5073773252152373,11,53237.14089658462,17,1,668,0
56,39595.43765493863,1666.7387695191487,0.6268487618670687,0.24599174722969422,0.8169936395686297,1,28856.06104424482,4,5,717,1
62,36230.93232649611,2653.313463145819,0.5415621841308724,0.7113690018366062,0.5809575126392806,6,27369.17899313558,11,4,639,1
55,42527.01207401128,4033.7758382548263,0.46754511855118697,0.15984531587346212,0.6696356796406304,9,12559.412747715096,13,4,573,0
35,83308.25164755124,3005.234575958618,0.3876800255457068,0.1689357504166487,0.47313385078874554,1,18613.03680522335,18,3,513,1
57,53618.91188816651,2790.672591200068,0.5703635738572097,0.4963479794786624,0.47228657043023026,0,56195.9743520945,2,4,696,0
61,149091.29035009106,2178.8793627782156,0.15591609062772385,0.944908045591626,0.7597842933179302,6,18179.7194557225,5,3,774,1
36,52930.16508134834,1686.4972317986894,0.1881532099843698,0.3350388038050535,0.41827640867712584,10,43883.19513300097,16,5,546,0
27,43022.15100673186,3203.7525898633608,0.30764890038719495,0.6206489366430442,0.7707396581463359,0,2528.499894868548,9,3,410,0
64,49112.054715088845,4418.2180463680015,0.19550692399191327,0.5408092132181002,0.6024421669798109,0,7698.837605669875,15,2,470,1
28,55018.31398310641,2026.4580821385375,0.6255339111710942,0.8158016682028718,0.7729006755791041,11,18688.67497829389,15,1,660,0
50,59627.03041704928,1886.4823772610634,0.0710530731953085,0.34530116654938614,0.5904895705197578,7,54085.25168161352,6,5,505,0
32,124806.53491363152,2040.8879311696828,0.18615086791673757,0.5717027236047633,0.883012875699184,8,13157.49929274314,6,0,766,0
27,33510.221502795095,2029.8390626138025,0.8172168930739828,0.9080299878394037,0.3850003866058621,3,43604.676605100474,9,0,522,1
59,72154.9180543204,4459.686525484529,0.8979116759887739,0.3826979370856489,0.9127773064416714,3,10051.4680139814,0,0,622,0
28,53824.70109412332,3239.1465072901647,0.4644519061538791,0.4734947441136539,0.51925654166,5,36770.5227670885,15,0,501,1
53,24173.348795630733,1744.4931316055442,0.4710645620684945,0.8554913173281207,0.3768015922782534,2,35209.69384507687,2,1,604,1
54,69342.5817637324,1797.460207454907,0.7073889479018225,0.3826240286492891,0.704314785785775,5,37316.87406838034,18,2,705,1
23,86719.20093856944,2052.4267763994394,0.08076114097748881,0.42357269993874325,0.4913431651400907,11,17176.591299751828,15,1,758,0
29,33331.91476345393,357.8624065959337,0.4129682596158314,0.35850098754604354,0.6392979676059953,8,9726.179817154974,7,2,732,1
59,48824.12133874114,2469.6105286913753,0.13485369954271587,0.788101669026312,0.8554579498191253,10,53189.14494822289,1,2,628,1
45,22552.260461376,3688.9380915478882,0.390787425258013,0.8908289248721128,0.8486744592713356,5,34166.636250088945,15,2,605,0
26,27820.740791492317,3040.4415107922955,0.8862485649595436,0.6364340485668698,0.7282429382585512,9,12722.590183256283,8,0,546,0
69,78559.63602446132,1053.209641074629,0.6905882886828569,0.6300856115707046,0.9660593024543178,5,24799.74319172612,3,3,844,0
33,39739.962493041996,3330.5472379269904,0.8872889943324352,0.4315030767561988,0.642163190004978,7,4025.489575512413,8,1,730,0
21,29763.51701636914,3293.6720072277303,0.6841413318200115,0.11061118713577217,0.3748146859235324,8,28522.566996142454,18,3,800,0
66,54353.11279282089,1328.9186272906875,0.5668935610356002,0.2478469590000373,0.8662378443805984,9,25433.446570978125,13,0,732,0
21,38751.099394734134,2878.361024484821,0.6910877079881569,0.2253226014016993,0.48941513813582227,11,7963.574242403617,13,5,439,0
48,39661.26326755231,2827.0808424243255,0.610227922025337,0.19849970239108122,0.4610304496681254,1,26662.340110952595,10,4,519,1
69,68370.49914698004,3811.086782581581,0.4444561254166221,0.655940218645386,0.39410625083888967,9,38371.94037556235,3,2,607,0
49,29062.96576371168,785.1109408837974,0.2986643839044285,0.215896609517728,0.5565769644923424,8,55709.42668400548,18,2,541,1
49,32616.894010096206,1037.8055693995477,0.49215135043420166,0.17278885965621135,0.5554801492441384,8,42191.11163757148,14,1,808,0
40,52540.3117326956,2289.6688662015627,0.26971945281621595,0.42519428057757946,0.5407460651388649,0,30146.117182185564,10,5,621,1
27,75828.87273034499,389.82414023692024,0.4636748944758235,0.31166926352271374,0.7237115520542667,5,46203.06707166854,14,4,499,1
49,85577.02577865774,1987.0550496873382,0.1742150950329231,0.2239814637904999,0.8234715666767066,11,16796.116881050733,7,2,669,1
64,36341.74014211956,3589.34188059881,0.5305858341245346,0.2242086942247828,0.9407930327478237,10,40126.89590669335,14,3,570,0
25,74743.65727271647,839.4718941311924,0.25849113719028904,0.31777485076535095,0.40925154956849297,2,303.73000790846925,19,0,457,1
64,34445.58005561915,2177.7795688270567,0.29956688835033424,0.5563222988696351,0.4447405544675326,5,4353.067826971526,6,4,826,0
41,111501.59850062926,4456.007703544512,0.47417392051503016,0.7443812600775636,0.7216007816304774,10,37455.93818770697,0,3,825,0
47,29430.977013745025,2375.4560577269167,0.18814731506834365,0.8248601467643185,0.411825424142674,11,11552.974463277584,14,1,749,0
29,89126.80989220098,2342.7924437249894,0.8680229010905313,0.7387051722780226,0.5835814993101356,3,41323.77517588286,17,4,541,1
51,36482.254816157656,2602.812410013923,0.42990266808394473,0.633981270748545,0.7434679052440032,9,38205.19587022923,16,0,774,0
29,121292.57784677873,999.8187924307872,0.3494373451827384,0.8714808908915607,0.8417433701844828,10,3820.004964475483,19,2,529,0
34,63965.19127050676,832.8046955495604,0.07481711432869378,0.541776282324113,0.4870875510985599,1,23549.79999568019,6,5,795,1
56,31032.56952455223,3112.6249051949662,0.766766208645398,0.6383533147256376,0.7708309053811174,0,36780.13189841735,18,4,797,1
23,38754.132885575724,1901.7972825948118,0.5819588280104268,0.44987746778208815,0.7568978894837444,0,42808.89789500151,4,0,477,1
42,69670.44967437976,1446.5985013265458,0.40394438161510265,0.3782765707486342,0.8915581595427381,1,48965.049631604845,11,3,541,1
50,78722.94860735383,334.9839656555596,0.25870287943770437,0.38195501254206543,0.5476609223313139,8,19826.574099901554,17,4,714,1
27,47485.41943908639,3838.0171378674745,0.6833668058740774,0.22606968945544884,0.8225578748795512,4,50202.962535287064,18,3,505,1
35,50015.89962861001,339.0141231327808,0.8536533893804171,0.7771080030727736,0.8237599145981416,8,21255.265560338656,12,1,761,1
37,68958.4111352358,3424.927433558273,0.37368824980421717,0.14706287168351223,0.5006925614544921,1,419.2104720001821,10,4,705,0
53,52016.13782235784,1842.5508036938982,0.16464465812234658,0.673482457199842,0.7413294377878094,7,36600.35399022082,9,2,501,1
68,27389.71380449746,2774.3575851699957,0.14281553518182677,0.8347911639114803,0.7753521152311325,8,14500.115829475939,17,5,749,0
61,34001.5601364565,1265.015402967698,0.05540767648380303,0.5228140949375621,0.5228898999520325,11,7462.878119611662,17,5,419,0
30,54491.71628990056,868.2185647979145,0.6823621246559637,0.15967066456531767,0.6346339970797227,3,15501.468600288843,4,5,572,1
21,84708.14910658267,2493.568403590274,0.88418607801642,0.4641548423913573,0.6245399681715906,6,49674.83988476431,2,2,480,1
23,101436.8879904543,3191.1560883028174,0.893895089840533,0.3917426124499974,0.8373110280737528,5,54840.07849561091,16,4,400,1
50,69618.68266155102,1040.6211682641301,0.7165676661914867,0.937708421404516,0.3504354912256585,4,57701.79743221446,16,0,733,1
28,55786.14625066549,2076.343473960026,0.18785621155163706,0.6875754213761026,0.6656467652177167,7,18169.82178001506,1,4,468,1
32,68663.03358119233,2112.0163722530015,0.8810530375261533,0.7131558341045819,0.4661347125452012,6,27355.722491342978,9,4,712,0
62,36314.12697489389,1128.71034104169,0.3286414265516583,0.5384528811178964,0.7575104398749233,9,48151.56616849102,10,4,433,1
63,45754.52934518377,2629.7126188841635,0.3335766680686621,0.703002116275782,0.7786323836716983,0,19074.161310422664,0,0,801,1
62,33831.282642163205,827.5234531613128,0.6342364099585731,0.7141853302138429,0.6657097004769574,2,23108.59117877679,13,2,840,0
33,27947.01919638133,2391.9214452698943,0.09169180901328368,0.15640504863418914,0.6914786113241784,6,14236.469353778526,19,1,542,0
51,56959.57332280692,687.7554988737978,0.7519042704214254,0.2892155458056798,0.5484866591047562,6,34342.039161103545,4,5,618,1
50,53288.775019386856,2287.832358077091,0.8977026850145824,0.11102242211455315,0.5473932879592339,10,39556.00192951862,15,3,679,0
30,66799.01527534668,1539.8759359648943,0.7088093113764298,0.533336295039286,0.8194237477057271,8,19106.367305195785,1,3,665,1
48,62677.0307577464,2144.6590559506003,0.7144250175262332,0.8444298766106225,0.4329907614785814,0,1453.8309906938562,4,2,412,1
46,54676.53510696347,2065.122245605649,0.3817666199815683,0.6181213544910291,0.8360470882567745,5,44154.4688021982,11,0,840,1
40,62974.01749275363,4104.112428119949,0.10603318066330839,0.525176398636553,0.762658304409213,10,36995.83736079542,18,3,820,0
57,48088.22418575132,2306.72307981279,0.7237673190992598,0.8870709704690439,0.9072190513329638,10,13139.927136081646,17,3,619,0
54,59030.00351909398,3719.54528667056,0.5575843738690804,0.24638573436849082,0.5138911560858724,9,18878.860509946244,18,2,649,0
47,35356.411214249085,1170.3052895203755,0.8229378857537717,0.16341366193403284,0.6688928026442085,5,57426.81535618064,19,3,476,1
56,57893.92099148514,1713.956016927313,0.14856846514180766,0.87970987594826,0.37456339226341606,1,37812.21270055716,16,2,736,1
58,66223.32083597865,522.884336722721,0.30935460362999206,0.8673644916809913,0.9248791422845147,2,35728.66538348307,7,3,631,1
48,36266.26891895526,2009.2155177324225,0.35655773066487845,0.680526613281007,0.7754966202278697,10,38381.44424781261,2,2,527,0
34,50177.6227600629,3075.4095144222033,0.6307877522629878,0.30908228778164415,0.7424114069150083,4,57266.67208762542,16,4,538,1
58,37026.11933934703,3804.1182466704036,0.7195833886376818,0.9242994209987151,0.81159419662156,9,20391.54440957969,3,5,436,0
56,38679.76935186773,2633.4341207363673,0.8668673472967573,0.7505443990332527,0.5291271797583996,0,16854.95856630933,10,2,754,1
69,29548.308824172884,2952.3124792502376,0.3010960845755312,0.6728103960469687,0.7304319693139076,5,22604.548816153463,15,0,428,0
28,86647.0904442009,962.2484337528771,0.46959094727961015,0.2894746254131306,0.8545808035553044,11,48056.94564463365,0,4,653,0
41,79186.27985359954,359.98596440378935,0.07461679056910364,0.5361257958881482,0.40688550016356045,2,7257.532463398553,18,5,766,1
66,62432.7486253183,3604.2590242624588,0.2650396963925547,0.7991898051024497,0.9540546402528884,0,12409.481877161066,6,4,423,0
46,119072.54144880736,918.2642919975315,0.3679029819016943,0.8312211910224431,0.9118886855758302,3,13694.730748691927,4,2,468,1
67,45018.97905177575,592.0290027908354,0.554735275546631,0.5772155984310778,0.9567018653609148,0,38182.64347122083,7,3,743,1
21,191816.23566876943,4231.51797989836,0.4502186695592979,0.5443747671613746,0.8592595606899107,7,38494.9814777543,9,2,770,1
22,44250.04923481099,4343.14186545446,0.3598038008104477,0.6930312540614945,0.5354159882367717,2,22313.18300343867,9,4,436,0
60,54986.171662839515,2849.906353890727,0.5804662715499403,0.549011517665602,0.7163799446098322,2,16571.536353075626,3,4,519,1
38,40986.57851192315,1828.1402725553617,0.7543233255494504,0.45502888235581174,0.42570232601019115,7,45279.11587917091,3,3,672,0
46,57962.20864222299,3782.930026145423,0.25542896303707086,0.1726061597107304,0.8251250409496154,3,1903.5940169897603,9,2,643,1
41,71398.11286732828,1080.2958251422733,0.3414444973713504,0.2071422243582431,0.44679298957547264,7,44324.26264488562,4,1,632,1
40,46571.20092304518,2046.3870079476324,0.649185102233967,0.7462341479705672,0.8960990790022662,11,12616.439662251469,12,3,517,0
67,109045.87357952572,1735.1743857025876,0.7112495089447508,0.12096445493062787,0.501550880083071,11,54166.62341686988,17,2,642,1
25,54590.61050026591,4124.609960189231,0.7515873409744502,0.14445927192796737,0.4510595015882443,8,24821.594743351918,0,5,422,0
58,55365.85925028394,4155.042886057777,0.22793153606247435,0.8689470413734549,0.39466974912531266,11,38537.81420054663,0,0,792,0
64,32563.621438372204,2998.8094831917656,0.5083769170577533,0.6983975464364821,0.7981600306720112,8,7258.158586070522,12,5,644,0
53,59179.15122246856,676.182603172575,0.8150094337464917,0.1035808136270242,0.4673083794501647,0,15233.06450702712,0,4,567,1
40,46151.63884812413,2273.428995530701,0.38315788682776797,0.3652368682016418,0.47453072159888354,11,42036.515661333615,12,3,565,1
28,37282.97703865245,1254.911974763444,0.41540062668832234,0.748820691506213,0.4569088604335503,6,33021.32701993241,9,5,566,1
54,34564.641492084804,4005.137351693272,0.887099502315583,0.45496067998066725,0.5426509271551514,0,46228.64285787345,9,4,595,1
43,163128.50132507525,795.1320357696682,0.1460947491276296,0.49847814942939495,0.942963203500888,7,33804.140385645114,12,0,486,1
28,43539.9957605494,433.5341862010416,0.6497616910423907,0.4899792018891471,0.6565716570923229,2,34159.870843934565,17,2,670,1
38,25447.087125854352,3229.0448442653365,0.7726565079847582,0.2718142427701845,0.514353101762633,6,51495.53890376612,2,5,482,0
68,35803.478881209485,2149.130122363057,0.17817448913891482,0.7131827222135217,0.45734617861380905,7,25481.39503835044,2,4,541,0
34,47896.3448347446,3804.9690166932633,0.6572852506061518,0.1875553809431642,0.36190789441442595,0,53702.683179450236,13,0,791,1
29,62692.69199206283,520.9074140280406,0.4492774887088759,0.5311634397146704,0.5799453676530588,5,22332.914882699937,1,1,653,1
54,62922.458810896765,3644.6273702137228,0.7749572519734468,0.24446245334045752,0.4193387287624317,0,19715.652406202847,8,5,806,1
30,66468.04257132752,360.53943722988083,0.8213344693105202,0.1395528881405826,0.36701755727157237,1,46765.27660438672,9,0,695,1
66,36673.61587501837,320.70105123001497,0.7916121676813874,0.22175730178009306,0.41487721473957473,2,692.7839697797111,7,5,752,0
63,57136.487357386985,2183.6577324434274,0.10472736694216085,0.8389346958649805,0.5506685553272159,9,10331.527190328234,10,3,440,0
69,33049.88088373166,1151.5525456268028,0.6933269852927281,0.249725515063392,0.8230441319061217,4,4305.9443872669735,2,4,626,0
65,37092.15080612557,2752.990440128082,0.833298438737955,0.33661382766049797,0.39220133823617154,0,30726.305580549506,5,1,557,1
32,32436.219443595244,311.01307510932287,0.5781461745702914,0.21738056998734528,0.7775645719666467,8,37684.260079715765,0,2,407,1
31,28716.4387187725,352.1750321608077,0.5607446514067167,0.7252133364090948,0.7409417931447853,6,622.5567517504271,19,4,440,1
37,79133.7129761344,3326.7385335393437,0.08825457928839435,0.4786317921680263,0.9056538294440764,1,9687.81291242027,16,0,485,1
44,66827.85512125195,1103.71019871694,0.7776280688750478,0.9020897828483102,0.4659118153373972,6,18152.481515742336,5,0,403,1
64,76076.85942695205,3022.5936317411542,0.08944302670478729,0.664675894910717,0.8503886545777537,2,17653.580113716092,0,3,596,1
56,49895.738620736876,3424.6652944532616,0.31648316542697286,0.551680837413756,0.8948650867402874,7,5827.963013671378,5,0,423,0
52,69533.46764464892,455.12401261736,0.8369836054941332,0.6581362918839426,0.9651850029405942,11,10370.847363032186,19,5,771,1
64,22190.50487227315,3509.9420041962285,0.8572833713200854,0.13436157572821453,0.8593860955520697,3,50823.105658342276,16,4,666,0
52,72286.26249586414,1354.21123723353,0.8931154594045342,0.9080612211093868,0.42797396651608566,8,42034.86849684023,13,4,833,0
39,53087.87951756272,1875.0476202589175,0.4549419427709533,0.9129651688546608,0.9466912764029614,0,17765.6629598008,18,3,437,1
41,65003.690232056295,572.5485268698617,0.2008151144238592,0.3347188882722002,0.8634449932663838,4,15804.447858965099,3,3,435,1
46,58163.33687243917,3806.108928468867,0.4647528138047213,0.6340511603316635,0.48376486620644643,10,4811.952129201111,10,5,790,0
25,31439.652084220765,2611.133781200785,0.13696598632059184,0.2716279575188934,0.4540743623441659,0,20934.35624387903,15,0,576,1
57,24981.281941406305,2370.0606947428405,0.7916556926244743,0.5653510254103901,0.9399409147522402,11,23884.170877659682,0,1,741,0
52,35581.30452895764,4364.785686881849,0.5264566482765292,0.7551708532557343,0.4480901344467034,1,54250.8993832467,8,4,485,0
56,63209.68275653587,1638.3747677448844,0.39383001429174197,0.8988484660845834,0.8395751328077246,5,44586.9428409126,7,0,403,0
47,66872.36869644052,4030.3509318497927,0.11760109710868374,0.38833438477582105,0.6053133301857896,2,28749.226460940445,3,1,624,1
59,26487.441001850817,3294.657888577798,0.39445457529413586,0.6894794735863472,0.805997317260438,0,8091.436127404799,4,0,657,0
67,31524.026643016776,4192.670984164628,0.7862628671315925,0.7089630471951025,0.40786636950498867,4,39369.69894049975,19,0,450,1
48,35402.72031856469,4103.5488268785775,0.6478950426056308,0.28797648099003004,0.8067867212752355,6,56160.7387662629,10,2,404,0
42,41739.89741358858,4461.4281616121,0.1200871898843216,0.6346773117693834,0.6725041677110206,8,4682.691120441227,1,3,495,1
26,26557.75637305819,766.2100337597775,0.18592111976724945,0.6571080958096102,0.917238382763474,3,50916.466071685696,13,0,449,1
59,25850.279835529105,3622.8704859938584,0.3834622171013789,0.7494646903941291,0.46869100286369253,5,10806.873313149452,11,5,848,0
65,33866.24642316484,3659.3257262742636,0.13616882028303084,0.9499551688363536,0.4188943291242509,2,42076.85605884372,7,4,844,1
55,50960.9140295704,2970.806171167493,0.8439350131942803,0.13419751401250848,0.4736187880454654,8,11031.362234605016,7,3,407,0
63,28817.339390023673,1399.1021204242686,0.6044482379362445,0.2719592871259244,0.39950248136710936,2,36000.813293238236,10,0,605,1
63,46531.669325055635,4350.1375680017545,0.1305995511083533,0.22331666713177958,0.9674948407428986,10,14257.475053753384,18,3,573,0
60,78932.534053706,1079.0151929279011,0.7198488430233916,0.23126894455759714,0.4273996743241058,2,32501.883729196372,15,5,412,1
45,27287.912516597968,2348.174126941288,0.36314503928615144,0.4861113615286703,0.4765360957246571,7,36009.47214874063,8,1,699,0
25,44671.87592785636,2442.3945851225008,0.2581400478702377,0.8467560731209968,0.8601020207841252,3,37111.219506428606,4,3,782,0
21,77741.19143539407,895.866182794967,0.5344872006487374,0.48141477870759175,0.5054552692921255,11,40967.93266840475,2,3,675,0
31,40610.390006340596,3306.873936032936,0.06136631315246011,0.6682083381592513,0.49004480432003883,3,4141.774523096548,3,4,812,0
42,37867.505139094676,582.128805975031,0.44558801108861673,0.4200242711506862,0.773555161656841,11,42203.244230276214,2,5,686,1
57,82749.48887126305,3180.320449040857,0.7672342441308941,0.3717138180144479,0.6012220951770921,10,9275.86345412481,16,0,646,0
43,42710.88413294265,3849.0466340497387,0.8388489565877332,0.8090999071046858,0.8763518668941968,5,40621.9471882156,11,0,826,0
22,80581.37008092718,1702.404627854318,0.3411714987539738,0.6572153836006567,0.7521096877674356,5,7442.256854244513,0,0,717,1
31,59458.53310749788,3250.509476976561,0.5960710999402877,0.39826099487015565,0.5315752717632204,4,28764.88263310532,18,1,744,0
68,42012.392202668234,874.1282350357542,0.24279992261350852,0.8770362220600901,0.7266916636404087,5,23206.105558908348,3,2,751,1
69,60831.36087077752,3837.580706247378,0.5261811103370028,0.523734830349998,0.8958708215751723,5,58040.78139859604,12,5,414,0
39,56624.79719483296,4293.7363037788655,0.26592356723021066,0.2600335352043952,0.579624265148051,1,37848.54994466739,0,3,730,1
60,77605.7863262338,856.5828820490407,0.5356530323333349,0.510738583097529,0.8139765545602671,3,5292.354795078886,11,4,736,1
56,38301.50647556057,3174.9957380810283,0.19596379969924632,0.6734945222434544,0.6119747776376069,10,42053.187686277684,11,3,622,1
66,49938.26043122327,2375.073715193061,0.8500476732466319,0.41204570086773795,0.6921362406004548,11,11648.303956738995,18,5,653,0
64,47682.414692618826,2485.447126879228,0.803879854946198,0.8172170258340844,0.8122310175128892,0,17169.021762801396,12,1,774,0
51,67296.71234777686,3237.9057899829595,0.33638051203151387,0.5531723835151857,0.3881322439252016,8,22706.58242667851,9,4,463,0
40,30904.879483305533,2301.58414714668,0.7101634555862012,0.4976000629442964,0.6366181990752654,2,46573.526418503956,10,1,637,1
51,77469.50636901456,2781.403485676182,0.13117851112236537,0.8299047097741608,0.4099845150753503,7,56644.856327183414,12,1,746,1
36,60466.69203132754,1192.874383468922,0.6793067723996103,0.49348013549623004,0.8067534930174187,7,55460.110610879026,8,5,516,1
38,27102.566762476195,1827.5783649011103,0.29009026017079853,0.45224862057319404,0.7329179470666376,10,10241.017907640768,14,0,518,0
50,84433.39447529528,3920.5335053074587,0.16529550337448295,0.18815893603347156,0.5559656860452453,8,3624.8086436747885,10,1,401,0
48,133966.0764898464,672.5808000880581,0.6264625352180717,0.4081180970284204,0.3980573534374863,9,49711.9811567707,19,2,540,1
49,76943.39389755536,2769.5736220146514,0.44933579514648087,0.43749105547861944,0.9332555510788482,9,17293.095769890413,3,0,561,0
39,93166.46750847725,992.434367610028,0.5006186614708773,0.2535289713408163,0.5484523439450271,7,34969.566229375254,14,4,828,1
41,50940.681234737494,3840.1202710704993,0.4924503165172327,0.5996497214561926,0.5234873697599464,4,58717.64791417864,16,2,437,0
21,23209.63530063495,2689.889001570264,0.10053078479011661,0.22226575996779555,0.4136331316780777,4,11185.32032232422,14,2,690,0
50,21378.602058721983,1933.1097654821658,0.09367321172877546,0.2901363203133074,0.7137325217308457,4,22491.3535114113,19,1,428,1
49,54983.417554221676,1274.246096702817,0.5609923783558824,0.5769281878663696,0.5173616768954565,4,52055.93676876696,8,5,759,1
66,37556.792633117504,2078.4322065154283,0.5802849460021041,0.3286360300160265,0.8809974417934201,3,38998.83282468248,10,2,611,0
45,32481.97745808917,4317.733001463492,0.0900983730378474,0.6437180636091003,0.7801430736848938,3,56253.180405173545,3,4,591,1
43,47656.008239988754,2389.5999458975684,0.3716734321046451,0.6869361629825987,0.3524663906599262,6,37903.15889753002,7,3,824,0
24,64667.45755519758,2218.804986309399,0.5709235876263633,0.35609684901565275,0.706375005349598,3,18214.198082449042,3,5,737,1
30,25495.547395452388,3408.977398051329,0.608178557390115,0.17427952927221196,0.4960558463964293,4,48306.51633134929,15,3,447,0
37,40054.851084783615,1829.9024045771987,0.7540343953850688,0.5160340587545805,0.35968128561751395,8,45555.825295264665,15,5,519,1
39,96707.07153915205,2037.9229844874142,0.40762244105734874,0.17896365707804457,0.7402013126820909,3,56017.13646473181,3,4,523,1
38,30215.79950264165,1648.875245757962,0.5160191139749235,0.5379503292952879,0.4790960469294188,1,28570.015932781957,16,0,674,0
40,72503.67536331376,848.9549479163829,0.5417763192674947,0.7172851658096161,0.9167705602705344,0,30170.357228058583,6,0,773,1
58,39413.794857854016,3269.3796210713977,0.3152384908052711,0.6272803227501829,0.7112298668006021,9,19429.386021700524,14,4,686,1
27,62668.06031290928,3954.032929699582,0.09575159207536987,0.4810274950302149,0.4817866191236228,11,16125.500070391998,18,0,580,1
37,80321.88298919145,4094.0483917438924,0.05359203727433895,0.9039797657129154,0.9668502870029622,8,59791.66914847797,16,1,735,0
28,68430.69738714499,3987.4526335624523,0.7607066037007462,0.1864851481198449,0.6942581869650027,0,58635.33097463366,3,4,741,0
36,73800.57641033786,2142.6703504833695,0.22019704914402838,0.8480012808751415,0.4542474684396164,6,31778.78778007068,3,2,436,0
54,29195.880804504734,1421.4846264737441,0.5857164645352653,0.7801095417450226,0.6758625672065166,3,57305.13494183019,2,1,644,1
23,80914.38246576005,2943.072123283541,0.5404903568473316,0.4567777933098969,0.9543899066805525,3,21369.32685638655,16,1,719,1
37,33399.22911851088,4305.231121195936,0.3896881152294411,0.22993709611560725,0.6172524454305979,11,50999.65944448118,10,1,671,0
22,55093.873185736025,3326.3177871250014,0.7584693123955387,0.23248676791099504,0.6179676724936849,9,38092.08947072012,3,5,510,0
67,55061.76224839624,2327.848814837673,0.6436413563393721,0.8835348966313776,0.6405098350016231,8,43023.96684837985,11,2,472,1
56,60980.23970974518,3161.8768704078275,0.069330243923297,0.2986489646365211,0.526465237227328,6,43092.175944254566,10,5,530,1
32,57046.98492652376,3521.913023553907,0.710189962353182,0.8429983517896543,0.4519236762175004,6,38149.7190003758,11,4,558,0
30,33533.00677673387,4152.857823710704,0.48094899530149793,0.5278009369407456,0.7147244531221086,10,51139.68067920676,12,1,814,0
25,26703.760160845155,3481.827742080263,0.3449663957204198,0.49247444121826156,0.9133461239320574,7,23520.795039434568,3,0,679,1
44,72588.14576322949,2062.719389234394,0.6678519580349263,0.6265845774462475,0.8135097373978943,6,50951.33705778537,7,5,776,1
57,53296.47963684817,1376.5080294015818,0.633155785199329,0.282783220459248,0.41059806681165734,1,11004.909835232915,14,5,412,1
49,82225.40350979756,2349.4911583372427,0.3140000021886067,0.46411507295073984,0.6025348549149196,11,11997.565212003412,18,0,752,0
64,48043.88675759463,1611.1651618035287,0.8855830407731992,0.8977117729841904,0.35333640434046626,9,43040.59322352019,4,1,484,0
37,26047.473025458177,4253.8877485575995,0.6014022137049904,0.30251838963193733,0.5440024431088581,4,45007.793419655245,11,4,654,0
34,75717.02813377838,2384.2531268348375,0.5649127555858096,0.8833460250477889,0.7717072533468741,3,54138.064492054036,18,5,573,1
44,41495.20783320551,2229.842244645236,0.10939830895950625,0.9450782421178019,0.5328475985993364,11,16480.974288283673,12,5,788,0
30,57176.68879997011,1697.2437380659105,0.28742096329302685,0.14412110986417226,0.8795517410299548,11,3364.167143186554,4,1,703,1
68,36630.74731132106,2949.4500582538813,0.4299279019774752,0.5516722542026659,0.6507520545306482,5,30448.303524413674,11,5,607,1
30,102737.8389468185,2436.2204980700753,0.5860318486632249,0.2460464047396353,0.7715759425891637,2,52520.427922607545,0,4,629,1
44,33042.365797682985,754.9103684625031,0.4858490861208211,0.6284571175631757,0.9068350906673346,9,58287.951218811206,9,2,718,1
46,42114.888812451434,3937.5935865711267,0.6985779934506826,0.9411112467326442,0.7801704944491363,7,51469.577712283884,11,2,723,0
23,51449.28870617657,1743.7551782183332,0.2731825555977166,0.8623487611054749,0.9153155086998478,10,29397.386980356314,1,4,657,1
43,29986.961599150152,2060.087248820063,0.6468334459901117,0.8861211923654004,0.8590811742329415,6,51802.93416426186,4,5,727,1
43,56881.97510056026,1084.3683436533902,0.7441074898574882,0.28134734131528444,0.707250474598466,6,12838.255432142156,19,5,755,1
33,101251.18765848863,2579.6122927569236,0.7002924792455103,0.5609716590559063,0.5372568530110089,1,55270.17907409151,12,2,413,1
27,39312.27254816593,3218.8367684429068,0.7052195968998285,0.29960636393570805,0.5378297149303544,7,34010.75766108284,9,1,565,0
23,58560.416944531455,3989.0108786915403,0.8052309986728406,0.8645110014410036,0.9014585866107643,4,23361.81514812613,4,5,805,1
21,20000.0,421.91295938072943,0.12155176110841608,0.26248089411310954,0.38394706473525614,2,34898.4709298593,2,1,544,1
44,48169.526017121476,4385.327211707327,0.6426128356679877,0.23086507554781982,0.943105214300999,9,47040.4925920317,8,4,770,0
25,42579.61818198664,3226.416290687534,0.8733764709489918,0.11033823695691596,0.5560476741210718,4,14407.29076588598,10,3,647,1
68,33917.15046689955,1422.4843429695247,0.5376030523933575,0.25465568107362846,0.8154887676824454,2,6112.788166124153,3,3,521,0
32,79750.05508220749,1079.241446560054,0.23471886518673374,0.26129841982635293,0.5579187441615924,11,43987.206219730884,16,1,557,1
52,42327.41836162807,1473.178050214771,0.898940734908081,0.16586665939676992,0.9505798752168912,11,57148.13797997538,8,1,618,0
54,45258.01818132803,3965.6207321657025,0.19847569889825706,0.837579937901185,0.37297863899873723,5,38218.685518454375,1,3,456,1
45,41368.01209058004,1452.9777447425868,0.3352240427686304,0.7629981373917054,0.5725908922833993,3,8555.007245413479,2,1,538,1
64,20690.5604369194,2190.1308785961137,0.19625286015459265,0.3163092727451683,0.8965004596271637,1,38603.122167423404,17,4,706,1
26,29454.621447054775,3234.6736332416,0.444835938437558,0.7657690478145222,0.5226556196562934,7,6997.925770853006,6,5,807,0
32,75545.62586120045,3949.5564140127076,0.40604460816931454,0.45883986477727856,0.5236402702537637,7,18211.485181194712,7,0,827,0
33,20000.0,3031.855998088248,0.4675547620339868,0.7591922629459568,0.9162136441232281,7,1895.862071937986,3,5,572,0
27,34723.01812893288,3438.3695450980176,0.8387858900471151,0.3745565040598975,0.8732668194987289,9,29250.097445274005,16,1,757,0
35,40950.773363957254,945.3052240726091,0.4565757279590913,0.5799560925146955,0.4166358530367252,5,19281.25113047407,16,0,578,0
36,107433.76963664827,3972.853659071897,0.4874323772815975,0.42436896066104324,0.7155133432176883,8,5851.31339072382,4,5,763,0
58,69277.23933270782,1385.5924895578758,0.8036797900306979,0.25952444446994877,0.4907389686541531,7,18541.638136959104,14,1,810,1
35,38149.70342738287,752.0261054430175,0.7450942949126075,0.5977879514017006,0.4855371112118605,9,38854.207164969775,9,3,600,0
63,88170.80372796023,4397.850448464878,0.2537637265416276,0.7382061799811733,0.7377045117492443,8,17344.893330028244,3,0,670,0
58,35128.49420290162,1067.0516794528921,0.06098706194452268,0.7401410559050264,0.4280356834239579,0,8584.3270435758,15,0,790,0
65,77195.38169967076,787.6034713352989,0.5850746533717435,0.40284600557135697,0.6459607706318748,7,32687.847901546716,1,1,462,0
26,26595.710951250603,2891.8898704376825,0.768122350261892,0.5409050031449538,0.5111676925856143,11,45193.636235188984,17,3,511,0
69,79456.58289113382,1571.1115428332098,0.51992259571884,0.7492118087973233,0.8879711577237351,6,49808.48137238748,0,1,681,1
51,40832.755106363344,773.4015822761213,0.22950038201091838,0.14632295534420223,0.6993313663919232,6,28325.82678678863,6,1,480,0
69,30858.67198882057,2784.820804028267,0.6801518270740108,0.16110508330573126,0.48551856369481755,7,42664.345255423206,4,5,757,1
38,44457.34077565301,3463.6364770556124,0.6191083902195795,0.41978932897626575,0.9336733612147373,6,49999.664906646125,4,1,519,0
67,55537.007586155385,3610.753009090773,0.5302776567972699,0.28995086087462174,0.8684248141562535,4,40373.35383430354,9,0,552,0
49,39236.51927538659,868.7041843527712,0.7838357479178362,0.41844911661768736,0.5171341051305256,11,31636.284304998375,15,0,764,0
24,62898.59325781997,2594.5283921417517,0.7166059999981779,0.17969011788068,0.9554620719165905,0,3596.362028454172,7,5,637,1
41,37708.95024735608,3698.8169939302807,0.6177592777093633,0.6032068260739943,0.5186755177994891,9,17402.0624757496,10,2,755,0
27,64806.91420023126,892.6741491239966,0.6150448686697356,0.6709794300952012,0.5343651668895951,1,19188.909446743597,19,5,682,1
67,59814.293188951415,1093.033682613902,0.6128722391535336,0.7730644317098203,0.59315691321201,2,23700.67505604475,9,4,631,1
35,47695.13239206595,210.36900895621378,0.4963900331790793,0.6529444973640278,0.45382728888637747,7,57053.56219825877,15,1,629,1
31,40190.17972976343,2455.9268724997387,0.44433339794726995,0.43692418575516445,0.7828201673890438,7,12532.520541170574,7,4,761,1
48,52480.311442245555,1037.131296506389,0.6531603905739117,0.894688991095179,0.70112251527151,11,32493.294660437627,1,2,849,1
41,62793.96093426478,3314.2430756256663,0.5689203092496965,0.7173822136237918,0.9135113633777115,3,59473.086401653214,5,3,410,1
25,123971.82719453049,4337.519579155704,0.46648347795546163,0.5485290589527592,0.5017513921573159,0,37127.67364683949,3,3,628,1
61,74812.41976429912,1097.6486026960022,0.15766215082438537,0.2758228470852534,0.4572454585574956,3,12534.643420690898,18,4,752,1
62,76053.74021041341,2991.1171505831903,0.6466394703551908,0.6516287387257833,0.5759327373881037,6,57611.45590668646,0,1,689,0
57,196777.80695173398,1110.888184271599,0.5990987849912706,0.6029624463230626,0.4420484706100959,4,20177.56014322901,16,0,617,1
51,61832.309516854264,277.4294936127272,0.340911162077478,0.6808304990969145,0.9460751477449644,3,2872.2425759178627,2,4,757,1
40,60967.09553084036,3461.783035122715,0.35287469128281523,0.763956050512056,0.8019914190277273,10,25881.70604758082,3,5,610,0
47,67292.6827215616,2066.2201095988394,0.25971402651496445,0.8777921761314904,0.8516007424289729,6,14439.341770502888,10,3,461,1
46,31131.184414734438,4271.183504513008,0.8676279679102661,0.9066981026544239,0.8212674827244155,8,49131.82638572071,1,0,522,0
29,40144.64210863032,2497.429293216644,0.7811711584384142,0.6356576768067568,0.5029760801067927,8,13197.350054835324,1,0,419,0
25,39035.38533333039,877.1763365954411,0.5268916750003843,0.9210626303903418,0.43861368195274897,4,49191.24133426876,15,3,715,1
33,65606.2529499651,2134.0300997282948,0.3914051745747371,0.8747090391504824,0.6205431572959528,8,2170.2609920885816,1,5,837,1
43,45325.33592192587,1072.434717665871,0.6763014741419598,0.10222220346293791,0.8722820467179232,11,55749.439075127375,11,3,570,1
28,52166.747064388655,3975.5258725522704,0.4985689497070976,0.6419748463091066,0.5582246570184841,8,2531.6116071008123,2,1,729,0
26,79965.82053641696,3170.8836778163563,0.8794733788278469,0.25169899835895404,0.356024653603838,3,56312.3906392195,1,3,842,1
62,72288.31901842853,1667.3268600152253,0.09685422183383138,0.35091375628972366,0.7658382423365264,9,4421.476549889769,13,0,576,0
39,45580.05678504719,2469.627388070704,0.07914287394545386,0.35287516977525046,0.4760397346374934,2,52355.016153505385,7,2,797,1
49,36261.15026144373,3078.7648093160224,0.5333193652773673,0.5106601936915413,0.6919861523067332,0,49879.922258983075,0,5,407,1
46,81705.25743309215,3566.2881815753285,0.2227873392855707,0.10923625129436146,0.35937443151613985,5,35665.43025644461,13,3,704,1
57,69442.26948038796,544.6330024433292,0.5636585390176636,0.30042694682095805,0.6705754090415936,6,2159.165043940856,19,0,474,1
57,23793.897798579546,296.8310205795612,0.7142095742651008,0.12475281341586114,0.5979733460333421,5,37268.568406176884,11,1,751,1
35,42577.47887212508,692.1465978305262,0.1673932970071419,0.6529747808613522,0.9046595517991012,3,37070.7852496116,7,0,404,1
62,52811.379003633076,1898.4841337420207,0.4245169905610987,0.8558944418889082,0.8047426936497388,3,33431.84849863017,16,2,774,0
39,69596.76551134374,2206.838423352996,0.635367020931952,0.9481203608571422,0.3726977375888242,11,37891.534286803246,6,1,578,1
61,73831.86354216142,786.7850099195481,0.7587840350720255,0.4812733580147829,0.8473991098824609,3,58086.44419471761,12,5,506,1
40,55701.24070979502,1967.9584929683026,0.47189247653090366,0.32111994375002983,0.8484732962566661,9,59730.434859418005,9,1,649,0
26,63790.616971920856,2098.977981355871,0.22523054887011834,0.8251380572210885,0.7679480154498624,3,31229.7483987504,14,0,845,1
58,50456.23274027428,669.0868438131928,0.547929367247788,0.19618473990940188,0.935456943619307,1,5508.037457354131,10,2,472,1
22,36198.27483978558,4141.637828841656,0.4363395084162496,0.9281031338977197,0.8560497224296657,0,8038.142618710675,9,4,539,0
58,43583.37389951494,2776.3274886271424,0.706136612953813,0.7076118365104719,0.48790615869923115,2,43221.05276040092,8,4,687,1
23,49441.52978905136,1870.7027809620129,0.5222396545725059,0.5283444655623021,0.5903739075653232,10,58917.81523338394,5,5,442,0
31,48261.73730983661,2379.7008889304884,0.2875094182248662,0.18215295672559834,0.5704516301349151,5,26163.31342391686,9,2,829,0
50,20983.510479494977,1551.0491918158689,0.69123398176301,0.1154665453533057,0.6680919243568243,8,5882.324754698931,1,3,635,0
67,40992.012075642226,3873.62343607175,0.4900849610176657,0.5628523678596483,0.9508395807245102,11,21182.67315029691,6,3,845,0
41,50276.474549630504,2672.5646787445658,0.20091456943657837,0.4517729313240182,0.7378269721221213,0,23100.616627231342,1,0,586,1
26,43190.83088372339,2328.052001892237,0.5286114746706954,0.8162648202077312,0.5471516074346812,1,59795.72003311589,6,0,774,1
32,43867.51254762011,4116.80723331107,0.856072050868992,0.6459596577394213,0.9431561751828264,11,41195.00119766324,7,4,548,0
64,61059.013923961655,3803.312702406491,0.6496888217970758,0.46711189452134083,0.7911710278827092,6,7071.965164244787,0,2,599,1
56,30165.95549009737,3695.048133131152,0.3039828572392821,0.2921060010860148,0.5176307297936621,7,20224.60301654495,5,4,556,0
25,23561.775688845948,1170.11957819693,0.6542421989989294,0.5083588774902053,0.9211030443454045,4,2913.522749935551,13,5,646,1
39,41911.83792809481,858.4293793139342,0.2902153643518521,0.2385451369682331,0.5668541256157423,9,39183.63048668696,19,1,500,0
33,69137.42589659173,3167.415034764815,0.5112855119100725,0.6669607631022075,0.675213103618225,7,40364.356132624,12,4,626,1
29,104757.02162621428,2215.161702268002,0.49760639921941985,0.614869711595896,0.6519103927845428,3,3449.8047044348,14,1,777,1
62,69700.1471259833,3139.964665714427,0.2602822470750331,0.7885606629072723,0.9318874501784878,7,20131.196477925758,13,4,470,1
51,25318.263912719816,3470.6970980778005,0.3456990198978453,0.48209988140593485,0.5173679164226201,0,54170.30201622075,18,0,756,1
29,44153.820740678486,1469.848081582429,0.8508542365681389,0.3368512530733997,0.5599832505257769,2,49608.96180448826,18,1,784,1
52,55021.839734944355,1423.9968624280773,0.26300875595311857,0.8109360553503921,0.7659009155025053,2,34452.75418867297,2,2,415,1
41,53099.13954194641,2310.57573491019,0.730872987086338,0.687347519240902,0.9085678928356229,9,29077.40162847622,9,2,704,0
24,62485.327541255574,1376.2620481639387,0.617264993010319,0.7007027894504475,0.4223769771213777,8,59571.114724019564,18,0,618,1
43,32445.854840889308,3069.369686869658,0.5027347626468999,0.5488718856953937,0.48222661691043633,1,43331.73357114763,17,5,687,1
30,50474.543012361544,3410.9409172870824,0.16688763904538895,0.844581822653842,0.9472617239650646,10,57158.112671748735,10,0,532,0
33,59227.73888627643,2229.767468028951,0.22388513980042113,0.29361598135080547,0.8396971757747913,9,4295.112861191,8,5,499,0
64,71079.3351718288,3312.338992074166,0.20213098005184332,0.44143822154998247,0.5680239535173662,5,12729.069381513105,1,1,529,0
55,34112.76130301178,2394.881547004338,0.5487751201276895,0.7767976859151,0.5753099290901658,2,1866.6621446928034,9,4,468,1
27,41968.701191843065,3265.3484044581396,0.8773757172107064,0.213016766673379,0.6458063385197913,5,52075.05688135052,10,4,582,1
62,20000.0,1167.3634655216188,0.7956533733587455,0.7868930690637824,0.7744936848441972,7,41653.88646991983,12,2,792,1
49,37061.80170645356,3377.0250975120803,0.07146410049014067,0.3997059376212142,0.7034558959303605,7,10659.099170528241,10,3,750,1
63,38716.196209083304,3275.0333008651764,0.28266763079299456,0.20667814417581193,0.8389555700740263,4,58451.43644652764,4,0,480,1
57,30982.783905895805,1346.4045403114637,0.18366884009646883,0.1672770627049447,0.3841250788214891,1,57347.833356882235,19,5,651,1
37,52813.676860728774,2590.6752614727525,0.8793261656132165,0.8165744109406741,0.8659956677845569,7,13475.868295482416,4,0,433,0
47,47802.08589889487,3877.840171859927,0.2502686994081428,0.7618232137817902,0.38657235160405334,8,38820.58518256263,7,3,426,1
47,20000.0,1272.9473819814875,0.22111620728297482,0.34483514358108897,0.9050135727637147,3,40086.17500413515,10,0,681,1
56,54012.92162028239,3364.7130712631083,0.5777439995449204,0.19890786085185647,0.37725029426892426,7,241.0053012869362,5,4,536,0
33,32281.646927618563,4302.056883731614,0.5227585960385684,0.31014926213206034,0.43053443176864564,6,41326.78753610997,1,2,716,1
37,60995.78434297428,3924.8402549575294,0.24197376121404962,0.2810394903396244,0.4635161542447402,6,13280.411686323248,12,2,470,1
32,27533.726172956558,1926.5363555251874,0.6198101348566559,0.7230973039383685,0.4905219927479787,0,54079.12503611035,4,0,453,1
35,49687.21533825774,2810.9932518489954,0.13245612960048578,0.2832286217033799,0.6031101057318597,3,50310.42795357095,17,1,721,1
28,43155.98987257586,4464.611577286627,0.06646370612625835,0.2836837435024814,0.7629536643326853,4,54317.61508025742,15,2,493,1
22,56184.480397097715,2644.2808689155895,0.1200525721003948,0.1274279126240271,0.9123401306019001,10,45453.23774066081,8,4,426,1
67,51850.18465297856,694.6186904505763,0.3601379920794067,0.6073307350630903,0.6804367703859793,9,9894.326312855053,9,3,754,0
24,43703.17886046024,395.35224554867193,0.8787638786935948,0.6856326160176912,0.6854685367337411,10,21633.25877931095,18,1,717,0
64,24555.164033024546,3598.352391899322,0.5151599489879594,0.6554668986058713,0.551162211708301,5,42535.888415185174,0,3,818,0
21,25216.565444500517,2021.6017992279385,0.6915171875631471,0.5833092827326667,0.8544286673126847,3,19399.502595492744,7,1,669,1
59,37693.79900979257,1261.295429705536,0.3232713893968254,0.9211637065147099,0.4196063237144644,5,42601.97601700449,1,3,614,1
37,48838.49203978408,1694.989731842072,0.6614382056608298,0.5018277353505249,0.5396950038146578,9,20169.523498356266,2,3,701,1
46,37282.83916504815,3456.703326149745,0.8712540184040038,0.8311160319030495,0.41109829065566017,7,10663.767261072508,18,1,756,0
34,64948.203940531435,2200.5635432254653,0.3540967567397453,0.649108423820738,0.4849339158605147,7,31089.829103372173,2,1,683,1
45,43232.620193203664,3934.5478178612693,0.8992005195247713,0.1715376495846606,0.7195566842801439,5,41173.665570214966,19,3,543,0
43,31753.056704657592,3360.180031744107,0.5926484583769162,0.7885751918296758,0.4293550444279747,8,31031.74123696552,15,3,800,0
46,43254.50497275722,4388.260846915327,0.6863027005950153,0.5967302604363455,0.4133892110160186,10,38512.03789795739,12,5,716,0
40,54265.119136894355,4020.5661971963264,0.26434215302092745,0.6554968104266193,0.8703238112069459,8,26283.061086259848,14,2,794,0
47,56737.924211211954,1294.5530106798394,0.5966271538006555,0.2531933202802741,0.4245284506993065,4,46699.87973900069,3,2,650,1
61,114150.22344187691,3033.954701050979,0.4843553137430293,0.4718665800210038,0.7330736104446565,10,38997.985358682454,2,2,602,0
42,36278.87144722664,288.3350484710187,0.8629422486558207,0.8484951032181415,0.5717670452233272,11,34476.398045119015,7,5,779,0
38,47426.41364085989,4461.758915047272,0.8189737906210882,0.283116514123368,0.9147112867190351,9,26122.302928533638,15,1,675,0
27,59382.555042822394,1322.3262678511653,0.3871717090863156,0.10010617055661461,0.7957565231891777,10,32143.653368277333,6,2,749,0
38,48506.81916389863,3058.6189025814115,0.8548392888074984,0.3188824052998538,0.387441045853228,3,3060.583301487707,3,2,800,1
27,39133.017786771394,3851.360571158131,0.8020906698375083,0.5144110817999502,0.9141449096208681,5,40003.1806010121,15,3,527,0
29,24412.10196866596,889.9980497302772,0.5518262728137684,0.7980863368066331,0.6107563035577026,2,12264.70375592527,12,4,486,1
67,38953.52112725387,3845.8811740850606,0.11980022247110925,0.6467972654873483,0.5378832928599819,4,51608.9376235105,10,2,467,0
25,30237.37177388082,252.6563629005364,0.18667170456060705,0.8812039486135994,0.7738526735846054,8,48740.626091398335,8,1,669,1
44,22539.553845413633,2100.5016937672517,0.11534310797273019,0.48722976688370945,0.8023235703766187,8,31677.279972399167,15,4,763,0
61,34267.22103430801,2229.7617768838954,0.14179414745170188,0.4321929395134817,0.5410479894286422,0,50827.864098744954,14,1,839,1
67,30601.635237758772,1808.5900670125643,0.8804095182341161,0.2967054841063563,0.5715436239781386,9,40248.194628956444,7,5,414,0
28,63748.69201394203,2721.454409092149,0.23034220433372943,0.28535311185823853,0.448488220989215,2,8475.602693478797,2,3,400,1
29,64247.065389094605,4133.822099421318,0.6372263949895636,0.7256934124568513,0.7238694458297797,2,44446.365277751334,17,2,705,1
39,32638.711091778063,1606.053191491243,0.5910490190303542,0.16830525458851275,0.9528527035989217,6,59748.38794032507,2,1,521,1
48,43603.69250560418,2690.817514815624,0.5864731351250533,0.3063065471080574,0.6124734112763378,2,2458.6385254655243,8,4,614,1
68,21243.171935791062,3973.088860696288,0.22569839965662536,0.8530109706091102,0.9776098944044938,11,14695.16607968603,17,3,435,0
31,39243.73224437999,3523.8801989359263,0.5424446052269182,0.590382695384705,0.4611412008323787,1,35864.44490301387,8,5,433,1
29,58661.67258379033,375.15303866363274,0.5817075971472089,0.13959946770808243,0.8515426591963244,1,24911.667199515825,16,4,637,1
33,71055.89148296631,4254.000285748947,0.5348445191483444,0.6986167910803176,0.9347081997769817,9,38253.37239279858,9,4,709,0
63,35565.40992708802,400.58168831203477,0.20823809718432684,0.5306800125901489,0.783474242177848,3,35184.25998832714,14,0,798,1
22,78694.98325777306,2731.661439809617,0.6646015075135027,0.8263434683733132,0.4188755622658454,8,47279.36807397057,11,0,617,1
39,24783.63004362342,2674.0205673552086,0.11225668762903437,0.6800687916600735,0.5557210529182267,8,4254.175208444757,5,3,690,1
26,27961.042760734108,3581.477992019959,0.5525200100466786,0.10377959978112034,0.40396946230169367,2,26436.964195706903,17,0,787,0
28,67463.89464037745,838.305122950604,0.4208204325411163,0.27487822409868257,0.7291013161769544,6,51603.227381388024,9,5,594,0
65,103985.27201486717,971.2926858696262,0.2627436041631126,0.31926914548020324,0.9788337497701266,6,21765.714320817697,9,5,493,1
21,61208.686498759744,3434.05981077495,0.736280640672218,0.6968974457874025,0.5860954063382132,1,30227.328316214724,13,3,771,0
36,48138.90312924382,842.8704353699878,0.19950868167135632,0.5329170510195801,0.4526553767915446,9,1294.7175776179965,18,4,401,0
65,20000.0,2218.6140463822503,0.8430344959132583,0.7353303725274886,0.5192433226402258,10,13450.43370505791,17,2,524,0
50,20000.0,3346.0867879070074,0.801880274073009,0.5359371189659432,0.7096052406024189,11,27819.307294940794,7,5,458,0
24,51960.25049033851,3000.340293765529,0.3564994150877705,0.3782769190921108,0.7084459257055897,1,23938.08757586062,4,0,689,1
43,41725.669698422855,1105.5980002863093,0.3093799912298043,0.18811154970238597,0.4947871247498728,2,42879.292614608574,6,1,521,1
68,29803.292948958693,1507.029112350168,0.16686368090606682,0.27222878386842586,0.8229439865388297,9,36712.79889549267,5,4,554,0
40,50487.93427019261,4366.592083936476,0.8288786435438625,0.4406630682938294,0.40544774364081704,3,52816.95132986992,5,4,693,1
46,51627.466965512875,2129.2836666660005,0.5834020799997812,0.5687361619545118,0.7425153781413341,7,51286.242101844065,8,1,533,1
47,74980.78358657485,391.16714867643634,0.07701604482189268,0.8978417927120291,0.6181903378387406,4,14473.190445978573,0,4,563,1
53,52128.70456440862,1144.2150677052305,0.48434950237736885,0.303762150506526,0.43012026250124547,2,1058.323742032259,10,2,624,1
30,85201.7681682446,1672.4708855459019,0.12292910565497887,0.6661721985296812,0.7496623938202621,7,51268.24618222574,16,5,453,1
62,49197.46187764551,4497.804438466719,0.5376880822099155,0.22966402476930642,0.7740211334628055,2,19747.251846301977,8,1,820,1
69,46541.48071601329,1501.5736541507501,0.4826174605726906,0.7066901536339839,0.6272127862476505,1,20826.582554436,1,4,841,1
27,79137.37013221266,313.5021497649434,0.12041913867731371,0.10963974557238218,0.8527354762632113,6,9503.687891908448,7,1,720,1
61,31561.762013105217,2405.5627834879447,0.743481504149257,0.6575319574401732,0.6708694481786059,2,41580.43596883396,6,0,448,1
61,173946.2033025704,559.5031553881014,0.272969600591336,0.23873500820734572,0.5300253048220817,2,16806.535101647685,11,4,612,1
57,58038.73231443202,1378.490674391604,0.5102617095416941,0.25327577942369983,0.9507688051010389,9,10604.58606373462,5,4,559,1
39,58184.43533097551,4467.247657203939,0.5931830451359542,0.5750714883173906,0.9447477437824185,6,30203.444463694694,6,1,474,0
43,62087.079599017605,3229.945631399664,0.8679588535388916,0.4190998140224055,0.41024147867255734,6,45024.95435528655,14,3,794,0
62,114086.40899490875,417.86650591634253,0.46973993894786903,0.5006093779682108,0.9460312080054816,1,16175.915851498097,3,5,586,1
28,70026.45199213715,2129.352889944723,0.829718406444735,0.36255555017281926,0.8385538998651394,1,43322.34005933104,18,2,693,1
61,23806.758964528173,938.041304304052,0.351628740145544,0.9104469920990763,0.4171858224110578,4,27718.506580264282,5,3,711,1
66,92185.82659349604,728.6620225291215,0.7788216214024957,0.3470576850696055,0.6771749212668952,4,24226.36339434611,16,1,543,1
54,42049.23780224354,2724.381277399849,0.25045229290870424,0.560740311025175,0.3720193253488873,5,21571.252088170146,1,3,556,1
37,51442.49098398809,2374.3203254529276,0.6513577980701052,0.8262022222097184,0.7209799544533524,1,8734.85791916759,6,5,836,1
48,27565.925689517277,3394.3263125566855,0.12532019469174704,0.664553690421698,0.9379082143769577,10,19958.02601095365,7,3,771,0
23,62117.989263624266,4036.9167813969966,0.8881428031811104,0.37436040493446254,0.5819721346158385,4,52755.09183764892,9,0,625,0
66,36566.272183001405,1260.7319869561463,0.8608459398830128,0.5695711808617965,0.6704338596522296,9,6130.01546832352,1,4,640,0
37,51281.038199878225,4168.865542618207,0.42588159273977105,0.1705424572978183,0.49336300531868593,4,57498.000906108166,4,2,403,0
23,43137.82267753155,2427.3646219826105,0.49534493529171547,0.5638334423015383,0.6907961311552022,5,6449.791649269075,17,0,491,0
59,116570.99444743774,1312.990148196004,0.5581086329703189,0.4666807251005106,0.8556220413083193,1,21721.898537961228,18,3,402,1
53,119613.0388528945,3836.87910384122,0.2837819257362195,0.7442436510124274,0.4856127125804548,8,36378.37042803265,8,1,762,1
51,50057.665336683014,352.7786475247967,0.6233007199243883,0.8207174166639996,0.6986966600376459,0,50270.48421648892,2,5,823,1
23,50452.62065972559,2605.8903231337304,0.6437776546138386,0.2696740434003232,0.573425264584286,8,8614.969084440238,5,5,472,0
57,41437.877837735985,3302.9726006288565,0.4963150184764843,0.16930551964164858,0.8211594091864675,10,8466.133443505913,19,4,526,0
52,80636.18967834578,1403.904054771416,0.17557958861243506,0.4319734340581103,0.7922843570330378,4,37702.68747970354,18,3,558,1
59,42276.47477147805,3913.0152455218367,0.8313080523078601,0.554027846970465,0.7902374833518735,10,17564.797944286678,16,1,765,0
61,40554.34584927264,1233.223622439335,0.14778831999377298,0.4202816560677691,0.5880159742463688,8,38670.125821079426,17,0,583,1
31,76142.87500266636,3811.4594157464785,0.5847963434039347,0.634276995348368,0.7275459608714012,0,49234.99217577185,14,0,419,1
31,38475.05572724684,537.7433444795661,0.13762530711829185,0.5298035877612138,0.7601836657224776,2,4612.230659252703,12,2,663,1
66,48194.98430193167,887.6886450342546,0.17418560276298423,0.8961321294653263,0.7789128025929294,7,50669.647384666954,15,1,466,1
47,24062.506191039363,1838.233710778205,0.06745756692450465,0.4479824548216541,0.7124115030436706,8,2255.121381266483,12,5,690,0
42,67297.99042996978,3872.4387050321707,0.3588594712782456,0.17012004700629507,0.8960869904986317,1,53929.57111732878,6,1,785,1
35,117405.62785130819,821.7170700451645,0.5936451797587322,0.35664476797025546,0.5067431049401017,8,58537.0884960019,12,1,430,0
52,67815.86324725235,3964.3844311152384,0.4933125867729412,0.6150097830087577,0.38515827729766716,9,40047.31214764695,5,4,847,0
57,94637.55138673101,1187.8455644350129,0.623358278561213,0.3176213338160232,0.9563771759404939,1,59055.31829665043,12,5,698,1
21,33498.43628688264,2145.786113956474,0.62376603174031,0.32864018403478873,0.3882622477730372,10,49319.51052771623,7,2,423,1
48,54521.25621536536,1716.7579383194523,0.16914768239510286,0.3886366114189982,0.9188620631489315,6,2661.9300080287744,9,0,499,1
69,32066.848999793718,707.9427744424513,0.09873679290845823,0.7342205129226969,0.7357395102811608,7,228.65665214801157,3,0,475,0
34,44245.34753641337,4260.531879932302,0.5815544193694694,0.8991132491498672,0.9288064427481977,0,1247.9093653359353,19,3,797,1
34,69389.80022058178,2084.166650234518,0.6052406592289563,0.39782013877061295,0.7059209762544625,7,27114.417595162842,14,5,725,0
64,51319.15102882814,3168.4244238316364,0.5231981748704488,0.2661648337964181,0.8672354970604684,5,37402.95666705986,2,2,567,0
24,25959.983619541777,2673.651009655334,0.25889809637546013,0.4575414093420376,0.8044128658377562,4,28888.30936203174,9,0,638,1
40,27125.700150455898,2357.378442464492,0.7391504344349158,0.3990637390326822,0.6808206442062226,9,40627.819548873726,9,2,556,1
43,26330.315391549477,2851.283781294451,0.11433311317181852,0.9415211770046995,0.5788938616707802,2,26976.158046772714,17,0,582,1
60,61154.19040803187,4062.8719166704445,0.5874650209231554,0.4942880197402937,0.35180118303365565,0,2553.828186623319,15,2,687,1
27,124088.77812613838,3207.043215484671,0.15234980549746632,0.6773908498900844,0.5080703229787075,5,13570.002291061239,17,2,487,0
42,90500.09775019593,2489.6643416574507,0.6062805589682452,0.8767198566481252,0.9496130893385842,8,59557.45419628261,9,4,741,1
28,20885.42153566984,2974.2996308636984,0.405066919649972,0.6347023407593009,0.5235409641549444,1,20751.830261919895,3,0,825,0
59,92919.06943381626,2807.495406188793,0.6603875971220207,0.31197170368187577,0.8236670388771862,11,19485.944264683763,14,2,838,1
51,74710.8185785512,2062.4211921911465,0.09436337210539447,0.6162985810332882,0.6703534971547416,8,9167.522941150459,4,1,477,1
45,24455.61264305029,2886.4852435609364,0.5218205402083128,0.44159488565534866,0.5443640623325235,11,59228.623327137575,12,2,585,1
40,42768.591660948805,2107.3501407059034,0.17314621404806768,0.4589973890229859,0.9743888728462997,5,13827.559295555924,8,5,519,1
28,80256.66457223654,3457.741824849223,0.6300243868689027,0.9324258941648442,0.3795938578406203,1,38809.5940352312,6,4,685,1
66,62799.04089208609,4366.323679145828,0.15196228661493005,0.3368023615556247,0.716708577078635,2,2522.847489131721,2,5,545,0
52,27198.23135414834,4327.421037238086,0.11254582450913694,0.49859487450656415,0.6407564760861182,6,3988.3398038013106,16,0,577,0
36,64526.674156491456,3729.163881627416,0.6561543784560707,0.23588698884432024,0.39821163811229876,7,43005.10183920111,13,4,462,1
41,20000.0,2787.563257355786,0.10400214438303998,0.25176256888266546,0.48488060966367363,8,38110.08977080345,6,5,651,0
56,44343.881593235645,3422.1275487041844,0.24085119524178866,0.6129617604729588,0.7873724434170715,9,40809.743737239325,14,4,641,0
56,81803.92842801324,965.6076696074839,0.7510249175568213,0.7383633519298074,0.4182470367698631,9,13858.224428776322,19,4,648,1
43,49428.24974958974,2259.779366449867,0.7382350616369924,0.6409908925743184,0.8546458196463188,7,59093.338951334445,14,0,553,1
35,39162.62403788611,1306.4104894628667,0.7760068941136596,0.37989139821752516,0.7437884261898314,0,33502.50972949473,18,4,740,1
53,73145.49466560864,215.0284187701925,0.32718490615040663,0.1506754466802668,0.4135402847766723,6,58172.89033612131,9,5,673,1
53,76011.37786315531,4356.971571089926,0.49884082443767785,0.49972428282638826,0.5306932161208459,9,9850.23317852281,7,1,479,0
50,88390.33073258735,3914.5488159629176,0.7073452497152292,0.5286292051298693,0.43642205327852457,10,24305.97059047679,16,2,565,0
24,72653.30011419904,2408.9040594206854,0.16643768775941842,0.7550538667658457,0.8524888162013933,10,20141.131139307705,13,2,697,0
44,79747.33931519887,1292.8548389117293,0.6657322473333606,0.6442461279481615,0.6857645638291702,0,45304.495602351744,12,0,452,1
51,68173.33949082166,3179.7934038567178,0.1328633969854564,0.8405698334608388,0.3517828601314495,5,44854.28616630547,12,0,558,1
67,55242.50157679518,2069.644663564688,0.8262630173328376,0.7655354468908279,0.6920292977537361,7,29192.6275991822,19,1,792,1
46,51035.617479064415,3654.4029937176074,0.591713655134882,0.41099611623930477,0.6541663210869191,2,968.8802530401786,13,0,598,1
37,44056.71791880489,4497.927873778082,0.4693095157862925,0.6373882099959934,0.7551381338852783,4,10512.34255079667,16,3,629,0
48,28408.23276190724,1701.0552122064414,0.46201986646708953,0.7351935500368576,0.37195175495680755,1,3015.940026579831,0,0,706,1
29,31891.97918756505,1250.9330869556054,0.20415774066817383,0.9133483137968331,0.3723182489178198,2,50820.87415495073,14,0,544,1
25,43178.306473037315,1349.7447018174605,0.3440297665864556,0.4589993382289089,0.5701019062100747,0,17386.294037866024,6,3,771,0
54,54647.211730658586,601.3888564268893,0.6680551155195767,0.6510396934644656,0.7837790005817369,11,7075.3582140403905,2,1,407,0
69,93748.00551520949,1894.398644950668,0.5098020777262302,0.43376425998938906,0.7699315983308783,10,21250.341916895468,5,2,612,0
62,48107.39793337479,274.92772668271004,0.4999102734852234,0.727153952039319,0.5253060549024604,4,4637.358969981762,16,2,669,1
49,77000.27951506019,691.9008968254851,0.2159590103637425,0.8751941956139736,0.4861225530746244,0,58731.428093939816,16,2,507,1
22,79673.47870875179,1368.2917132724824,0.6368079651606314,0.8813421133616388,0.7803691263500695,4,18900.474080867938,6,2,752,1
69,44172.11298651165,887.4099364107672,0.3832288159021477,0.23352438977938353,0.36708102376429563,5,55984.0019333882,3,0,435,1
43,64062.253154960716,3348.2841278531187,0.205340337672754,0.273482107977747,0.7007734989675065,2,40963.721451631536,8,0,692,0
35,43932.620250218366,654.1006007319713,0.8522170388568798,0.7416900331713289,0.6171821444878001,7,33966.4192454396,6,2,685,1
64,88872.77684010222,3923.7746516054563,0.48077893483576434,0.6363584030510416,0.5006246952991824,11,28529.819827347404,9,3,754,1
57,65259.66926788017,1150.7923659570974,0.4988311503855106,0.8693411938267115,0.6777877962794527,10,41242.80640820326,15,4,493,0
57,28689.38034328337,666.939652977741,0.8841661236825852,0.36673047550320514,0.48681562367236586,10,41176.5200127701,6,1,469,0
34,52716.62203694254,243.45857105441166,0.3614452165949194,0.8208176894743234,0.7055226114960227,9,631.2636456458654,3,0,661,0
69,102914.15497124943,3275.3815185852295,0.8515675818780821,0.6812094784362809,0.44385351682259633,0,54467.02473170035,2,3,837,0
43,45181.637553113236,1303.4520075357307,0.640686556965158,0.26613786363310954,0.6055865346175544,6,22077.805226259145,13,5,753,1
47,59962.327172281824,2390.8440020924318,0.5881312878330799,0.20752021364629336,0.6715685912420273,6,21196.38729257973,3,1,495,1
57,62670.45960866859,679.9490006902697,0.2492555566511085,0.6973150617073164,0.36997164766761126,1,24395.432632979653,4,0,583,1
53,30746.13872329444,4436.772469915872,0.09399232152962159,0.23469228581562782,0.734751861495857,1,41116.96831853604,16,2,520,1
29,61686.388461116454,739.1543780008077,0.42211626254236795,0.7751796837816759,0.8226986349034271,6,22561.06416298122,1,3,750,1
35,26180.60586772593,1971.2814845600763,0.05864531769636633,0.5735307841082197,0.9523263445709548,8,22429.86371563217,13,3,630,0
38,36992.451308383264,3862.0928600382035,0.11035213415482592,0.5053370030933713,0.4779696020525781,2,3807.8927777066165,0,0,596,0
67,79544.77386446968,1253.0138784657493,0.5560277423402171,0.3341996805332067,0.4814780813672346,5,24998.499865615697,18,3,402,1
56,57557.53473712654,1347.9786769885457,0.6658010581120734,0.9362687556861308,0.5420434192641674,0,8968.70862262523,14,2,685,1
38,42744.03731024751,3676.5479183301513,0.1927560821356354,0.7138420442739475,0.9111813435978504,1,51335.35524358682,16,0,599,1
57,59928.49973763742,1375.3605259256547,0.6726253507727078,0.7613541000901454,0.6063200131265095,6,20070.6649918372,13,5,417,1
57,47712.967177165265,212.3466377076958,0.8572669526055391,0.7534042885155374,0.5401301022378515,6,57652.04388370022,8,3,488,1
40,49299.06163408833,2040.0289981067842,0.6816996686172672,0.596413240600107,0.8169438925840069,9,41071.680154018926,19,1,726,1
40,65878.5607177384,253.90140161744245,0.7170079366387779,0.8987440156650461,0.3739338118739147,10,45369.092089639424,15,4,737,1
64,35336.95279250274,4112.106820466277,0.645605693228116,0.5962482778752752,0.695753142124233,2,56865.07088416474,1,4,622,0
48,49918.72103884249,2959.79686397065,0.2410268243865385,0.542038747338527,0.6336196943780442,4,14336.085948999904,11,1,740,0
28,42594.45299639536,2706.9613447513416,0.3567564508324606,0.3326538760594372,0.7436606727678732,10,34037.458181536036,10,5,732,0
56,24016.070308303246,1066.8348967081613,0.8568769183543447,0.33947553186542245,0.8105927942989599,0,2443.548269673732,5,3,677,1
49,32396.151364797828,3209.768597343136,0.6120289921246009,0.726351320084737,0.5547426828935209,9,6045.521277341652,9,1,493,0
45,99279.35282559693,3112.1949678168867,0.7206710238439614,0.3845523083936646,0.7509428271946428,11,21995.215198127273,19,2,589,0
56,58286.48291804055,459.99336787906924,0.8733904260179758,0.7194041333746761,0.6803270828654266,1,40950.11103749642,1,1,767,1
65,27021.422717601836,3987.640082485462,0.24672138243576586,0.9098007449926012,0.4343997205458742,1,49901.61614433207,18,5,539,1
37,24510.0993722233,2691.477460598164,0.32343366722757044,0.47341132126194496,0.9054875110460862,8,15384.25214840837,14,1,697,0
41,46607.942474159114,3607.6075884660236,0.5980814049093247,0.18272679644769568,0.8253918057334386,5,44944.63281825643,2,2,772,0
30,98966.22803209913,1330.53051015403,0.07070385271640622,0.6665645091300207,0.9306421045642881,11,13457.469446882997,6,0,639,1
52,45069.4016390284,724.8055389398528,0.5355362157336498,0.10809457694116278,0.8038548926223197,6,363.3363669798628,16,5,628,1
40,88269.4898906913,3220.5331647031735,0.737385122587324,0.7689529930814523,0.5042281330967782,7,3264.781497344058,14,1,484,1
37,57432.68508813487,3613.695550897197,0.5688768677505064,0.5468051494829107,0.6212315218356732,2,35133.51736834328,1,3,623,1
55,60600.75956353894,1859.944194562953,0.30108429131169423,0.5162723734073567,0.5937271080302674,3,29828.85276565882,2,2,418,1
40,26874.30140374753,301.87678386013835,0.6654884708356524,0.5840258364910341,0.37256781755825835,2,16225.513675765935,18,3,451,1
43,74748.56657294484,3718.4923060116175,0.17412688097795373,0.5389472623445085,0.6086453363766986,1,392.87151616959505,3,3,643,1
42,42162.25140460245,1086.203797220895,0.8105574488867393,0.37521068102661925,0.5677087560186033,1,34080.620955204075,12,1,498,1
33,72286.42304415662,1657.8373501591993,0.1357777763843871,0.33928257322735567,0.35247198530655427,10,49056.398209779094,19,2,556,1
27,33983.2660726268,2901.39333344166,0.7839674636980696,0.4530028415303109,0.883687653227514,0,4112.692675402709,3,3,562,1
61,53086.195749471044,629.8052926086017,0.4731380135757976,0.8606728896282316,0.4406408877549475,6,44188.467443628455,0,1,612,0
25,57434.55067008734,509.5817943953915,0.4143499529646315,0.21506489081966657,0.6655998654527163,6,38072.55611784406,16,0,714,1
36,45738.0121811531,310.5262177736793,0.4755624964891166,0.37604990718359577,0.8443470285744485,0,28761.28633206809,18,1,600,1
53,58808.714982297985,4141.551399029659,0.220175357628983,0.26345536375699374,0.7308232625328797,10,2900.481298563131,10,2,780,0
27,43482.825201661944,1538.9458003552193,0.43903274262499153,0.46306643022677463,0.45669127199107007,6,55414.28498353774,4,1,616,1
53,36604.377319496445,3040.832905003667,0.7722618435138597,0.2134736562546955,0.7394730091690203,1,28646.459335604563,1,1,846,0
56,100958.7727863862,4453.711570776291,0.7308119558859791,0.7466762718168973,0.8272860435027037,1,23976.417652872246,18,4,849,1
53,78592.28275848331,3078.638412316357,0.1885912543176299,0.1879472836968885,0.8885016451708332,8,51688.52412526409,15,4,592,0
35,34808.290311340905,2457.907622181574,0.6224078314097026,0.6654727795746801,0.5507518686346446,7,50734.69373902427,17,5,744,0
21,63310.086353595,2439.9557141241257,0.7783116752206115,0.32755377613867,0.37137048233769215,4,43635.65718000143,15,4,603,1
64,35094.31797811667,1820.7437383588722,0.7468024503259879,0.5013614973290134,0.7330073700590314,4,49761.59897400051,8,2,793,1
37,28764.345921671003,2779.052520606867,0.4117875768026042,0.2699897674599102,0.4922341613906612,0,7459.708858976435,9,5,744,1
60,78058.53310206167,4322.802975046528,0.09087891429419845,0.7206901275543612,0.8419638965850926,0,45654.93330482051,7,5,552,0
30,22768.998356089724,3588.5893449027335,0.8414940095276868,0.9060345908780757,0.7783254769006583,6,19682.04497904767,14,1,544,0
28,74390.62174856893,2024.1744532429213,0.38650234847085263,0.2884834942840465,0.8371077184458344,4,52049.68760809666,2,1,796,1
59,43751.22797282396,1629.512764839893,0.3568301416678922,0.910180226555904,0.959544656202483,3,22213.88795921155,0,5,643,1
67,44569.454585680025,3999.1855773794223,0.695587702806991,0.37648273085971884,0.7182648589435809,4,3258.237127204526,19,5,712,0
63,58946.648367172704,783.8790501943533,0.27437638316821916,0.5741700919941164,0.9197175367583692,7,24862.814206221938,6,5,704,1
57,63674.50114333491,3853.2166049464977,0.7595357346921982,0.6963514584227396,0.754392830958648,3,45406.62210458168,0,2,474,1
33,33797.61681073036,1296.8300737720292,0.11464382669641829,0.2693783236554146,0.46449893810517096,4,30055.92365876384,13,5,506,1
65,67709.14452055453,3277.205713836446,0.6796045206087793,0.4780493468177335,0.853564153090644,3,45818.0347085381,7,4,805,0
53,51586.574943849955,3666.748497331769,0.8709210668753019,0.15765335856444257,0.7870301332546406,7,2116.424451966421,4,4,525,0
29,27855.21116271608,2251.085024232932,0.8964034773430475,0.6924957096238169,0.966102059935197,0,10629.852216061741,8,3,790,1
27,45413.12696292968,1026.8210974117796,0.8352337060545414,0.45412370176580663,0.5033621530326687,11,33816.47586256763,9,1,560,0
63,91269.8294613059,3832.5012968882143,0.790148044595363,0.8578978527436522,0.5598690752588774,6,23118.825230857892,12,4,780,1
34,104241.71449230937,1780.2858837292536,0.2870481907890707,0.33289310528716726,0.8675393467594943,2,40810.544620211986,18,5,659,1
58,67697.65403414122,1578.9251200748329,0.8716511082352995,0.8850611256753379,0.38962044676115565,9,57753.25398722532,17,5,444,1
27,28691.19127222918,2393.0695841197903,0.8387121047421999,0.21988386798041826,0.7489158517074126,11,39591.71764203084,16,3,521,0
34,61130.92203577936,2070.870836746846,0.5042166309714086,0.6159214961118007,0.6873499132217114,0,25041.773692955987,9,0,828,1
34,71889.6372985194,3137.124533266514,0.39176600623462765,0.3616369528913521,0.4563577795285608,2,32541.84110660044,11,4,493,1
34,67952.79775711104,789.9505760024612,0.14287716552446,0.25451436931029425,0.45402667683395315,1,54769.58890177023,2,1,502,1
54,69788.84274472187,2073.4655124058536,0.5520389661513561,0.17984659596129066,0.860424501390007,0,40379.35479973278,11,1,467,1
65,57726.313341738736,4034.317788268377,0.645464056243868,0.6572961750043864,0.3597304479257351,8,48190.769865271664,13,0,674,0
65,47449.176440661344,355.06965059081944,0.3933970957042996,0.2981927432703586,0.8205101073952634,2,18091.10454609201,17,0,764,1
57,37280.833517185725,2166.5548325593036,0.39512512653595205,0.5868922502603905,0.8115803530128267,4,44659.26941029635,0,2,821,0
30,20867.099618063432,3040.2874554564037,0.5373146821071583,0.9325059144099861,0.7592983851122523,9,8365.882160391706,17,1,798,0
68,57115.95593335653,4017.157674280537,0.07361648152108753,0.3685675472376019,0.6079961277411976,7,44986.536984313054,10,2,797,0
47,53301.71466137274,2753.2807758126555,0.8641860119287367,0.1297026360592195,0.3678420306202504,8,52893.51556814546,1,3,807,0
47,63001.2048170628,3745.282366329113,0.296419851032203,0.22139922223695746,0.8551193010246008,1,54013.9480232053,19,3,655,1
55,26852.26188774709,1157.5713815249317,0.16975723250354807,0.20142370799949516,0.429195538398058,11,6995.4036631588615,9,2,769,1
58,65529.6184958197,1717.080575779796,0.054665136714401846,0.4937909981244504,0.5268961150206146,0,49792.923154424054,8,2,685,1
67,123567.80251011087,4251.168777890583,0.7783578101778563,0.7329529842115331,0.946473243878458,8,6596.1913660822,3,5,461,1
49,50782.27009911123,4009.692986298551,0.7837262694297188,0.3519777279145796,0.5401724467051878,7,28703.817196965774,1,1,410,0
50,47679.203970822935,2599.1978255614295,0.13101061384005358,0.22396635521726677,0.5107376647488007,4,40951.29178116991,1,0,443,0
57,56333.86033421421,2244.5998525178347,0.17940510745548083,0.6446517513795879,0.9632234498883947,10,29054.946690704954,5,4,555,0
33,122339.06145064789,2139.5897832541714,0.4307168965691027,0.35600317752185606,0.4041372873202714,10,20394.576132608832,5,0,624,1
36,30926.184758650998,452.7955447381689,0.20784854710636824,0.5888947969153977,0.4512349443879289,0,41029.269449751315,9,4,687,1
51,53714.760911125246,4037.221547013238,0.6754479663112434,0.8937185757218391,0.6261400343755246,11,39652.72650641364,12,1,634,0
24,34205.925215723706,3718.0428861859427,0.099333783849864,0.34764491168754724,0.846234070540177,2,34973.559309934026,19,5,564,0
36,38324.62333914193,2161.8799223298283,0.5172529325279861,0.5356178723133282,0.9071461315342642,9,31705.719886603914,15,1,729,1
56,47938.98624581896,1401.5918826937357,0.37537283034681845,0.7857901265865338,0.8260505052901426,9,42344.393947340286,9,0,787,0
68,89885.81833883967,1674.5586076340815,0.4452045111384138,0.687960395622984,0.9649902699097979,6,24182.223402069092,18,2,500,1
46,110243.38266294073,729.5905192534248,0.4110435500412615,0.7387564485623078,0.3606130698423839,10,4126.094864540301,11,2,517,1
40,59973.85313147864,3303.6958876146073,0.18018530515445563,0.7566839686276852,0.7402891296446069,9,32247.270611473414,8,4,818,0
42,41379.14854656508,2593.680383185888,0.23723926251227795,0.5589286172839366,0.42329810718750827,6,43407.3331346302,4,3,836,1
54,150502.1261008657,1206.6447181470483,0.10508654407386261,0.5556527917169253,0.9235285265810681,2,17949.59445696401,8,5,539,1
47,40441.04378068004,2878.923959934066,0.14799273900421056,0.7110561433811803,0.9392435406364171,5,8445.068288155939,0,4,629,0
22,37910.706270930445,4410.689921296391,0.8812105990560777,0.6930010295965223,0.5409077771533924,10,54710.471649727144,3,1,660,0
47,22054.58134274239,726.2990825475705,0.2878187899256642,0.6695490144252323,0.8714563771652889,2,51824.979884771754,18,0,685,1
40,91880.23423522904,2171.485545688909,0.3109717084386296,0.424814488321264,0.7470736124939978,11,37106.053157479146,3,1,788,1
55,75789.1572017729,2324.8829299651447,0.15804038086730288,0.8042612487641452,0.41330793422558665,2,47196.42922224457,11,5,447,0
63,145511.80426215124,917.2280194423504,0.6918895738222388,0.3007724559652559,0.7297439403769198,7,58128.3188864653,2,4,635,1
68,26231.45367123131,2485.7949072884535,0.8355213886591897,0.2323721713998054,0.9649159347953311,7,34155.53884361045,12,4,497,1
50,94483.15686520588,2805.702211756787,0.7212879565066533,0.3933878862483463,0.5440992508736056,2,14650.901076020391,19,1,739,1
38,50592.619414577086,876.5815169195298,0.5707234550190461,0.31575655434421257,0.3507186889719815,5,38328.71943195727,9,2,668,1
42,70456.09984149052,865.3127657381685,0.7412479782689898,0.6637051353726829,0.9653787566380028,1,54875.62056602723,2,4,737,1
29,23353.456602351544,3882.299477225151,0.39359569799292965,0.2963651734774667,0.6108095529938169,4,41408.8920839088,0,5,807,0
66,94905.48875729086,1538.965977681193,0.7805727518185844,0.6580163625982386,0.6214876437413313,11,1574.4234689641878,15,3,755,1
62,69837.92910609876,2910.433564438113,0.7287410221924547,0.5362393756146702,0.7989456337690553,0,55027.95623175094,2,0,784,1
62,48169.941460091264,2895.1242254034205,0.05146594761787117,0.2295825578639707,0.7307627939009873,10,45220.51531523807,6,5,764,0
37,65532.44938771264,3808.4347650053305,0.4646250146798894,0.31963682450286945,0.540251565756553,8,24109.86080384388,16,5,681,0
36,34735.83404613148,3381.546914295551,0.2749240896673422,0.5434677666577394,0.4129860635532594,8,59249.51336094395,10,0,576,0
62,37769.3029906075,3814.4786637845946,0.12329797891254116,0.7231395083351434,0.8712383875667333,3,43300.75997013282,17,2,551,1
47,39793.14434784215,2888.4235954978626,0.7692666363356087,0.4385138975484746,0.6545276210982336,11,49526.4649101415,17,5,563,0
55,21295.955738535064,2132.6657902101742,0.05675723165595396,0.297907745851334,0.7736588049974343,3,56589.99355499021,13,5,673,0
45,72243.04384600352,1892.336041646221,0.6706389767470563,0.35081647772972047,0.8921179610750616,6,2374.7078832639645,18,5,761,1
42,83802.41681947431,1829.8279966441742,0.8899633028476083,0.18084961088238732,0.36116509894969007,0,46465.190642200716,0,5,565,1
51,35753.20278876517,1999.0903210093786,0.4597168017003003,0.12137707592669811,0.8914127244738955,10,23180.78612146812,4,0,660,1
60,57336.42311265423,756.0297842612124,0.36555445045021945,0.927159915197326,0.8236310136467638,8,52144.500773926484,5,0,586,1
37,43499.58976822736,2023.0209953136182,0.5649580113035064,0.18194844421102807,0.9464977024914722,1,52733.751355993976,18,2,673,1
60,56824.52461629685,1874.613100971271,0.7339931535005214,0.20615424334405252,0.4971622073193337,7,49717.10823016156,12,3,768,1
32,36959.952532280935,348.6581522683953,0.254214194708987,0.8403194723176962,0.553126072434688,2,46752.03513916761,5,2,585,1
40,32940.51637244041,1383.062247903262,0.26309621478050577,0.6639794503613693,0.7667316078458873,5,47656.970077495964,4,1,578,1
65,78702.77534975356,3433.1999913829322,0.5661013119738199,0.47066165155852735,0.933249582856577,6,17793.150043296453,16,1,490,0
67,47631.91204466012,2685.165957061389,0.8488978477261595,0.651669894866972,0.9753816977131161,11,24391.69236758345,17,3,624,0
66,121777.27346418693,3666.5202360509297,0.30367397939494895,0.8947371000008486,0.6125447198689791,3,6903.293442183658,0,5,605,0
36,50053.08815093816,2533.558590837289,0.3702414637446611,0.18447071472035004,0.6897146957040686,0,49835.491311696846,7,4,472,1
62,32314.291796915313,3872.56019154365,0.8943333062412461,0.3071543730990324,0.45744713479665083,5,38760.38854947952,10,1,836,0
66,85146.05835343307,3623.088528287382,0.1997888404255384,0.8312553429501297,0.787204481360317,11,36763.00290699711,4,0,786,1
68,65111.73505061934,622.6236516116626,0.11542294311900846,0.7635434435059409,0.877543366422536,9,14764.682346392869,14,1,530,1
22,67988.4276911554,4401.127382468767,0.5512919530485152,0.9451182133236121,0.8531490668399846,0,36902.1650430954,15,4,824,0
57,83764.98051315825,263.4140216757138,0.07062694015838805,0.3668224928113636,0.567881118196345,0,27273.103510869245,16,0,522,1
69,36542.88084813685,2766.40356309736,0.2033682465835993,0.9031534375677633,0.956856329899782,9,59716.128399937006,15,4,588,1
58,46292.535693598235,3607.799490062078,0.5788778035868979,0.3921355066007536,0.4258183498339597,8,51784.09636424627,16,3,458,1
32,45380.94470783169,1627.1448013588847,0.610585540587633,0.7078292125076692,0.6612011095105806,6,31558.97291439343,7,3,675,1
58,27423.732260533525,2773.850106877779,0.4838614622004767,0.8503315054783485,0.6993961920216563,1,48507.33403792052,5,5,616,1
26,43537.783767662804,1757.1268826440275,0.3761858392949758,0.24516478096960748,0.6880037299438024,3,9870.300051500299,6,3,520,0
44,89444.2456078846,460.64439253225817,0.5397679467585711,0.27479285677992027,0.8274711911977347,10,6084.029947596093,17,3,529,0
51,54546.13556646878,236.3845320841229,0.596877890078253,0.5938148508274946,0.7340525564606686,1,37839.047980521835,12,2,820,1
43,26749.535895421,607.9067294781098,0.732959739347903,0.817251054530187,0.39859154297533,2,43607.14967633356,6,3,709,1
55,24339.900162618167,623.1612547162013,0.7238382039783704,0.16710710493879494,0.4633065416651501,5,3183.3863591680743,14,2,468,1
32,103688.78360775823,2826.8260427931245,0.6150806506877057,0.823248688292518,0.6853105830127153,8,12057.801071869222,4,0,460,0
50,47068.36721661948,2461.220493138807,0.8100976957441959,0.39165245011333205,0.7875649886699538,9,32236.078615348426,5,0,431,1
52,36631.55870051999,2158.492190744511,0.762321465556106,0.44529262187662655,0.6739299552926643,7,3768.995975329488,0,4,511,0
52,43334.47149943896,3175.2623450903957,0.16325910698524915,0.3888819313344226,0.5739699035674928,5,25443.170177021984,19,3,732,0
35,25215.433097728815,272.35238915352807,0.8631775251249609,0.8747579189165343,0.3822147738998946,4,28924.786767498063,4,2,427,0
35,93003.53826577635,1365.228970087643,0.8079809569702323,0.2111751775954132,0.8451049665811201,0,55308.58392830055,15,4,512,1
33,41073.81850204502,3542.7887445367996,0.3227881025817658,0.5881333089998918,0.6632323711357958,3,18940.589783752843,2,2,418,1
43,90701.63727485847,4112.90155802361,0.06715675581598354,0.22589186853192297,0.6894371522446683,2,10120.108406102067,0,1,692,1
49,50173.54985491537,2084.847363821601,0.5633795547445444,0.8893054355806151,0.6454436283687872,0,450.4955231384655,13,3,766,0
38,93273.32017588371,550.3811145954053,0.4226549403364298,0.7782416165052765,0.5171676119198204,8,7296.486362618908,1,2,638,1
41,55023.328265459604,3634.5335786824985,0.6871316631982122,0.29874638312191615,0.5241152827887503,4,45051.95992926947,2,5,807,0
35,71966.40546097881,4006.2328630727543,0.49590979983232913,0.3531115278749305,0.39000549596749406,6,26695.312947968796,6,4,709,0
31,67750.82194783716,1978.7391639829937,0.11501686996330476,0.42428802876827587,0.7957873802072176,2,11923.502564193914,11,4,743,1
53,64892.087687522035,1246.4275918571911,0.25798430721655946,0.444605024001121,0.5212799100741188,7,55981.661659324025,0,4,541,1
60,57329.49485783743,389.0781733586648,0.8001451927075501,0.7947414298372468,0.538093649349795,1,47252.29910632345,2,4,789,1
35,44144.21548023233,2741.6561341478805,0.08203624135779258,0.5798533520128117,0.9759050762317892,8,6861.881480990884,6,4,683,0
63,116069.63726383982,4112.438809418747,0.676169218988544,0.4637569176579689,0.5930619101692453,8,16137.441293600968,14,2,438,0
48,32593.832316390824,3114.9185097374,0.2981519817587175,0.7115279583958999,0.6717392408850256,3,50966.48895157775,1,4,437,0
29,49115.917130278656,1564.1689709473578,0.4347438325861225,0.48918514489223563,0.5934780534795444,2,41545.90006784521,5,0,804,1
38,49350.2763105249,2964.419794446858,0.5013546171248673,0.2090040143520719,0.5328204013439565,9,56732.712855742284,3,3,523,0
21,58753.04961529058,3777.8941520265093,0.2625691537111209,0.1913658066290991,0.3536859650954622,2,4574.966284178415,6,3,609,1
22,40406.15118232134,2246.069255202669,0.6041663765480134,0.37706317782589593,0.8885783990984106,2,46524.673375123806,5,0,742,1
37,56479.65916389429,3724.9185069907057,0.6394258853831948,0.6124397019728962,0.6480868155272388,4,4584.684950613869,12,3,745,1
43,45434.21963918657,1885.2116096653228,0.12230055772015883,0.21461512850099926,0.8035308913369327,11,20199.716141530964,1,0,412,1
60,24055.55839566246,1698.5744179618137,0.3678380144737075,0.5676140450927962,0.9539537157266293,5,45040.12609051956,18,4,677,1
27,49231.97199949296,2706.8510912777824,0.6827207060253478,0.3291681980874235,0.35178374417085445,3,42660.598455157735,4,3,810,1
62,29874.05330321583,2198.1515960862694,0.6633919258649621,0.6911014032670479,0.775274952311882,6,127.06938841460014,19,3,557,1
32,22460.790125378575,4401.581257982658,0.5129128423194532,0.12402329599991505,0.42474364354138133,4,12116.575971036276,14,3,644,0
27,52135.06293149422,2420.4745211711515,0.7110235628878121,0.49866991675848704,0.6385179863399886,7,46714.420593213676,7,1,519,1
55,61056.04573711845,1856.2397243388925,0.14149815908386676,0.1444245266620977,0.8834727109616128,5,7568.850756883294,6,3,724,1
58,62131.85621673137,1898.214235452706,0.15047957766785056,0.38093160898402245,0.395042384860215,7,19582.734357576024,18,1,453,1
50,63273.81251311688,2556.1417876364017,0.6088659052518931,0.11323887264384726,0.9734564954735396,5,11033.37041377938,19,4,633,1
26,20544.220522267668,1726.1217634352402,0.6393337877108596,0.4987339464912416,0.7159265717145687,5,6687.272124638759,12,0,585,0
26,26570.115412034986,3308.4983884492244,0.7423478270229098,0.7519634882063099,0.5988458791178077,5,50197.54471938069,0,0,688,0
40,119143.58561794221,1836.850589117056,0.2038813461072685,0.1851870320840529,0.3622914671613047,4,3680.504691110105,18,4,622,1
43,30600.02356276985,1851.8208620585451,0.48925591051643935,0.724939288194923,0.7196985392416726,11,32162.996899375445,9,0,841,0
69,64529.54526395949,2852.98497232026,0.6117066025652451,0.5965659770284815,0.6617809923247284,3,41560.23070255447,0,5,842,0
35,35985.74152565013,461.64155259284286,0.24014463775466283,0.5289144821656171,0.48564971136866797,9,3455.4131192632976,16,0,527,0
30,50810.21686174111,3018.0261478951284,0.4893886857548921,0.6095607729382053,0.6589819461601254,8,38005.606238886874,0,3,416,1
67,36865.65393756119,2371.3805337823546,0.5926782707320066,0.3855125619698162,0.35805723633448144,6,20043.930914467983,7,5,621,1
28,63113.723915448754,2148.0122914325593,0.2322820847560283,0.7037886207030459,0.9796708968381401,3,50012.713426445705,1,4,665,1
22,52132.73559510749,3292.787860044191,0.36922889871262016,0.7627159656326564,0.5592320979343459,5,47859.57733307434,8,3,738,0
41,40065.44823562147,3460.499862620902,0.23388798861535182,0.7614902857488457,0.6525399532785495,10,47634.30223299878,16,4,636,0
40,30559.245264820092,3838.9217126735753,0.817501468764309,0.32904082098463516,0.8444102458717562,2,23919.809049723506,2,4,663,0
51,55298.352159826405,1811.6534195150232,0.251279049640493,0.6558209582363745,0.7990503564638529,7,49352.89138502474,2,0,410,1
64,28403.752350263494,1606.2620766895386,0.15270943208792742,0.22588136688348495,0.9097921956423236,9,37798.92024066154,19,1,743,0
66,59418.83062220961,3271.6710364264336,0.07988201479807214,0.521106671556827,0.9430352142259272,7,22721.013918091456,3,1,548,0
35,159838.3400996655,2701.760894303917,0.08821045154964766,0.10223487105058995,0.4691820335088108,1,4840.197327325106,2,1,572,1
69,90001.04164402321,2916.7466493128113,0.21284829972179437,0.2645487451570899,0.595951903122238,6,4009.134760724258,11,1,590,1
52,67728.10743983377,2588.7485005550916,0.5669772346109095,0.6369739984577147,0.7826947049363064,2,15084.09806630293,5,3,432,1
24,47168.27076714703,3522.5799997765744,0.06500239333445426,0.8432072794226599,0.3783652935211612,11,17975.078670280043,19,5,622,0
66,20487.317555452162,1017.1758205162587,0.29373233604357507,0.14167405379812067,0.8016752908929576,4,55651.69748682865,3,3,571,1
27,27037.258058274154,2589.562170788006,0.09944185762480443,0.5747698733481805,0.35307656720078606,5,59996.2832321406,11,0,505,0
49,87313.18708632367,879.8376924576081,0.39310995475429245,0.6412587670892759,0.9258757400485462,10,8620.430847010819,18,4,510,1
59,34358.67331199013,1951.1833389512651,0.09129022715537896,0.8925323340053343,0.8024467533372098,5,56566.09439776322,14,3,415,0
33,35786.877532662416,3055.173440689122,0.5664105101277038,0.656872225448213,0.7062644786529391,2,42392.40070111502,0,4,799,1
34,45499.53048806575,2320.207915750933,0.635160625691163,0.18757779710012762,0.6202076125497717,10,29916.49010199148,3,2,532,1
44,30396.391616360834,1832.2436076903793,0.671636917197199,0.22473260616280843,0.9724556041842392,7,57281.19836093426,2,2,793,1
64,28224.736956472625,4005.3710060871063,0.2406918888493168,0.6403995095539481,0.8140023920164674,7,42821.59093927802,18,3,776,0
31,47919.92497933547,3523.150572339157,0.7882251376674818,0.2832767252487478,0.8585945632337519,0,35619.27132714456,4,4,605,0
53,32820.60326187412,2463.0503755016125,0.6367449422312875,0.889059653645695,0.8699925438479225,5,12571.605841185074,1,1,763,0
43,35120.54757249632,4285.228569404598,0.09815268640484734,0.8825841206680031,0.363781207971315,5,14666.63711224739,7,3,495,1
26,34491.35659780801,2024.7707445704737,0.424651702396213,0.9063574811336313,0.3844511625892237,3,54690.104163974735,5,5,481,1
55,62010.691718065245,3588.7135886288556,0.702593019366609,0.34900971664036434,0.47496994100367346,6,12902.326871675145,3,0,804,0
61,44158.620389231946,922.1258311460971,0.3142598377121953,0.7094074217662689,0.762787085534851,2,1938.3608576794775,9,1,690,1
49,45235.7333552183,1428.907651575567,0.37432495782117503,0.663561820894622,0.7430879936056307,5,15973.625873072748,18,3,710,1
29,64127.31311485219,1653.7679997360058,0.5851632532020614,0.1302632141371063,0.5548530395262534,9,28833.343176733884,4,5,815,0
28,45985.53531258684,655.0292366294502,0.09715874809851313,0.32573031489433774,0.9629892207999097,8,22917.885643929487,19,5,406,1
41,43251.43989579942,2357.760704827092,0.8718947844317297,0.2757517202275481,0.4086571845407186,3,56148.17991660337,13,3,477,0
45,60578.9444284641,1026.7185767439314,0.19830885901826867,0.4151873114775889,0.8393336773460931,2,25114.44266643009,7,3,832,1
48,66216.76976783836,2926.999324633532,0.07267119969932127,0.9100956590634411,0.6529525854017033,0,53343.161259888926,13,2,457,1
32,45881.48442451587,1017.3971461639786,0.05452453473435722,0.8187613931145875,0.6138655459826927,4,35679.77603935623,6,2,601,0
45,50831.6005901427,731.0769065588839,0.38962121874948635,0.34941090266303537,0.366105945712786,0,31447.480344711148,4,4,409,1
35,34482.05754651324,4367.072928675376,0.801615360654071,0.5505268014344247,0.8085137742207391,1,9611.737959263584,4,3,546,0
54,33279.3588883018,3030.433314987757,0.7467977673352396,0.2634262033486626,0.8360925717831938,11,16261.914826813358,0,3,477,1
60,69294.19225937467,4226.738933246501,0.8252389285122408,0.3358188934515475,0.5509432229768678,10,52030.00660914166,12,5,515,1
52,59887.55072196139,2306.5175055708974,0.5037149714295641,0.15525276166265184,0.6756866084753828,6,46797.43268896644,1,0,766,1
21,60167.30017689836,343.63059117250924,0.43143429879388967,0.6462155257793111,0.7320585376379632,9,26845.401866944874,3,5,524,1
69,55624.80183395119,2669.796032855209,0.3779818296907753,0.6583826583218796,0.5816165030040805,5,54541.3292560974,0,4,766,1
22,50050.6851578265,2600.8142133935467,0.08945536442260998,0.8127263776829269,0.7378166638803978,7,49150.72218521122,1,3,802,0
69,67062.83876688617,264.3951055273541,0.8230930678593805,0.8408190414131659,0.6235000474325509,11,6725.05998774028,18,3,643,1
22,74667.4058920679,3903.340790927876,0.4717496784420183,0.23605048931466438,0.903184008962103,0,36355.829628138184,0,3,642,1
46,73869.3005883381,2865.8739266506263,0.4368073163937836,0.7315848042385391,0.802663332815087,4,47930.59240444854,12,3,550,1
26,46847.36008427013,3402.172028317428,0.4878923639619997,0.21450148790323248,0.4196149893804479,1,48500.64767605047,6,2,700,1
25,91504.80178936696,2323.860756477313,0.7250313403970704,0.4176577599839393,0.85375000570501,9,5480.470674607578,2,4,763,1
54,54328.667151171234,2859.130483005531,0.24080042308517935,0.538206085825338,0.5626285477788555,9,13476.670171821685,5,1,788,0
56,65157.92950473727,1307.120540882654,0.6534155771456848,0.14204942697401463,0.9394081058801653,8,24782.359008535062,1,3,487,1
26,55655.68739627652,4387.158401405183,0.654154279725928,0.23324915481363617,0.7301239062601736,7,15097.865666471589,6,3,708,0
68,54783.97583294572,1923.09603245496,0.7721198649194555,0.33044868499153246,0.3673741152037017,5,6536.2888018797175,16,2,462,1
36,35203.88076051014,898.0044717518051,0.05738105869428951,0.20841098018906093,0.8126485042136675,0,37728.0257796577,12,4,620,1
36,67212.05345085757,440.4362990108975,0.19483621174986226,0.8939818313753831,0.4323626524517592,9,30448.407092263784,16,1,440,1
35,176377.6083503792,2935.5393122670957,0.45038982423804214,0.3450713098740489,0.9026785142630855,10,9299.385257913233,13,3,647,1
43,41412.672679564996,4428.53336005876,0.7729593293422566,0.5259959148325767,0.9474480937611633,11,35182.91977662461,18,1,783,0
29,50612.18426000587,4051.916336439011,0.8703493323837864,0.9470541022368332,0.7880111874084854,4,3720.897204387854,2,1,767,0
41,40103.04842760362,3219.0496401915784,0.5556383224774911,0.5816462753915573,0.6857098493310446,2,22982.463556398652,3,3,721,0
31,39355.501138764084,4459.571094669302,0.23031387910956713,0.4497714087432719,0.7292996949347774,7,47551.07781242322,8,5,659,0
23,98223.64654020913,3308.161526781058,0.2068969914509488,0.8903235450356424,0.6201787578534373,0,53402.97819391215,10,1,681,1
39,36212.62312071892,1658.7798306260026,0.5935273608883274,0.28912309206161724,0.4026571526691918,0,14714.077967973442,15,0,444,1
53,39603.143958603,2785.2379721587445,0.22855877500049393,0.2525756297129017,0.9351714042656194,9,51570.52793935282,2,0,727,0
58,23995.65927236726,542.9965626879145,0.5201243103327532,0.555059713684666,0.5573875168952986,11,53505.46680765572,2,2,706,0
38,34859.28206157878,1153.2347079569256,0.7595901397723168,0.4632064771566816,0.5470940974312538,4,36412.938276236375,15,4,464,0
36,22724.98020938138,1995.4230144925166,0.3813467011927765,0.7774381657181452,0.47053460877467884,6,58930.6738574868,10,4,684,1
59,65141.17486359332,1067.8195223210946,0.3717013612806398,0.13570853510871217,0.9752171967657112,6,14770.549343568413,8,1,573,1
54,172795.4406413784,4300.054363761134,0.0807192863574127,0.6250669507495369,0.9438155954865837,1,4138.453926137615,4,5,629,1
61,41564.20183048288,4481.069365001992,0.26597189166087165,0.704077271463195,0.5701423930078675,2,50606.5891130134,13,0,766,0
65,23154.835860333373,1795.0244565231615,0.6434627406763833,0.9261292467003719,0.5138033899952928,3,29455.839551973255,16,3,544,1
61,73496.99860002863,3249.684640131954,0.35633255836236694,0.22389872020386015,0.8573828036998868,10,20787.23274610931,0,5,812,1
66,35343.99444468468,1953.4141418519343,0.18455407969643367,0.30930673590304747,0.6162443316235678,5,3313.9698894540647,1,4,587,0
41,87966.04077953176,799.8895788606875,0.13990257369627804,0.8925767468338559,0.9597064715555299,8,3877.4687292629096,15,4,630,0
40,43178.023455941955,1648.785445119067,0.13079537142810257,0.6360345186608054,0.9177665396538811,2,5442.9870409135565,17,1,412,1
36,36889.52594153564,1203.4983044773517,0.6102634181502109,0.13234167782518488,0.8284543456239213,11,11018.551233339227,4,4,454,0
32,45248.24210722983,1610.736347751905,0.5707282569745163,0.16574240191741213,0.4066523027720511,10,58224.055453413355,14,2,526,1
57,68940.53100208356,1124.593260110181,0.49074285476177215,0.7676244765335181,0.7923404740299651,5,16884.248523729002,16,2,840,1
56,44252.21546374061,683.0840119504595,0.47527748093526845,0.5823533236879533,0.9719702637223516,2,49022.83802713587,2,3,516,1
60,39201.64086654119,1134.9422462583757,0.18016632478469086,0.5806031593760428,0.585174295779773,11,1164.826823966525,3,3,577,0
29,44825.200824795174,4094.755236868324,0.47551359104607416,0.8478857968145925,0.9053884719210679,9,19308.90366589205,2,1,784,0
45,27657.858141098885,566.4532058390735,0.10094711011032292,0.304933231465544,0.6071293587881017,6,54371.54597916267,15,5,543,1
31,58610.2116740203,1596.4535681475083,0.8369796898122848,0.23636633454871697,0.9619341204469105,3,11102.446972889244,15,5,765,1
64,21937.944295068482,2472.334546361332,0.09932342090221583,0.6217350554787684,0.7617625641001607,7,17041.411224808566,2,1,453,0
34,40140.67127426645,1724.4044215669344,0.41000066565983073,0.8500596330058008,0.41079530423568944,4,49590.892902782914,3,1,459,1
28,68990.44832839633,2425.710508581215,0.0504853979426964,0.32546304796747544,0.6517988154406126,8,7283.50118712436,13,0,405,0
48,56183.12519276368,386.70625900772205,0.7182278729657579,0.6791002100726491,0.3813291146405622,9,3190.9914463430523,17,2,456,1
64,63936.408925455915,2988.8494234668246,0.19124466025528553,0.22952217707953304,0.5988977059222481,5,57958.60529923465,15,1,671,1
65,47606.7314518406,2622.958846691059,0.8361786151484264,0.24612239145477657,0.9266901649088811,0,24287.50552123056,3,5,440,1
25,82982.5630890322,3128.1549431751737,0.08738108568147984,0.8662835491833267,0.4962873825232583,6,39472.27618668692,7,5,675,1
36,74318.45899513805,2639.208608057119,0.7476692343797628,0.20027024567041907,0.9488577001914859,10,7626.954684081089,1,4,669,0
28,59919.870196664204,2082.985404430352,0.60814214089325,0.12069370615691548,0.41295151812013847,2,13210.643872011799,4,1,505,1
36,74413.71906007564,1705.6086318645546,0.2622753610530069,0.7586993808941666,0.7688312746567278,11,27598.845489595435,11,4,416,0
47,68712.7877213259,1173.6713174290376,0.22205666784600564,0.40813311624640325,0.9583819003748157,4,40509.19304572666,6,2,472,1
34,40224.89731106872,2350.291225268434,0.354026243370469,0.4371597693718112,0.762116751451948,8,17594.874667595486,12,1,464,0
24,26775.57819691739,312.02554522328,0.7541424506990517,0.7798789131719661,0.9163724908658283,8,53078.02506240251,5,3,637,1
45,59228.78623326113,1611.4355608271007,0.7826630660851372,0.25294542284074595,0.9743491990268526,2,46868.640217395245,11,0,818,1
23,62676.393333863896,3114.8508623274765,0.19899257259567688,0.6527779002928803,0.7543613647067524,0,33093.47345151233,12,5,595,1
32,80074.47323114745,667.4832706513448,0.35043083373168105,0.36649907951198935,0.8428262237930824,11,27552.671006378856,3,0,685,1
21,32165.683268555127,470.43234197397294,0.2518676763169158,0.18862819154981753,0.3701506720812343,8,37172.55256455054,0,1,536,1
25,32601.253688743363,3004.368002752871,0.1542464204922132,0.6843716416245746,0.6192055384669978,7,43899.78998682271,6,1,441,1
42,60292.02507593505,1910.431300912106,0.5994819793995888,0.3708645143682957,0.5316071727080947,3,8097.017717443194,0,3,498,1
62,47475.77476678063,3647.8476571623387,0.34399036975020497,0.8366134886380601,0.8692367604182086,1,51158.48175365313,3,4,615,1
58,20981.72868249588,4230.438607076692,0.241576438059884,0.8811803026971157,0.7768741479262227,3,29364.16701946471,5,5,786,1
25,58034.832736793556,4315.2739510500805,0.7860981074766799,0.8216939976328098,0.7370809600995191,6,56120.639388573094,6,2,511,0
22,21298.878298210395,2030.0492717449706,0.6860702412680315,0.37399898532014264,0.936881973325918,8,57332.54376684692,5,1,842,0
37,32036.60876069265,1336.607064382639,0.7076969763918911,0.30109523070570776,0.40598671720130863,3,1843.009261085109,1,0,687,1
52,90062.27169592015,2817.0390765926554,0.08331650750578813,0.8588805460466298,0.9509200014951807,2,23068.858546133815,3,3,560,1
57,111434.86825707274,2901.2295814914164,0.8278608818464063,0.4850049362949921,0.4134817655166092,2,31573.404794775917,17,5,680,1
61,28366.23005864067,2876.083225126356,0.5385276212780999,0.7015787650243134,0.568621054535986,11,32375.729287642247,14,0,714,0
37,42267.50253407054,1583.648038991189,0.4782323839818409,0.8030895711990391,0.7470724088222249,7,49343.60201082054,8,5,708,1
29,49970.101491530004,474.132466594403,0.05899754412361399,0.33603365663764917,0.56513000843651,11,8466.23924572611,0,1,789,0
22,109267.26335039255,1103.0208069500754,0.813012878868989,0.20123281374457164,0.7799978553254503,0,37348.96138169537,7,5,697,1
28,39269.718274377075,864.0035404956051,0.5123068999131005,0.6311034288417929,0.8385137300932068,5,56555.81927071576,18,0,412,0
24,39553.212240613,732.771486868234,0.751380442989455,0.6016634173987413,0.8719586728630437,5,59801.47162825719,16,5,569,1
63,98412.83399444121,4183.018280607765,0.6071843166275497,0.3296700617597894,0.4629865315695199,4,605.1324587846141,15,1,808,1
34,41412.78304168205,259.54487768806206,0.7271895714842483,0.5970007131775409,0.4647083185989733,4,58354.03697390653,4,1,493,1
61,67845.66477942647,2787.9882787161832,0.638991986274132,0.7718036663065915,0.382957837595213,0,7332.601666817766,8,1,624,1
48,25217.303021087333,4274.137321682589,0.8328193169854528,0.3975093349925083,0.6592366585113005,0,32217.03226316173,0,0,625,0
47,45385.378158369276,1748.2284482247499,0.24166155838861725,0.30597006108673636,0.43664617987296994,9,14782.188557006379,17,4,650,0
43,23229.57250198029,2466.5217834415885,0.22178508902297112,0.7162510315681228,0.5507161045738801,5,36383.462243641996,2,0,791,0
61,30486.974279477803,3191.8697529431865,0.6556603276533537,0.7679912141795255,0.8794736211484772,1,2221.5955020238607,12,2,642,0
23,71513.43476328383,1563.829687030427,0.4761855804959486,0.9111460221885822,0.9476551339121406,4,14299.960840367634,5,5,400,0
25,47932.189581432205,2253.903547141171,0.5592869947846396,0.22544794947985047,0.8679078468286172,11,18034.537991938338,11,2,509,0
41,42463.59572847529,3713.5422564308337,0.652261098812543,0.8558744866049655,0.350408481392347,5,54936.43092478103,16,4,683,0
40,34998.576534743566,3405.029360705133,0.5153139674500021,0.750333989511417,0.7078552720434264,11,35017.772810907736,6,4,752,0
47,44387.12669337701,3676.3324694192147,0.7195394305162668,0.6966149217412546,0.45499588162717086,1,42492.58334158341,0,4,691,1
57,56134.22210353705,4445.562703598921,0.3210372525454746,0.3660955848118215,0.5867205540602574,1,40560.91099902422,13,5,729,1
49,76291.15548362663,1792.4081422255697,0.7801418770597384,0.11886400850993101,0.6195889348114605,6,23537.30019595097,10,0,508,1
33,20000.0,3412.4924306238245,0.14152489998676063,0.531417920001526,0.9440526774215837,8,841.2641137251376,2,1,443,0
37,33715.315250649975,2791.9736385385268,0.5889033804170088,0.34290397001285877,0.7492554010910932,11,6421.245795972055,0,1,826,1
57,52659.04559537296,3066.4004990511444,0.8066126313977781,0.34634786608768753,0.5186226827475108,5,27528.509064222002,10,0,653,0
30,46887.74397631018,3381.4577907816183,0.2647900087164489,0.8880677906137554,0.7549607495990669,2,56477.68673207401,12,0,732,0
45,58777.78810108499,3423.8446628691536,0.327809473685326,0.2300235582452278,0.9496752508589713,6,14925.468446012468,2,0,830,0
47,55292.53175527007,4008.7041419677244,0.3096255117188281,0.8940975226519707,0.3872702481780146,3,41899.123177107234,11,5,482,1
57,42736.53532744748,1702.0832035150381,0.5296241550087787,0.528235703509129,0.8640722307408533,2,49595.75058608141,8,5,792,1
56,38673.73868821528,3009.9698312812156,0.4009410432303762,0.8125373846517963,0.4866454600999076,1,54407.1170509656,2,3,564,0
43,43893.623134591064,1405.2488558664802,0.14176539224566703,0.34104943572562385,0.4464580098002929,8,17609.184720462057,12,5,681,0
36,82201.9297807563,2756.645432002993,0.807594138492991,0.6388325644720249,0.9162861587642736,7,55876.99047364523,12,2,574,0
39,35263.243160863785,3430.05310273929,0.22397513478487302,0.5731001363649043,0.35116515790867525,1,36478.93563229076,3,2,489,0
41,47654.72070503751,3601.3046704950534,0.5039680093402502,0.8855411760051587,0.8168840164349221,6,30504.40704706643,13,5,795,1
31,53236.737754542526,2006.5353628532278,0.5555841615466723,0.25240366281605786,0.40495389823031447,10,46703.55791165308,4,0,556,0
51,98929.0215996269,2387.496959765847,0.08463906710041044,0.27388440628110766,0.7393370358755883,9,14322.756801687912,11,0,411,1
31,42824.313118260914,1635.5543600317433,0.13135547850618665,0.9066197395355129,0.7411650478760581,5,48754.813892457845,16,3,467,0
52,75467.92384327434,926.8562901204112,0.875936253865119,0.18326992766818928,0.8935489111796208,0,38997.761666504186,18,1,832,1
57,85339.33219383808,1320.2248423278884,0.614835489126975,0.6394800986873969,0.8682420932546155,7,47961.96773072101,5,4,769,1
68,47634.405357587515,4122.189121069245,0.07853040048946289,0.15147949623296517,0.7816535361442039,6,51343.331702967545,6,3,699,1
26,44586.056714762715,1528.5690323600586,0.725069337555049,0.16544218690251283,0.5897449819651872,11,37040.8465814269,1,1,750,1
58,42273.9293489399,4391.465134246124,0.48226138788586265,0.6075764314664636,0.4548356206399692,6,2204.1064805081546,19,0,691,0
25,43690.22140598666,1238.3557664261414,0.11391963626670426,0.5686627678309499,0.7504802434425493,8,17864.859607899925,6,0,809,1
37,71999.03083334242,3309.2056761684926,0.6286392833406226,0.5870722689405539,0.6630909731859849,6,52681.184697695164,16,2,444,0
29,54391.027836468005,2667.7841623588934,0.4744490349881982,0.5026042820674514,0.39910362523727405,6,37617.39065764185,18,1,428,1
28,54495.879327680384,3196.541212956634,0.22418183094428473,0.731005439494364,0.9520039909953771,3,53403.381757234616,9,0,712,1
29,29544.39777708678,2969.0191704194785,0.7960469312754966,0.9433602559101637,0.5480842975444418,4,23071.71012295727,13,4,834,0
23,31717.677845798662,3239.0189094696334,0.29767287955521604,0.33441405943180225,0.35134868194515234,3,30283.647348439474,9,5,661,1
61,128611.44338391924,4093.8523082724737,0.2918731401353116,0.3749237172177061,0.9180648914175882,5,51755.54653025483,11,5,834,1
23,45250.92648024844,2622.91883306867,0.2818575445234369,0.3745921109917325,0.7135420543185198,11,45721.88146550177,4,0,580,0
40,34591.13111351797,491.7497664871794,0.7023374105256935,0.7487786043599745,0.8118282243367,4,22650.067877236128,16,1,703,1
55,93339.12307588136,1364.549368121668,0.6502008698234524,0.39581317595516896,0.4461797313860924,5,1357.8171624873137,2,2,629,0
69,55648.69169522655,3245.3416157576844,0.8176738326498039,0.675226507445253,0.6049015746364064,11,52820.37378946231,13,5,796,0
62,63587.3425230815,2324.5209002953957,0.24493833664663778,0.4790044234601395,0.7563885747826602,1,47181.410788969166,18,3,691,1
27,46068.22902000763,2558.7735252646535,0.7184099062113871,0.6166339669695606,0.5081077661428015,3,26949.649842987856,16,2,597,1
69,42471.86387647836,2765.2959581352534,0.5370887400488815,0.8046630668841643,0.7919443354660194,5,32774.429228411165,15,5,510,0
53,45419.01515594858,1845.3058738336508,0.31237766820476764,0.5369498844210748,0.4971774012845417,4,12258.721028043281,13,3,541,1
29,26311.669404866734,3527.7507578777772,0.08013601254658805,0.5038972207196997,0.4817505310981198,4,24726.065390152115,18,5,433,0
42,47119.05042073268,3311.2000007551587,0.7461054173734436,0.3269283960645076,0.3573235296640412,9,9791.72562068723,17,5,469,0
65,56006.04356339552,3271.4874724303895,0.2549106657863529,0.5385188945468162,0.5276012495725833,5,12634.174415450158,5,5,628,0
40,112725.22003269686,3275.8337483502623,0.5869815807826816,0.3230504319731633,0.5054441789787856,4,50782.16959940565,12,3,414,1
29,50955.07184606835,4028.5394071132655,0.5165377456508407,0.8170346748602648,0.8315446307086194,5,21748.342666690158,8,2,612,0
63,20000.0,2760.18895160608,0.0537821078497663,0.4305344228323462,0.70891724088579,10,48883.39937558168,5,0,418,0
67,46990.773609789314,4358.410457836921,0.8951920854487981,0.2097414870597108,0.46202942475119557,11,28433.991842866697,16,4,472,0
68,168177.7710431337,712.528542879743,0.7421799524301095,0.303972398737406,0.7079203066977674,2,4246.66655434631,0,1,711,1
67,72392.99400054899,2917.4235993536167,0.4635005800411797,0.5543942473471678,0.4920294620621056,0,21691.63131637207,2,0,412,1
63,34033.4783088861,3282.7841475239206,0.6282901647060256,0.8788443884552896,0.618066436434143,0,9496.407276660897,2,4,551,0
43,63959.02554777636,2252.047767103746,0.4551051011021567,0.35547727378856275,0.9095710788833142,5,41614.58487758056,4,2,485,1
30,35104.82831409081,1439.2960617648268,0.6828983305869212,0.3247282734844148,0.803131418295391,7,54683.642809048164,10,3,424,1
51,26656.455054786868,2565.161046657726,0.16417926394605997,0.445575859588615,0.7601930105217705,0,45784.53384680063,18,4,493,1
31,41908.07409641902,1768.4150252500217,0.42939834594892573,0.9225913065483244,0.5273345730729475,6,46706.25651876275,19,1,450,1
44,51081.97108809198,4109.23350559161,0.335206600511931,0.8184367232921508,0.4284864488848444,4,51711.99280162598,18,4,436,1
53,21110.588619657836,1734.207373892996,0.4407069569699296,0.22721775841348782,0.8243578601089587,11,46599.87904691489,15,3,699,0
67,29227.879766382972,955.540068619155,0.43290175493130956,0.6216902940352245,0.7077709422651075,7,34114.395144401504,9,3,456,0
35,49249.32807855095,2678.473302711447,0.17162985731231517,0.7730845728424294,0.7423389069892694,5,42856.57736760015,15,1,822,1
33,40795.296455978925,1902.7681429355882,0.8800152851026747,0.7528087901647019,0.9643213912088651,7,24957.28523375956,5,4,618,0
57,58551.68058417611,612.3620226436165,0.06316832136990884,0.5155186679914234,0.5694421797053388,1,4247.278553927609,13,1,583,1
21,28378.84501418107,2628.8221092910057,0.05856200309478902,0.7220566778229358,0.8544709433986168,5,42334.787720687236,0,3,794,1
48,67599.18372262051,2512.739568012516,0.3674251207536091,0.5960486190040362,0.7021428097495048,3,43299.65784540859,18,4,749,1
57,28776.32865106066,944.7474725227389,0.5773198969447949,0.2712282354243723,0.4982137659339737,2,13423.35542574034,19,0,589,1
47,102665.40003313827,2769.8441265273245,0.20270524279268898,0.14764559454103235,0.38331964915155275,4,57236.49382951834,14,2,838,1
39,22649.85597179371,2639.6435875872025,0.5032149033185369,0.41407472804278656,0.7380868619530452,7,3150.6859583695923,3,4,638,1
61,29981.9429669508,3526.534279078841,0.6643561727689571,0.1526481516554089,0.5374981659178711,6,44157.54289667301,5,1,718,1
39,59149.112280964844,1754.7506983233277,0.12995151768412844,0.4357613933327583,0.7881513582829509,11,58108.70331763953,14,0,836,1
55,103663.4593401799,1269.6659517536489,0.8867590468135435,0.8045471513351459,0.7914581118951932,3,18548.986661998824,9,2,725,1
43,56487.20132498289,4290.245513974334,0.33619555057840017,0.8176500261430442,0.6369400947261763,8,54747.92508650282,10,2,665,0
22,63151.13268772028,2613.235347965989,0.5960531017191617,0.1289628331390152,0.6879301836089466,6,49586.17519382815,8,5,677,1
46,49409.184440976205,316.7018232019753,0.14411187945858933,0.15910514738307002,0.7447245203307817,10,44646.56791627406,16,4,694,1
23,30887.927651248687,3729.060241680496,0.6530634304131275,0.6693870244525579,0.645221114594047,10,57227.49406847172,3,1,839,0
66,39318.00137710227,1046.0596619514454,0.7643878950031131,0.5249988907008699,0.9027434817479153,8,39243.42448850411,8,1,715,1
50,28414.095629648848,3579.9561658771268,0.139492370981029,0.22695463382083222,0.3978387824073497,5,29692.839141943987,4,1,534,0
39,27572.67470873963,3232.1984367706486,0.1569836812145563,0.7847001750722792,0.9672854404413822,6,40540.86130812393,13,5,409,0
44,58734.76115084323,4365.899014331576,0.2888903022291435,0.2840217383004586,0.37107407418721716,7,24709.427554646245,5,2,752,1
51,29571.60555306138,4351.9909968564625,0.06014544306902989,0.16642686649135416,0.48110070421472206,9,19493.230404773112,5,5,619,0
33,56601.98323276276,1379.9656860197676,0.8881436001866454,0.7370810673850072,0.7962339484322472,2,4934.737501891646,3,0,586,1
35,27287.384318772172,3495.733199260699,0.5586264637097522,0.6169070784371694,0.4035249633852148,10,22680.514704623743,17,3,820,1
41,56014.8637750307,1562.4768688536728,0.5664510324690136,0.4352763279216251,0.5151688344846727,9,48191.703509141145,4,0,469,0
33,39343.76706495829,2905.5511369672554,0.8651178442038907,0.6888172732160044,0.44700530780079273,1,56726.147295392846,17,3,416,1
58,92316.39113410644,2770.3081653047507,0.7572248661715131,0.8746735853875224,0.8058500852042141,3,58509.103054382555,18,0,732,0
26,56708.16614181395,434.53711717100805,0.742106491323097,0.12905507635165056,0.7147280365253913,2,12391.552257600897,19,0,815,1
61,85485.52153789555,222.28152429203757,0.33857701441638177,0.6335275220240351,0.39062152542899947,6,34285.90571855722,6,0,773,1
38,34890.12014140435,448.3852627576809,0.3346338844449486,0.2854422024632258,0.6398845683030123,2,34544.88950205061,13,4,791,1
48,50275.064777821884,750.1508043864867,0.2979772658407498,0.5030170959501763,0.48135684465010864,3,10562.852673320212,16,3,788,0
28,31524.19984306367,1307.9057127954268,0.3446913975098719,0.4603839595508642,0.9596501167289131,2,34897.69216616635,1,3,708,1
39,40695.696989391196,4099.907459943019,0.36408244715587296,0.4314827176593503,0.41798830680470267,0,21765.770419067256,1,1,814,1
57,43566.90579694539,2430.1205039907513,0.16900313563350433,0.26180268521034267,0.7267747604793422,5,56544.38615796926,4,1,553,1
34,35360.96477325173,3626.6344770153914,0.3525556832967795,0.7822524459782348,0.6535637585834954,3,15312.132013542983,19,2,735,0
27,28368.189646542087,3804.740534060995,0.4297349799580184,0.4225924971885452,0.71419323310898,6,50097.67173050096,1,5,441,0
46,25949.74869524783,3360.255323939327,0.3129452379346597,0.8541168217960078,0.9525904959448726,2,53811.337698763266,15,4,637,0
28,20000.0,1882.9560350084594,0.19054492293391562,0.4014680320045172,0.5650075830243863,3,44152.335331971946,16,0,530,1
36,30474.455632191308,3914.595393516226,0.367398838451723,0.8137563429772803,0.8217228151229795,10,12880.636673367846,18,0,822,0
43,65014.932515564506,3390.8139392799585,0.4587716072339705,0.5627963817959847,0.6319038806205735,9,15622.14410198812,10,2,596,0
48,23877.112917466773,3395.5512066417255,0.6626191286670591,0.4277814496308233,0.7662798172770874,3,58267.07192818452,10,1,494,0
52,26485.288825992473,4076.769606811948,0.6545520972534699,0.6984273824082966,0.5803642541718839,1,4549.743967268629,14,2,656,0
54,109743.85703830844,2774.25293156804,0.22229077642082556,0.7686564309129089,0.49308698930895883,11,7025.154432247562,12,5,434,0
62,36811.91237317061,2472.8700488373597,0.08115708589300155,0.5102871717333095,0.402678306407836,8,58714.184062681394,15,1,457,0
24,56639.998626852444,4027.698997667424,0.3082295935360089,0.4616073641260062,0.414103288332153,5,46613.686451443195,7,3,594,1
38,65450.06182326,2154.185431106046,0.1835658591301082,0.5908061248164738,0.9544411008210154,8,44783.031063612645,18,2,683,1
21,66047.98210102062,3689.7539929240247,0.3864202073333399,0.5973888717298604,0.8467276703951208,2,9612.465668742021,8,3,661,1
21,24709.883795165533,431.53934991267323,0.8824442012797137,0.4616573334764843,0.5043243274817346,5,29336.32989158514,4,3,424,1
31,44179.80857161686,205.54676116218516,0.2039106652694378,0.744013446676242,0.6833627592076016,4,50445.756149073706,15,3,705,1
50,23666.071726364058,2471.6577052987345,0.3210428519095236,0.43976323059073674,0.7999666163405423,8,19732.24207255336,12,1,425,0
64,147390.82872896455,516.531143410435,0.6663471688716365,0.4850485914501188,0.5720988782615704,2,11565.90794486463,0,5,766,1
58,23916.075603191817,4399.134957848173,0.48280536543263336,0.6145204906375855,0.6271924766406642,5,656.7190660879807,3,1,417,0
52,30591.32960377851,223.65504837113474,0.0873389220373772,0.9388215666410649,0.802580609330805,10,37352.54909164566,0,0,412,0
59,30691.14990548649,3288.0434369441796,0.18743651543712342,0.32158319436198757,0.49329621829447423,2,17628.61861690767,11,0,632,0
29,24996.792246420428,1246.554191880749,0.8449621215572166,0.2971598799247961,0.6815969458339945,1,51820.34561271244,17,0,760,1
62,90099.26260605843,4360.4736226698415,0.13769024382817419,0.2503541765360353,0.4823555481623263,9,17011.085205572417,6,2,744,1
64,145816.10550998838,1840.6290976999533,0.5898288691282499,0.6860275821619135,0.35193888863978134,10,9094.5487310702,2,4,670,1
25,39573.41748913261,317.31873293462013,0.7234768015147748,0.4817304418056465,0.7848661534059524,5,57626.850720259084,17,0,480,1
44,27059.93728027582,315.8237912577657,0.27562320331618534,0.4303153890631335,0.7955768615613827,0,57886.62073527057,14,0,828,1
61,20000.0,2579.505498416161,0.6663163026678866,0.27347681802653834,0.9773053001160598,6,41101.42970116441,10,3,409,0
44,43921.14195599939,4442.861509834509,0.1944109021756532,0.8574676207928376,0.46403972996872367,3,55703.14215577627,3,3,556,1
62,42515.99170614442,4413.026200696593,0.29203773360872176,0.476697079939028,0.8159356047914161,7,9710.014874926967,13,3,739,0
66,36567.558375551285,1650.2737808438428,0.3150487262515763,0.6165393147633796,0.9472194773484618,1,27620.451598217656,7,0,677,1
44,54155.71918422956,2275.625691512257,0.8969697419795901,0.19565014154864915,0.7560856121909967,9,12249.533457856685,4,1,755,0
23,58561.21604802277,631.9599649306092,0.23238645093526367,0.19177638418216592,0.9567785530961537,8,28726.995491701746,5,2,744,1
37,56691.94783120995,2445.3604807644465,0.15982634493854725,0.1572513604143964,0.976497820725004,7,47470.67992480833,1,4,822,0
31,42520.59422788301,2778.7168759075744,0.8368377218591988,0.41224416871254954,0.8550233731160697,6,50695.67082000381,9,3,632,0
44,29859.85385352592,1279.5651621286804,0.18764108974729982,0.5019536118631248,0.9795501224847022,2,249.86365606199934,15,4,769,1
49,66146.34362474021,2832.0920744352475,0.7973879316849946,0.30789142703185135,0.7442694093638897,11,23370.20380199174,16,3,470,0
43,49297.62536044077,4068.6788322938914,0.6028881334996865,0.3972258799957131,0.6631450863466166,3,59644.12122674854,14,2,478,1
30,73112.9574242534,204.1079337209663,0.5403322733599409,0.10532102892020428,0.928110840253238,4,35358.89770890211,17,3,422,1
35,69949.86130110055,1184.4152295241613,0.6886379048145903,0.3984251954721856,0.8735021801034105,11,17771.75578187711,19,2,492,1
54,25853.649993112333,1102.654122292934,0.6670991135758426,0.2012956346062204,0.4193706062065534,0,23339.655602505773,4,0,450,1
22,25709.092617148854,732.7106730454562,0.14394726100556665,0.20912680661780614,0.5407152674832219,1,19353.82479802757,8,3,770,1
31,34891.78440347451,914.2352147695381,0.8995461938456858,0.10383018292600282,0.5142064258708909,9,26855.905801826066,6,1,622,0
64,30475.567203532042,2891.423945071167,0.8506062674814193,0.6919234811553409,0.8888148454079564,4,26669.198015498132,13,1,599,0
25,68862.24227625954,641.5858776477633,0.8121031684326289,0.8915912079419763,0.49694457321328633,6,30411.798311847815,16,4,687,1
41,57416.63531641556,3375.685918789103,0.5789457638510458,0.6283137267243336,0.5415482066586799,6,27870.360431539397,17,0,561,1
31,80389.01345043807,4014.1971394010484,0.494372631632467,0.1817717441387232,0.6768368522063152,9,30966.82109738905,1,0,656,1
26,58595.844954325,4184.327213966986,0.505836796299418,0.9412020319836284,0.39795527662966906,7,1679.3370195109803,10,2,401,0
41,53846.479900626255,3038.7560015747135,0.06269640259399757,0.9292473952450363,0.9555746748618881,5,3265.613788634598,2,3,720,0
46,84109.80286307794,1048.8045657245489,0.47454907665362644,0.4979993553088654,0.6593695492176206,6,22268.638392478664,6,5,792,1
29,60559.23784323338,566.775274821604,0.580204132510932,0.19168883564535155,0.469973246138422,8,53096.493854518085,9,3,417,0
24,50546.32055383869,1197.7073013700983,0.6099002774587062,0.7126284132001237,0.5206170648289571,4,47449.93820409505,12,1,436,1
27,95435.30527842596,4336.415898875683,0.332318545293616,0.9172479738109216,0.8527927606649118,2,6609.218514693831,15,2,461,1
52,51628.617343625694,4338.084367528062,0.450589997749517,0.7618946635178887,0.7494240825124061,5,29689.85752460088,19,2,673,1
63,42746.67646299026,1842.251200848871,0.5908640156631884,0.6305724263853338,0.642714395260739,11,36275.23625868938,6,2,742,0
29,33623.46729465221,1600.9036267194676,0.41405968373390445,0.6192071170154155,0.5589088614544495,1,28871.35457010538,11,4,770,1
36,67262.7221531197,2393.045503713981,0.8678149191359964,0.9312303970747844,0.9174311486955823,2,41853.99821874366,1,4,751,0
37,85534.29997952502,1454.258793309823,0.6496257933742002,0.16215143629680404,0.8367156603840731,11,59835.78948537127,2,4,659,0
38,47917.48122642305,4412.548542118922,0.051082684313256924,0.22712261665203223,0.802410583530413,9,5788.447796230278,19,2,716,0
32,88305.88487090764,1151.2519771056827,0.06978755925991506,0.8061897280287289,0.6309803179088569,1,30932.04188742013,18,1,525,1
23,20201.118145860266,1787.313533385905,0.6367551729481182,0.22334611827179515,0.9681308949786817,2,30742.287777753198,18,0,735,1
46,47812.67168388156,2046.2947655107666,0.4007483329136773,0.4258020138896752,0.7973442869753729,8,33742.72786384093,5,4,482,0
38,48144.26434417661,737.7752992489973,0.7635503068304264,0.3392743676465378,0.6168835767415951,9,10018.047358977463,13,5,833,1
37,35342.89045462843,1846.1467551115584,0.19706309806332273,0.30692800897433425,0.9551477875508176,8,38301.467459353145,4,0,418,1
33,143305.99769990143,3883.9420964384854,0.06175287694444809,0.12186365844216268,0.9143067478145406,10,2660.4553553265787,13,0,824,1
66,47582.166434907456,803.5523062640614,0.3798699975966554,0.5813135740045895,0.81617807193293,6,44467.409215909305,9,1,607,1
50,40803.41887257446,2711.294388552605,0.6756544886613316,0.4410535927084418,0.8332075566206514,10,39789.57153840673,18,4,690,0
41,49596.8672802051,1948.539693658072,0.8759685733709333,0.5688516807414595,0.6168853248071602,7,19825.42010475979,7,1,471,1
31,20000.0,933.3079223050554,0.8011057974483972,0.35883197552287815,0.6696308172870087,5,59339.361666002966,12,0,543,0
60,34823.90772915136,253.04550713158503,0.461463420146568,0.9002417267961231,0.47067482359321106,7,49726.70296027069,13,2,788,1
64,76302.2714068211,1375.376205006571,0.7408946907169116,0.6026451134052982,0.7250996346863245,5,32372.138102641395,15,2,406,1
22,36937.20509704554,465.86453100140824,0.10978088918747195,0.9170259895524268,0.5830474254662154,7,59430.6245961364,1,2,486,1
66,33759.1299495038,1820.1044265759613,0.5364314954471509,0.39750506111985984,0.5688861451093224,10,49805.4386236968,9,3,684,0
55,88369.8861723934,3683.902379507186,0.8356536510622996,0.10194610674437378,0.9473837667169815,11,8278.636808196881,9,1,761,0
25,89600.34777996596,3294.6466217737334,0.38692737536712896,0.7640757302180745,0.45381356290591834,6,35463.63625136563,4,0,594,1
57,61861.03098179277,4273.749960317598,0.8660855352136483,0.8032720263765458,0.8728833579789345,0,34851.45820097697,16,0,439,1
26,39942.53997371004,2036.1662945493974,0.2375823322197395,0.1498978876202856,0.5273251997350993,7,39176.71030316998,16,4,466,1
23,44012.89863333195,3243.546013944967,0.1397887381033845,0.6315638441929712,0.36805304628261604,3,56445.395494645716,1,3,800,1
26,34136.84291097302,3060.969405038687,0.4960479856694459,0.6618651869841021,0.37549174029216126,2,29521.91479835057,13,1,496,0
43,31330.6489290595,1133.2991035805162,0.8211598411840407,0.2238737869904305,0.620381820329099,10,4642.887821028916,17,5,660,0
51,30638.497341148828,1505.4047725004316,0.3145873359330325,0.569645869924694,0.6363103708735385,5,28759.881631520973,5,3,821,0
40,37118.675954941304,2478.2669936103694,0.7301362714891095,0.3067190485779521,0.5517582109199396,9,47267.66321490858,12,4,569,1
26,30772.464341075825,3625.626471725464,0.1938176759982388,0.11398394772383874,0.7713311515055505,4,21516.52648761301,12,4,429,1
30,24253.899720561083,2185.79475819061,0.6837348366007987,0.8368744268197,0.6557659504504323,7,1626.29435525651,0,1,765,1
62,54107.66849104842,1179.2886055547674,0.5234729001793164,0.5179408955424945,0.3966912317886288,7,18194.593314398568,16,3,754,1
68,54478.85977705721,4471.90246820559,0.1987644290852164,0.7644442357741045,0.5692848527953636,10,40928.99668217772,15,3,692,0
57,105383.01365074654,696.9888673207744,0.6603741620219673,0.7144590773947423,0.41423652232543945,2,5160.565685152891,5,2,805,1
26,36288.19403800541,4310.3223022127095,0.6566926964379632,0.9446494718623496,0.38963688715085243,6,22557.88852135491,6,3,749,0
61,56007.74508988202,3678.8990402511017,0.4881199447719242,0.4722603933160142,0.4812331737483885,4,7987.8501000501265,15,2,709,0
54,56427.99393282053,3807.242133023763,0.24164749199627344,0.463418015743601,0.7913625405317872,5,28555.71550387135,16,0,550,1
46,43729.27640946122,3618.1456072934475,0.16244980840824708,0.33949223199349465,0.7884810368072084,10,8490.809506325262,1,0,427,0
28,68524.73917833681,1095.1350476098746,0.8636667911908209,0.6313751313927324,0.8926751500752436,1,6542.2185005826195,7,2,726,1
69,69484.09344638512,2920.10422279954,0.607440657520282,0.5131956254719916,0.826544154268956,6,41867.92751571016,12,5,780,1
42,56802.46449922878,3454.024193539007,0.7378552610373764,0.7194469538204185,0.6873622829745221,4,9480.095318220645,2,1,712,1
23,43693.82788278925,3406.448906037101,0.6424249496927054,0.4030349436752132,0.5469456154458343,10,9287.747675029652,19,3,693,0
31,41735.67055602366,1367.7310933395336,0.7550526154134456,0.21121803036792702,0.35366124195568294,2,35551.15052796666,4,0,723,1
40,26489.686447016004,978.81336738383,0.1881171967865849,0.833070134301536,0.7576966132113105,2,2615.628693950911,17,3,524,1
24,34109.697248124416,1610.9288308325615,0.47240769086498774,0.8038399006699819,0.5325193081973535,1,1979.5577280115695,1,1,452,1
36,37052.70413809389,2263.331265622785,0.6170560549269494,0.39835015904838256,0.5075630640885883,5,25886.776136826396,17,2,683,0
43,29561.044427777557,2667.257212373809,0.13788141491093525,0.6867989598851992,0.9641400906877501,0,21905.72899347356,0,4,824,0
67,59752.4686351334,3798.8865579723897,0.17746340692914708,0.51854247033427,0.45977132121593817,6,32677.164129929726,13,2,461,0
25,83992.47924706814,3506.847179129849,0.5888852051133046,0.7468262825614351,0.37043388610512007,2,59609.07703741491,7,5,432,1
49,32577.329308447454,3107.4472603660192,0.7883999336157471,0.4316125133648355,0.9481159489710334,4,26082.389761547507,9,0,718,0
65,55689.59733498721,1333.0039596538704,0.611353752100358,0.5552933500825451,0.5427842348955536,7,34563.50264743148,2,0,590,1
60,30780.910480287293,2259.1861454202563,0.08077409143766429,0.14914368845503517,0.5978546318910097,8,55154.61757074159,13,1,806,0
66,42735.490920160395,1642.3742587502325,0.8748679795267745,0.24867348434986916,0.4009889894843557,0,28990.746181283015,12,1,612,1
29,35930.85547698348,1210.1911720672967,0.1685808657703083,0.7645007666088375,0.6045610851055923,1,46867.23153432826,6,2,634,1
60,64270.30872217284,244.05504964896164,0.24767789851961625,0.42433065984694585,0.9624994131841866,3,32919.15215656392,9,5,427,1
68,36117.95256838304,1659.6864734539697,0.8787221896190156,0.12983961059515164,0.7872324222379881,6,38232.43486941926,11,1,828,1
36,77284.38323582288,1301.2999511728724,0.7053780471553687,0.24249084285515465,0.6485096522449157,10,55950.14641663024,13,2,548,1
45,43889.29202356963,2659.1800059573116,0.8460901783217306,0.4498583272727723,0.5437071369877824,1,42.22609906128216,10,0,597,0
47,36595.41838010851,467.89761221996247,0.7356267388868253,0.7102261409642561,0.5806076943470564,0,54056.39335511853,1,4,683,1
45,27889.697432043668,1363.2342658538646,0.6039743037527201,0.40896228553614633,0.735073734474925,7,29861.52117942233,10,3,785,0
35,54936.98222778526,392.508806950186,0.2918700490335551,0.7334078912220386,0.5103035394413451,11,36405.86215449325,6,0,757,0
68,73339.03480622119,2958.0969894077753,0.32784922544459655,0.8293514992008209,0.445726941061976,9,27003.478317750683,8,2,748,1
67,55436.55903346258,2643.215101845087,0.8551804120877143,0.3899661220748557,0.7886240645844984,6,15655.117761139414,7,1,447,0
39,134252.04565202506,1651.164099220235,0.7815317737322979,0.7803192352262615,0.897765959584875,0,3960.431407015388,7,2,439,1
60,93284.0439647694,833.5387818728384,0.35556688117597746,0.2078485660406611,0.9179695123051125,6,56707.54256899618,4,1,774,1
40,42685.41218683003,4319.055280905562,0.3672773049775982,0.45299099631091067,0.8800936750831464,5,37432.57237648416,6,4,810,0
59,42484.20568021541,2712.8875237710376,0.303040231734502,0.1829280368393537,0.684277799470949,5,52408.24424770863,14,0,680,1
49,60558.40339643949,3120.187476259892,0.32721062123125333,0.14464879047555937,0.8469635104725729,5,17448.49698329279,4,3,809,0
44,33620.50302102008,2484.799639058643,0.7815673463454679,0.15484827086262987,0.9336041110134535,6,16679.93695192726,15,4,542,0
27,82853.5390203691,3668.092964878682,0.05893082810136982,0.18903922301939097,0.36471843145249455,8,20147.066682437373,8,0,558,0
53,57683.14150393359,4054.4342130569216,0.420644727943096,0.8103670349039389,0.609621877156161,2,13862.293736364463,12,5,476,1
36,55017.495293949054,1845.655337469808,0.8514137267487217,0.5621255550886365,0.47859905212922277,0,29878.242803077897,2,4,757,1
31,66778.01245638583,3167.1088425916255,0.5112409019053875,0.905279959610459,0.9779643348174495,0,56174.492829672075,4,1,701,1
30,106433.26494794972,1188.5161835495069,0.43287892162231795,0.5573002561156365,0.9356265860688998,4,52563.76029779891,18,2,501,1
69,52940.817013616295,3002.9767027967655,0.31551433399464984,0.6344046324638287,0.8553771491778716,6,29706.02723771938,16,4,849,1
26,46589.563374404854,1916.3692088991763,0.11282573538261825,0.2568113669694191,0.5364042772294844,9,20925.747949561493,1,3,413,1
60,96656.99248017721,229.16087742561132,0.24081350632338594,0.5594938675386522,0.9498244266634323,5,36701.2681658135,18,4,746,1
63,75765.45183545211,4308.769834217269,0.12688964844634057,0.4275071664828278,0.3684277772391509,6,36735.488008742526,16,5,493,0
22,42427.79936703137,3934.298645816491,0.157694515258114,0.8917200408193146,0.46846501510607264,11,41025.84534024089,2,2,752,1
49,49135.34449160774,1450.597166487922,0.18898906250732933,0.8938330334145231,0.7386304651654836,8,32136.00154988729,4,0,617,1
49,53525.925921706315,4490.3564512013,0.30672501727163665,0.2687238206269048,0.8495942285967342,8,1605.3156124021496,3,2,505,0
38,57688.65571297369,1563.6490005930966,0.05936417799620514,0.627111234347611,0.9066874374628093,4,4562.791040837604,17,3,425,1
53,26622.98094480798,2173.0300017740215,0.8576223027542605,0.6424494325253313,0.539320424741793,1,58426.49912429028,17,4,679,1
41,24486.61514147895,3860.4138125499935,0.15524622877542837,0.5781548175393152,0.5962068986738286,11,44774.11770799124,14,1,472,0
42,32881.796642822985,1509.7643107105757,0.375676541505649,0.2056802517958769,0.6365412632308602,6,56894.813916133346,5,5,602,1
42,31756.97612457527,2137.32322286625,0.7975984257575636,0.6559130210147325,0.36699350567636635,0,20371.5360610982,18,0,827,1
60,36690.721932862674,3062.0248186299987,0.1405827746621479,0.77922249218557,0.8943006294228243,5,32096.965098797646,16,3,799,0
52,65226.41402390005,761.0104855214413,0.46106361399100265,0.3934421287751606,0.5629075016932944,1,19317.11514519896,17,2,622,1
39,45432.44969255026,2016.1065853743862,0.7680660579101865,0.5373689466525337,0.4755454258658801,11,54536.10280693726,7,4,729,0
66,53550.34788220886,1530.462730654994,0.5234182304290191,0.19887875439688624,0.6077941497529704,6,17264.0029899656,14,1,770,1
60,28256.066742934916,3110.1295152187176,0.22879205610934605,0.8910854047639735,0.7976549261863854,9,41628.67823228917,13,5,672,0
66,39825.433055713765,784.6683772595986,0.6751831017006942,0.19310717519647203,0.8986768150181008,5,10503.334493467959,3,0,492,1
56,63848.34543325697,1200.7453601340308,0.6291399034373817,0.27712054066800995,0.4856871737158422,0,6315.08706460036,11,4,765,1
40,64069.81365565493,3258.917676135676,0.35785802056488564,0.3537067044300297,0.4587461692322993,7,9338.073858380476,10,2,439,1
58,35381.4084917425,871.7647898136936,0.08935088734416888,0.8019217033047186,0.9445832697268162,7,31767.315996969242,11,3,635,1
37,52719.88953560512,2014.682827631526,0.05668498641167982,0.6955575324270017,0.6970626020730477,2,50672.4624305518,6,1,751,1
34,131858.08822843136,3265.387104998261,0.7515839506580959,0.10596227230263716,0.5804363719649117,8,59956.78351037435,13,2,656,1
43,48634.135108696144,3491.514053049023,0.32332375732520824,0.2560273150854989,0.47557125669039735,2,37360.98262966683,17,2,556,1
68,35884.684729114386,607.9890682881744,0.16710441381501892,0.7376285023131165,0.9770061279850164,8,32016.21191082998,12,1,587,0
48,45333.74354459762,3863.581120503756,0.4907685422385348,0.44325931735069046,0.8030861008676774,8,47212.955427910354,17,0,606,0
39,51096.93011639566,3313.080894858855,0.8327083013663266,0.122281502597171,0.4872677441516141,1,3824.6521532735287,15,2,734,1
43,45797.01662045538,1658.966731381249,0.05720873484403806,0.9193293465720209,0.4074934502411063,3,48563.83412075639,6,2,846,1
35,48333.99318261782,3484.352265020032,0.0977220095749523,0.22854797599947776,0.4755478766999949,1,45502.77245950963,14,4,750,1
53,25602.593690698057,3331.685120964834,0.4044881926973115,0.5338966440398035,0.5060778404617742,8,31772.49156629727,13,2,542,0
38,31787.114625974184,2783.8322739860578,0.6245710207418039,0.3110686829981169,0.4199839590348098,2,1379.2185447840045,18,3,450,0
48,45834.81083576797,2601.469045645131,0.45468538995199265,0.7268489221915556,0.49468036354965406,7,12131.81883147985,6,2,612,0
39,45507.36288473707,3359.2250022682174,0.812916172695594,0.7602171841901948,0.42357121410774645,5,22182.755964258686,3,2,786,0
36,37995.18903354055,4496.817577333454,0.08747187220685643,0.4376373429961591,0.5879709715585344,0,56473.33355573674,13,4,685,1
68,45267.467025843514,2687.774672058307,0.339119739197182,0.659682178240177,0.6563030132770005,10,38309.32945140286,12,4,544,1
37,50385.397751939934,3677.486848577666,0.3486457059804126,0.8727125468645126,0.6368295327259783,8,30605.556794929602,12,5,440,0
24,73147.70670940378,3400.3769844570065,0.3391081420883904,0.7925877507187153,0.8724023430599107,3,29305.585224348884,14,2,513,1
39,46880.38886640213,3879.9761287454503,0.464533025304882,0.45266305999817746,0.5100170933908682,10,46798.54389714897,10,0,722,0
47,58664.87483991012,4304.456903951795,0.7219904884154189,0.4752546458121423,0.9088691090496581,8,19417.814337876498,0,3,701,0
25,38417.941820127584,1030.2577920815054,0.3202002239423947,0.8538465329229674,0.9221173756731453,9,5671.488227108596,17,2,603,0
35,63414.1990810773,911.4764364990001,0.6828107256373722,0.1292168803623915,0.9546738185622957,2,40622.59846738623,5,0,550,1
29,58051.082456804455,2721.3128621840738,0.17449565058721067,0.11938983646675241,0.4640194373474774,0,19740.960474234656,4,5,478,1
45,72375.10397078794,2131.968770411969,0.5266161272888578,0.2749260403302688,0.5048232221282839,0,19535.570218905395,16,3,837,1
56,67579.31391995148,2654.1075795524275,0.3688248218157133,0.8034783979825421,0.7430143347351664,6,27282.91416564778,15,3,593,1
68,63890.82397548445,3631.5837582876866,0.508329181951235,0.2302312094746207,0.438761728919206,9,14564.041304120918,10,3,745,0
40,46897.149113956744,4206.372264211759,0.141587287816412,0.34248739220609975,0.4039414381119474,10,55302.151788427625,13,5,607,0
63,54733.03037628617,1994.8880483538,0.8604434197467723,0.6347083866191493,0.3964292435798121,11,50818.225330349866,1,4,656,0
31,79108.76983227322,3287.1103758375853,0.8202819992815112,0.25660638855217366,0.7318742698397367,7,59465.29985838368,5,4,688,1
59,36554.7510262536,1046.2365077180602,0.7524368586470346,0.3576488900570375,0.8569472294662915,7,57872.92775583975,4,4,560,1
48,36946.141631573846,2498.573382224451,0.8088653998798441,0.49687581805471337,0.5130979674752888,3,18867.320712813053,8,4,821,1
58,53190.98090398834,293.76054445623566,0.1746846896542632,0.2938928912027474,0.9381263488892467,0,22835.87752084711,7,4,605,1
58,59093.47910178676,2366.127438672317,0.478163507066716,0.9435516313812431,0.848919369976402,2,41895.47941800437,1,0,744,1
47,33831.65140291963,2544.9467742396496,0.32022278494304485,0.23892911472307768,0.39880005537999486,0,950.754153193909,13,2,812,0
33,47399.02066832913,3362.4149438468244,0.8042780501085348,0.8224465391822151,0.6066009709706333,8,59633.33312332715,11,1,572,0
46,46990.49149448411,2992.784597890064,0.2110220301245465,0.4995848567739113,0.392849365601583,6,650.5849239669903,7,5,505,1
61,20000.0,1741.1059575149466,0.23695355187067646,0.2097551277621602,0.9265723194099018,9,31889.15550613868,17,3,836,0
68,44408.34604907017,224.64287306642169,0.6337072879017592,0.2007132335881935,0.8179653510177666,1,40122.01872782222,7,3,753,0
66,45670.45985533293,696.5892565786804,0.12556471022451793,0.5252516476432271,0.7825234321234718,10,54848.77847730818,2,3,755,1
29,45609.35717827983,4384.160810125045,0.6725121003791439,0.40049214574882863,0.7801021633669449,8,38648.1792466866,16,4,825,0
50,92703.49226071982,4166.032580755815,0.277908195067004,0.2994119542460446,0.5296649761943184,10,35818.12798220407,2,4,412,0
26,28364.418407459296,1597.9006012489249,0.6117950604770753,0.9150982665908864,0.9381296677764465,7,18021.557949018435,1,1,825,0
53,33823.79551045411,1313.0676416727172,0.7920821184065614,0.4938727795382123,0.9313492946788487,4,35455.28369772218,9,5,452,1
69,20000.0,2076.5900628671607,0.568169667249742,0.8894893341664785,0.8158779499057653,7,44982.09077953646,11,4,465,0
23,39481.500532013146,3166.742127331913,0.23078117329319264,0.239399767155096,0.6454260304552295,7,30935.500737310547,5,1,498,1
53,41025.9634705158,1734.3589924292867,0.09179069670833412,0.2559461571455104,0.37968291039815055,2,46778.11789722747,16,3,450,1
67,38968.55316104592,489.3635452439688,0.087921875940806,0.6066235373010838,0.36783615058633246,1,4176.782812451088,5,2,437,1
62,80696.8486062626,1932.0188975109045,0.12549009971190672,0.3293942962242992,0.4370246297420367,7,20122.64705997567,19,2,456,1
40,72205.96109039664,1320.5326762701573,0.5428452255992585,0.25719717726957136,0.7253317570266262,1,57588.83604384238,12,5,618,1
26,50768.71137114019,1597.1990482082108,0.3459851759345535,0.18048257760131442,0.8528026088989571,1,19406.66478393767,3,1,567,1
66,41490.68096353856,900.716156885409,0.2566409307865134,0.16483006976108927,0.94753342897238,0,37311.31810893515,8,5,553,1
66,77791.33671184776,3033.012298616284,0.23641057412761252,0.7401931276014123,0.4604781099439724,7,31193.085460009006,1,3,477,1
49,48586.887214106035,2464.5130129544673,0.8562943021176342,0.33983867441434407,0.5235825649015797,11,56197.440799362885,16,4,837,1
68,33920.62388208002,1364.7114043700235,0.15099408950826324,0.9316562803114896,0.38408318084428145,5,9766.31258436313,12,4,549,0
21,22644.85822330624,2581.608669616838,0.3090922491567565,0.2556529583572561,0.9730997151349541,1,17963.28597058555,8,3,612,0
51,40191.4062849086,2318.6437428191234,0.45075567271631417,0.40127965252027076,0.841976499902976,6,51742.638325851665,13,1,464,1
22,68843.39922428915,3622.69188323392,0.050382097163117104,0.41867232655998343,0.6528499013897173,5,39972.15268639191,12,5,495,0
66,136549.4924981945,4310.732358162867,0.8328102093543659,0.5251298738263054,0.7126061738405407,7,32582.961640142985,11,3,505,1
54,50398.9013789546,761.8831886082206,0.13423380214608827,0.8400404886325353,0.7041698791398479,5,23694.023519471313,7,2,836,0
65,34738.0191261195,4000.827959304326,0.6301000105832466,0.8095546784695591,0.5102472744801847,6,24678.925981230605,7,1,479,0
48,28760.714534887687,3230.626834625079,0.584535655588115,0.10846288123422604,0.4667961374048543,3,56095.36096587008,5,0,631,1
25,62842.049306641544,3177.9802447809907,0.7377042768390266,0.4478668069145232,0.5370947014719432,10,40264.536272028716,15,1,644,0
22,22157.310727333803,1809.4938577126309,0.6036795709778296,0.8037462213844946,0.5057067363715744,6,55745.9031849082,9,0,432,0
37,62796.542526626785,1678.8052404991604,0.7039793046335826,0.10016813665270367,0.7012426966145474,3,58331.16652727959,9,5,557,1
57,70825.20525961771,224.249784736823,0.4080613174702484,0.5535936363855073,0.5441677676791099,0,32820.480366191696,14,2,436,1
28,59654.55304523018,4423.480960940424,0.46539882036887975,0.3205542781332216,0.809235218717876,8,36593.33671387875,10,3,478,0
62,44406.99351552776,2807.9750792041095,0.6464127868397564,0.45085326685578553,0.7078020316999324,4,39381.89574426399,19,4,703,0
32,63210.34756934034,1930.0130828728793,0.5331627128967934,0.45725899489698685,0.6853261722108498,2,50350.14017279113,4,5,655,0
45,52940.41246914531,2538.205934136368,0.4848077677267119,0.4329912746098873,0.9493150732662253,5,39544.30275637807,0,2,622,1
30,34538.99557282441,374.2662466139286,0.22472464514636692,0.8581576038795735,0.5531180072896024,5,6878.845330945811,8,0,496,0
43,112722.63750934845,946.6991077541761,0.2693920216854191,0.5559940676241044,0.7502200138411546,9,56545.80657324998,10,3,680,1
43,41845.698177443,2880.447677342631,0.3547226549004845,0.8681847152537869,0.35003189502728005,6,39656.061507218015,16,5,807,0
21,69500.45200511535,2411.325437639566,0.05789172760997771,0.7177310462231483,0.8142618977846796,8,52195.03630737252,12,2,782,1
48,20000.0,3584.4217385888223,0.4047589321432014,0.3984520603279048,0.6666026752805595,7,25484.264746918085,18,0,477,1
59,87065.14384350815,3032.593568914949,0.05235320439932589,0.5195291293166117,0.4812825230892096,10,28482.981473437045,1,4,706,0
66,94934.61638904543,2786.173406711365,0.5302631205331362,0.43137975747449797,0.3509516505500288,0,41331.381163352016,10,3,509,1
37,49683.35289708771,3705.6425285128475,0.6484244536264966,0.8042881364702733,0.7953746973223648,4,46584.23917992291,16,0,787,1
64,63035.09826953766,493.5313538731727,0.5278263368728574,0.25945814017531915,0.7675014432368615,8,4707.522598922984,10,0,612,1
64,63027.841210070466,3170.8132246545265,0.6394919772241445,0.8959504399223187,0.7692064833821272,1,24440.570011562657,5,3,734,1
69,36707.904549147555,3277.0400671427665,0.05001119327277636,0.5933608201141287,0.6255965385658905,5,46191.382817630336,15,0,642,1
39,62705.53733333323,1383.2032636240474,0.10052567729166312,0.6199942608728714,0.7527573152350677,4,59534.15580877865,17,1,703,1
62,34068.084566978,1041.293436895796,0.643693074744222,0.5392811902141756,0.7099409177668179,9,698.5470717751974,5,1,820,1
48,37274.30090374231,1119.5656444607964,0.732465125763255,0.5713220054881799,0.5005038781050992,11,15888.493646504096,11,2,460,1
23,81399.50040536233,1052.005712757575,0.6600463352559853,0.667524103959403,0.67682386612511,1,27890.91491422842,16,4,806,1
34,76008.15839540293,2452.2634208854565,0.6135604061705189,0.6567799668357307,0.6741934606099039,2,13376.502106096752,3,2,617,1
53,35672.3452260325,783.1931388730625,0.6512752642398261,0.2820250255394696,0.8688824195870254,9,1615.331913459186,0,5,463,0
28,35238.36368178566,3034.9292041032068,0.6786514369267409,0.595074136742113,0.6230980842825636,2,32372.58144632049,14,3,594,1
42,36661.466704302286,651.8365134797091,0.6657208736124339,0.40143247458517617,0.6247338245327545,5,38963.91654237988,15,2,425,1
58,68165.08788445778,315.6254533341017,0.6773072060350889,0.6414757599324469,0.9701748169031342,11,24963.72365988679,3,3,643,0
28,31257.25688843017,1572.9480425172458,0.1129167513029037,0.565659393227731,0.9135122399011278,11,22192.68478130036,11,0,612,1
45,57556.40414139818,1024.9968120520766,0.10378081877043101,0.2527279436556187,0.5026401737275573,11,59136.6336107691,14,5,576,0
31,68602.28106142556,4451.246838263354,0.3569519517450231,0.7245238299081806,0.9234846496412603,1,28651.71139321016,19,1,599,0
47,47112.30730050333,1502.8840926540347,0.49845720736647625,0.48846143035756673,0.4369189934980006,1,47884.167194501315,16,5,679,1
32,77228.87260668975,1154.8755699097092,0.6982261958334686,0.5687253194432165,0.8876363670062003,2,17230.450331748125,4,3,772,1
68,42747.261923029095,1046.1102410466226,0.33450164597236065,0.671746435186091,0.4654937273399109,9,49811.29518430992,11,1,576,0
24,44523.16878651477,1807.5674906550084,0.2838495151385896,0.6549410078295664,0.6181301098059693,2,49421.98135199381,14,2,407,0
68,31578.733925736782,2805.1502499257845,0.7142310619007501,0.7365894970765379,0.9698706276990539,5,16062.127286581397,5,0,650,1
59,77476.48937614005,3562.3646826990143,0.2619363237358957,0.27573896934664976,0.4111408300279051,9,39351.29712850232,3,3,825,1
62,34719.81355705953,1767.6778652951941,0.7477151702922938,0.1938325486767534,0.8790663265798433,5,40920.898601241046,8,0,577,1
62,57376.9146706341,2891.6752141839943,0.2005635172620328,0.6688026384731928,0.6616823882024255,11,26556.93173662306,14,3,455,0
30,47472.589950681926,2272.857562601366,0.35555249444160525,0.30058720466582983,0.4199245604383195,5,46426.803772646315,10,1,805,1
66,30523.36154197579,3839.929988889613,0.39091426801243173,0.19741413826735266,0.9500695688361518,4,18413.115671819352,12,0,588,0
50,37268.494054312876,2646.8796417812714,0.3045838802114964,0.21155186888799682,0.6960157619277123,11,29056.310347056944,13,1,568,0
68,91335.28888005088,1446.5341890801305,0.05285337680396075,0.3658801053145869,0.9048038438123314,6,59409.10234978743,19,0,532,1
64,53677.32264471513,3225.4252058665,0.2501828691480607,0.9430189908418583,0.897537373451653,2,10720.540299179962,12,5,728,1
49,31128.601763613282,3726.277298498882,0.3370055250470426,0.23367127768402227,0.35921978725263964,7,8866.963321034951,2,5,465,0
39,56240.79877240226,2201.3948240850495,0.3165811603476633,0.3537560779536977,0.5168496432464766,9,8531.921243813813,8,5,676,1
26,45901.29851714957,4444.948127193971,0.717722172005626,0.8826240290998214,0.562260595156286,10,59886.55631007431,3,4,556,0
25,220000.0,3980.116580522648,0.09026259815600207,0.9188118536696822,0.6869643486911482,0,9594.796595615713,15,1,573,1
40,55731.774919557494,1046.9050795616133,0.38060639470695456,0.2945168569787904,0.39527558619988085,1,11414.354209916439,19,4,497,1
60,41304.173157496894,3583.0502502718205,0.08188813724252506,0.8483847924930589,0.5950491459477046,7,41687.195124445345,15,4,763,0
45,92875.25828426093,2784.0903507039943,0.841050431209658,0.21808025284456162,0.8632220178825509,8,45569.79748829348,4,1,604,1
44,21408.29461443321,2499.688580573689,0.7216780214764319,0.7473059496054383,0.4591104024545779,7,31623.67832796978,13,5,817,0
32,51146.230332342406,2409.935922292144,0.8848373593523114,0.11105693655026581,0.7918041789831212,4,58960.1471500571,0,5,772,1
48,120269.79894502801,3869.667913964445,0.8236364519416157,0.44562668485481605,0.6400075279139824,9,2334.5328192746238,5,2,742,0
52,46523.38284365529,2826.752992284829,0.3184408562986717,0.31023492570977995,0.3945442249047854,6,37249.25214292696,6,3,602,1
69,22471.756430104975,2512.135735731055,0.6378459004809933,0.6984068120352542,0.46174566134624145,11,36388.15916409702,9,5,826,0
56,41020.89770745389,410.09759905961107,0.3105709743566471,0.11364771165190699,0.4388493609923284,4,19274.68723718451,6,1,663,1
50,94327.9782267473,2127.7023399617965,0.8049795097401804,0.4951664501438031,0.7404222431808145,9,53966.42820467086,8,5,596,1
65,58059.94662928259,4104.578716795682,0.3991399394722402,0.6922196710331949,0.4050143712961777,1,33172.902366305214,0,1,556,1
41,33607.84331550522,3260.4679361818617,0.3695044106185973,0.13969914226265548,0.8685194718898205,8,14780.416089492885,16,5,811,0
66,36013.19711427397,419.10210564145973,0.8269584325983335,0.8627901548104764,0.8581952524902451,8,5301.510972044539,7,1,514,0
39,38106.29909332176,4001.166813249482,0.7612292444768762,0.40701779628698154,0.40043905818609293,3,6427.133612290563,16,4,794,0
27,57672.69101504238,3754.6690519213325,0.8714515203596563,0.2404759574059062,0.9095642345700156,0,53839.754776201175,1,3,502,1
41,89517.3965130704,2550.74210974897,0.10651487273827984,0.29164482162589167,0.9542713201760052,11,15018.525740304969,17,2,743,0
27,78715.10566007333,296.3435002838104,0.2568380463330309,0.3880700394633937,0.3773849018541844,0,54420.31809670457,12,2,526,1
26,60186.62809459722,2618.4473575453426,0.3057290856869888,0.2686188365489483,0.9487076279262039,5,7207.074527939505,4,1,775,1
64,26923.636443469797,434.7329146836322,0.41069925181154776,0.5339919408279225,0.5260611667155021,0,59036.115420597256,15,4,776,1
59,26968.650254566623,1577.6295264411658,0.4521605390562556,0.6379919760244526,0.76880002270601,5,50000.94425173856,14,5,728,1
31,62315.37160325746,2904.3113612817774,0.2977515638567273,0.468415592550826,0.460133920129289,9,6973.724495820868,14,3,846,0
62,26756.641608329217,4125.52626069335,0.7218828596732743,0.46297732741085396,0.8649971852509,6,5163.390168980442,17,1,630,0
24,44289.14271342447,1738.5212402157586,0.239757522812298,0.764444591463397,0.8804054051830671,2,48206.230945291,19,4,777,1
34,56210.99744336405,3898.102266398849,0.6420397163042462,0.3558642060142023,0.966355085273792,4,4683.9753173807085,3,2,648,0
55,29380.38935688511,4148.95234472222,0.7740030682532828,0.6293535088211557,0.9752960811676246,1,15730.859140485587,5,5,417,1
35,30917.63306680406,290.48868596645156,0.5631435032856484,0.8589833472869516,0.39779035589889766,7,48074.98855600624,0,1,587,0
56,46987.90564822389,1229.5397023358855,0.3510350870088977,0.28828721033161037,0.764517068805187,0,54454.80074089946,1,3,414,1
63,61490.786489081365,3252.4078866782447,0.20970755586715362,0.6269156205207886,0.5220190916059442,4,46059.12349552123,2,2,698,1
24,79037.95401794251,3454.4250852420582,0.1641942652431416,0.9057760130465665,0.4291140049476214,0,53393.569245172206,13,5,468,1
22,64419.65359923095,1887.3924559333325,0.6825485282767024,0.5503259667121363,0.44374111379051173,2,33593.29878224562,12,0,546,1
67,50672.846177175044,3024.0448349232765,0.44876219794598854,0.9303630651425606,0.9399554605248953,0,46776.669722970495,0,3,792,0
46,35038.83724664157,2832.282054656751,0.0893716184922625,0.363539137557077,0.7806990201575674,11,20651.17970936544,8,4,732,0
45,30275.432434496935,3381.0323348845577,0.8862635809012273,0.5796498087662684,0.3817903991104959,9,47112.84413976092,2,2,551,0
43,38952.775635112215,3290.231239304024,0.6206077055406416,0.3643803885208099,0.9700649492320383,11,40784.45444546923,3,3,627,0
42,58951.53904399486,569.2444313585538,0.7675551687129306,0.10316151130729055,0.8589217089072503,8,34489.8038195436,1,1,661,1
54,57038.43786087232,880.475778042262,0.42246037061945974,0.9477118853788096,0.5447829625599567,5,59538.079240934996,10,2,558,1
49,20000.0,770.7267332150589,0.8621228276868211,0.30405105783168507,0.6466460169715913,2,28186.771492490472,1,5,737,1
29,34421.79909485178,4209.6643003241215,0.21959626778550817,0.9271366874512218,0.8077428668972866,11,37154.834254233094,15,2,466,0
51,84290.83323025983,4128.233387917853,0.20736570449799369,0.6550779026500579,0.7759002140788512,11,30594.34121183083,18,1,591,1
53,50799.75300822116,3628.872759266971,0.8067845245548051,0.8683435676062867,0.6417409662529685,4,15630.680374557483,17,3,514,0
26,25909.008068823674,701.889810906625,0.807959504404869,0.9221223349955879,0.6728056374404121,2,19821.928858003528,16,2,705,1
39,141509.13208967372,2669.3673206542194,0.47416656267418583,0.5826548253906855,0.37722083866235245,4,58727.14607735646,15,4,688,1
59,48386.50446512839,1005.0916921863611,0.15691840205088184,0.9497376426560694,0.6653989440267776,4,23526.627480882413,18,0,763,1
51,58276.271445411876,1784.0509315028507,0.3094339894727811,0.7522304228840644,0.564355541786143,11,40764.3760462047,17,5,566,0
27,58676.00449532445,1348.4924895408756,0.6910294873292976,0.5452423726795373,0.5295822562992225,0,34025.835820122855,4,4,503,1
22,41547.06002370428,3764.4032203961033,0.7690931218011079,0.656701791562253,0.5198621276039571,7,53388.316308570815,12,5,414,0
49,35333.67814433364,821.1410179328748,0.3455065355830945,0.26513065372760936,0.7588365453345625,9,45461.40468378029,6,2,787,1
43,127357.54735039477,2978.5704250233257,0.10204862954433766,0.10937772822429741,0.6204323010544307,9,4839.084359991432,16,2,548,1
68,76990.90995449063,4430.747054237518,0.6158676793368635,0.3182709454660708,0.6182555173095924,2,21326.512286324636,0,2,739,0
46,70960.00876465646,3154.334707990624,0.6785724852225495,0.4697252324619209,0.4502878045514316,4,42714.81256546853,8,5,564,1
66,63533.97850103116,540.7040027299267,0.41041247448413865,0.29384469883249087,0.9559740479934786,4,9681.408480702035,7,0,549,1
31,31210.416315226787,4103.7528584388565,0.545632969875189,0.5369305132882682,0.4910735075438474,4,30206.350893586186,17,3,505,1
42,87106.65673620644,2965.2426140652638,0.8892657728954708,0.6592525208909664,0.6058488001584943,1,19066.142899732058,5,1,751,1
27,33543.229001500484,2162.137212302375,0.2582488094557105,0.657424771735032,0.4698290014332355,0,3885.2537876101787,17,3,528,0
49,55685.72220241399,3036.6776577268097,0.5370310397293633,0.8596997659531592,0.7929799970051632,0,59828.76527031744,9,5,533,0
30,23441.76507149698,3979.890621032339,0.5693163515282462,0.9213712320107282,0.6247611102703382,11,55761.87597054878,13,4,717,0
45,20000.0,2251.647080035572,0.5167411166207937,0.8570907613559051,0.6105994615814039,5,44851.569258499556,10,0,633,1
37,56569.8276233662,2484.682376092586,0.7887601242522264,0.6271487154448872,0.9013097777951122,2,12061.550115200756,8,2,735,1
30,34060.89836293093,2145.5238166372,0.564256402133799,0.2748995314024597,0.8284723053698755,9,59311.57161536821,6,0,446,0
25,20027.76005531024,512.1431331917604,0.4817065190325965,0.9019334852944377,0.677521283320184,5,37847.53697796128,5,2,831,1
46,62522.031419761144,3584.401545787641,0.15456277266199717,0.24863133555221054,0.6452119545459163,4,57964.52627203765,12,1,506,1
67,127266.21428120053,743.5704976599075,0.6477278193994117,0.2287132751338954,0.9547378806121452,1,2554.734437512165,6,4,453,1
30,91610.58642971293,1896.6510442397343,0.16229125727049531,0.3699339287196197,0.9525711637554792,4,10408.243040110257,17,3,449,1
40,43660.84358599725,1863.3382361132353,0.07258440935959011,0.5875647271375449,0.7940056467832293,7,40634.81311269477,2,1,540,1
32,49216.31179164685,1404.175405972973,0.4652514886039429,0.6792517371879335,0.8288931936864528,7,54430.78266874041,4,5,590,0
60,73091.53330382754,1930.7806413459991,0.5365784813255725,0.1112987757437906,0.9164285321369039,4,10546.932767568615,0,4,434,1
41,81223.31446783718,2857.439174644443,0.899195952167798,0.7613189309617876,0.9575145161985646,7,19025.894377507484,17,3,680,1
68,41999.32923439941,1538.9654424931605,0.6554777752869935,0.24876661672415584,0.4018331027506187,9,35290.6398905154,8,2,675,1
33,49780.567303802345,941.8013321025887,0.7713017721934408,0.35201212378606794,0.9783234644564665,11,59979.66120937388,0,1,749,1
24,56121.63473361629,3938.2802951812464,0.344429833176142,0.3737737169263038,0.7929039954307211,6,47979.905206984804,0,3,407,1
49,62896.40860291648,4374.580394385683,0.48257748019297236,0.38257909906393106,0.7234292581407253,2,55413.76673897347,18,4,443,1
52,46171.389072765654,2171.910442668179,0.8781286420625772,0.7463124618780506,0.6102952889559455,1,40500.752075864555,17,5,492,1
69,46442.09931690047,1606.184763081719,0.4047802693213598,0.13480270787185264,0.5619256330222036,1,52642.27623999913,5,4,597,1
63,91210.43135274488,404.1729344463861,0.7361968610820263,0.26704014563347156,0.8566524313701057,0,30422.701939023398,12,0,664,1
64,84481.20107414808,358.4616246232285,0.49709075008282166,0.11897134647958094,0.7622940856243658,6,7449.5180965315285,5,5,490,1
52,60768.981072898525,1889.3925812752288,0.24036757380055446,0.7615545382050013,0.47644425635754123,2,42573.44515388976,16,1,561,1
38,106255.20581691607,4200.040678694153,0.5433558416292504,0.936163987610355,0.7342439533944237,2,36088.495343993745,14,0,631,1
42,41196.12209492567,3342.046736626727,0.23535272411477326,0.6606150853765795,0.43893464408452315,8,29121.003846891523,8,3,644,1
27,101756.5069759039,1701.8585011443324,0.05257294139437996,0.6016183037809895,0.6630311406988609,3,16499.454931066386,18,2,636,1
42,62575.677896857684,4362.599628282862,0.25051161315234177,0.8718562813802273,0.7175783118358285,9,47052.180731541455,4,0,688,0
38,213621.65350058142,2043.658983999642,0.21417225750182678,0.31671088840896033,0.7504809645687404,1,49224.604884989254,19,1,740,1
22,28663.595094138072,1390.2087990909765,0.3652830006195187,0.15649295936730445,0.44151517952576413,4,21851.137646105904,5,1,777,0
31,35946.77447175057,2033.318952314736,0.805307368237895,0.5334744192263834,0.4102270730499853,0,55665.99357567355,17,2,834,0
47,59187.10775163955,1109.6358760304809,0.37967511255887443,0.3212963976977544,0.5129861445644754,6,22184.50166211661,17,4,576,1
39,58615.55147212786,4008.2467118634218,0.7684094833673425,0.48341937247876676,0.7324287942574065,1,6453.749688766948,11,4,547,0
69,117896.51685550631,1753.0452347960684,0.5222710671118441,0.4878548729945379,0.9369601728016813,2,9991.702050634745,2,0,525,1
44,36287.60103115674,3029.266547325582,0.0564724985891819,0.371007050457859,0.8408478244672227,8,29670.928224535033,15,1,557,1
67,73659.86324394267,1872.9029549568033,0.21042620596773287,0.5133758943455955,0.8197976308586292,10,4791.779601068213,13,3,642,0
53,82711.03879622988,4077.4450972450386,0.841586338426831,0.4231290984674164,0.558046377071361,6,43104.75264080043,17,4,671,0
22,67311.84643922222,2962.2372323772097,0.5635474292680608,0.19610043626459522,0.42037564925834986,11,47705.75131787054,4,0,431,1
30,31810.498192744675,2299.4831282095874,0.8401148297864328,0.8367168512949129,0.9119218258557588,9,32968.09996171869,4,2,849,1
55,92363.8975722668,768.2147674797556,0.3136020172579349,0.6960826572656921,0.6655377081604761,9,53600.90717881255,7,0,418,1
47,85237.45416465716,4078.2416502644783,0.6590780215403315,0.13511253524986447,0.41332183310867876,11,57257.18800477511,7,2,580,0
35,64203.50183491468,2551.312533568615,0.7062213859126709,0.19841846148061038,0.6870302999738229,1,26854.865262639483,0,2,603,1
46,53742.34188301203,1425.7277837340953,0.8793446623258172,0.1820373001052204,0.7755084528791114,2,5347.630093386111,3,1,555,1
65,54271.17970491267,3975.0856348118277,0.0654500106936166,0.15248201495750352,0.5515370186494732,5,13875.846578524413,9,5,498,0
40,47314.349165357,434.0938377959535,0.8594016328547593,0.15019825946446555,0.35582682696069057,7,39456.96262280946,19,4,638,1
23,65404.955739886485,1550.5307445171582,0.38285168496354033,0.23354548299577027,0.7416123861530901,11,24347.06298298813,2,3,403,1
36,49712.450004625985,2508.362125169235,0.7622935448831369,0.8206889972504389,0.37526017661057554,1,41100.56364897866,4,4,734,0
66,33461.93359384697,1661.20164498616,0.5130059804879213,0.8039983017684493,0.6226597732488479,2,40004.111169167336,17,1,705,1
58,30580.987148868448,2249.9572981290885,0.5299521115783606,0.7656745039866274,0.8696083937199137,3,36322.088196702825,0,5,746,0
62,34946.85248163596,1336.5598850232307,0.35547120495848256,0.6225005305577868,0.9792740083757625,8,9469.954013939037,1,2,767,0
65,54174.170193940605,759.3572910114578,0.754201701821468,0.7149695202315893,0.5832908358100255,11,17154.917763427366,17,2,799,0
26,48429.76454393166,358.4727960524624,0.2744115352121584,0.7277090292142602,0.3626799636951242,11,22671.697592748733,5,3,466,0
34,54008.93133592869,877.8802291222102,0.4684051782518155,0.8559159397615171,0.6605289542214263,8,49465.07939589535,6,3,775,1
23,61412.33010985243,4297.6700103066905,0.5261483239523541,0.7224915751904007,0.5240535003821551,9,40933.37020580798,0,3,653,0
21,36964.215808640634,2674.233473347975,0.6811429294133652,0.7259904118178206,0.9124482585611912,4,38696.055960164944,8,4,455,1
61,94802.12235992262,2302.5285386951914,0.45089003648530646,0.7834689968064612,0.7982469847064472,7,40328.24068265837,19,1,842,1
66,43457.126259847224,1852.5925090145467,0.6282404640135697,0.5729016275384871,0.6047236593477501,2,30192.124887083774,19,4,765,1
28,40334.31428974346,3246.2066277285567,0.46249998189577907,0.28107447153621784,0.8300777854784468,6,2377.902928083806,12,1,520,0
56,60905.198225727625,807.4157463962014,0.6104225414148055,0.17186110593369958,0.5649596974214475,3,12067.241249937704,13,1,800,1
47,21451.940981948075,1387.358430906453,0.623021954776926,0.45618702632461405,0.6787110586216876,11,8418.129348024077,12,2,728,0
24,34346.64073338434,3020.379114554137,0.6530253264498572,0.17793282093315319,0.9313547262734773,4,3839.7998636226394,13,3,601,0
65,76227.89565636912,2259.97676771648,0.7498048247812772,0.2439084268211815,0.4760990777293285,4,19168.598878997906,10,3,472,1
63,22430.123464206667,3511.3979175240815,0.5096141768159297,0.12026400999806976,0.5472265412012248,4,47263.8115017809,4,0,728,0
48,81057.04042678322,4057.5723290136093,0.21428643928940927,0.3551753473810334,0.9079238498919844,10,6907.908218628262,17,4,819,0
55,96762.17617018984,3740.502142893821,0.627694715376197,0.9244981490417156,0.6409833669955594,11,6685.351024915311,17,3,486,0
40,41512.30208108947,992.0931713211477,0.11555037096833759,0.42209158176474904,0.5502699620643546,5,7455.841151491045,2,3,400,1
59,55899.78121893261,593.3220127660077,0.23611176909200643,0.3047587151434191,0.3734981622158825,11,16189.30147538647,1,4,503,1
42,81112.24281323544,928.5945823437086,0.7233338993650793,0.4429320555674968,0.6139404136797477,9,12132.428282857421,15,4,532,1
69,39733.298385304945,3569.1819738809913,0.41980962268055605,0.35613774217567573,0.6653787001623497,10,837.6669884156329,0,2,570,0
24,72438.91864109568,4129.473684818655,0.4733375425035345,0.6727952994891065,0.605989706412285,10,16590.138815061277,16,2,839,0
29,36242.32965579909,4179.430131126587,0.8892873807110006,0.6392967469852185,0.524799317275452,3,59777.66787936703,19,1,833,1
68,39540.42985256831,1482.327894292916,0.24989661297158022,0.12324147160492177,0.5825520093389356,6,20189.186571355734,0,3,701,1
35,34210.86597149922,3813.467925458301,0.06661983710554437,0.5346246824357673,0.7547402230888434,3,12675.54191842936,15,1,497,0
36,57193.2543596216,2505.8128005950157,0.1446667180901675,0.13076973452412158,0.9115062235766915,3,29742.835769530313,2,3,495,0
59,82543.9430586977,3738.0049478972915,0.25782658071170517,0.6757587764521337,0.7592957682238262,5,13762.107854968614,5,2,436,0
30,45123.08154744019,2557.9688222340046,0.6670320207369989,0.8954370810331697,0.7570823346634726,0,33578.71207924278,10,1,756,1
46,27665.401773612364,827.3408450502081,0.7094487271870477,0.8713646969183061,0.864631163047953,2,24039.3507840498,13,2,499,1
35,30115.098310370533,540.6440696143188,0.5306656109119967,0.2748552952772876,0.4540399499719578,9,53810.479096766954,1,5,804,0
30,58546.09897805888,4316.04234160016,0.26678943889343715,0.7312483755631843,0.5396915065586272,1,55675.15573279503,2,3,670,1
68,112403.72832326507,2030.9509926557894,0.49348061034780005,0.7741060753844804,0.3818723192741687,7,42783.675481598795,5,2,619,1
30,58523.06620982583,1707.2387730584667,0.06271392254384409,0.8347124031429766,0.5702718120301415,9,12941.654864414182,13,2,818,0
25,41187.766111735094,1732.1032645037349,0.6295308013305269,0.32065887018044287,0.9792589828278986,3,28433.912872406898,8,3,470,1
54,69201.84375316119,1829.4179693445296,0.5721529220977927,0.4832096190763361,0.5574668090803128,5,18325.390022444848,5,0,608,0
63,44012.35258137532,4263.486359945654,0.06852705847431204,0.2882787646811018,0.8916569874963214,10,47896.64814659238,3,3,516,0
27,41347.682469159474,469.6297258336562,0.7444598885878763,0.12066303862951268,0.4040399597761724,10,1750.4465492221932,19,0,481,0
55,31846.838771654915,711.9635357438864,0.6989125548878036,0.6601607336852136,0.6396187889016796,11,39749.50166068971,14,5,824,0
47,92392.58263650077,3595.5015165719515,0.31199018373306614,0.4667440752091737,0.5714216051904311,7,19393.609568647655,19,3,672,1
61,20000.0,2562.4608127625966,0.5900701530374601,0.3108993484790322,0.4769972038357918,10,28860.274946902904,9,0,472,0
27,70195.300275171,752.7080592320935,0.5612690189452272,0.82003835520467,0.5846789419458243,4,19379.698277343956,16,2,448,1
68,39787.76683181499,348.1785881468464,0.1717032373428397,0.5213285439823224,0.7603052101907867,7,21887.401635501843,12,5,540,0
51,40755.52412563912,1164.2076976006779,0.21427040594721097,0.9454590256307019,0.6588940871801285,8,40461.758327570824,10,5,775,0
62,104981.75165281071,1321.4861721541656,0.6307252157939102,0.7743541528981219,0.8819304396613309,11,35729.66000578502,9,0,465,1
38,35548.06518270728,261.11602717096054,0.8435188993295073,0.8388295197755319,0.9201163623144525,4,14645.35474169019,10,1,733,1
67,36097.13869622157,1129.1893148499316,0.5398416725939401,0.7573324114780209,0.6535924836367502,10,2618.257688857637,8,0,447,1
51,46227.15118732639,3374.771428895319,0.5326411737256131,0.19003616410802837,0.9684875779152053,6,51361.30859118423,12,2,551,1
27,59055.40343971844,3878.364865439116,0.5996794404982627,0.15527465055562006,0.39537308102804786,1,29538.40089741182,9,5,634,1
66,40181.61766326223,4062.4140680097867,0.42449155515140946,0.8778169567222939,0.5240937094418363,7,37123.813454951,19,4,458,0
59,24143.331226527964,1876.6303403672366,0.09604623697614219,0.2174676098338318,0.6125281003574028,11,29309.956347837466,17,1,578,1
35,33204.33831821857,1573.479021385298,0.3870282697159926,0.43254222807312126,0.7171019515257462,5,37136.4124159836,9,1,520,1
47,87255.88044195044,4499.4016472939165,0.8152143786002063,0.6184243598225412,0.6939357370273227,6,37618.34830791438,7,3,420,1
40,50698.39615782598,3508.1639389628317,0.7342047803328163,0.2801135974166963,0.7078253611827064,11,902.4322052642452,15,3,400,0
47,60053.389927703494,2510.6139479024837,0.8383100332905057,0.29149228715161024,0.9146379552434376,11,31995.546995976507,12,2,465,0
68,43580.298448782065,1295.5171605644055,0.17990684736254897,0.49630514094767,0.5248660709305828,4,30126.478134243982,4,2,736,1
65,36432.846996228734,1581.6134474059502,0.48006409348300505,0.406760827740938,0.864617859720836,9,5749.050977343386,16,5,416,0
31,104287.44423056449,2416.066699966365,0.5470189315910021,0.6750893169668336,0.7015403491004253,7,44752.91165977834,13,3,627,1
68,45040.333365399165,2530.956555100228,0.2284366834940283,0.16381476619253338,0.6590090042412955,7,14151.562172626458,12,4,411,0
42,40154.24949360938,258.81817037681463,0.22082470337862453,0.5154448690561467,0.5386304581440455,8,3271.5208652390793,15,5,497,1
55,80279.05767484671,4325.42036666734,0.714727992746382,0.24812093005818942,0.5415633457388017,3,48189.53844500456,4,2,480,1
58,35416.66809718563,2675.106863611723,0.6210741294943757,0.6157162576506359,0.5947423190102789,3,51907.90507873652,15,4,552,0
44,37510.369558809114,2733.3804509592733,0.6001094062928862,0.19878129799629166,0.8310116075028056,0,14441.68537890158,2,4,734,1
43,49247.358360310776,1109.3258751414226,0.2769393392855627,0.2679870865500016,0.6503417191831308,10,41252.73101702147,15,1,589,1
43,49026.759821960884,3489.444868845366,0.4807540106101258,0.7833056354168164,0.44691522171143744,3,297.04044374980975,11,1,406,0
63,55095.598314815325,3370.237436394924,0.06960946046592865,0.2998919415323117,0.8287138017259639,8,43268.997502938284,11,0,465,1
39,125649.44051399127,609.1792856404854,0.16045414471036373,0.7265055379747517,0.7679293923869971,8,27889.22660643862,14,3,537,1
34,57028.801624547195,2758.475800717657,0.4905132333466725,0.33210329473496236,0.9480204240927352,8,47548.98638809797,6,4,525,1
38,20000.0,3030.233104918483,0.31322143428712584,0.2997733794487564,0.6835308840203123,10,23582.038359955604,15,4,654,0
30,56774.043779114494,3792.9431506676724,0.8708192933620391,0.3542815654490773,0.7622859497484167,10,21064.5436512469,0,2,557,0
40,49863.57212042923,1086.192069346156,0.45076201477695904,0.8487921867593362,0.6519780718395631,0,50447.09250824825,13,4,734,1
26,49988.712601639105,3973.8296262675453,0.12102953290332306,0.43759081043621884,0.7788915312151176,10,2318.801874909957,15,0,513,0
25,54757.864939689316,2184.3686083426614,0.06516599516701556,0.30719645040137766,0.6247537498161155,2,11229.899212585015,0,3,705,1
56,48392.24102951838,615.0515630142727,0.6664691927705207,0.5561435526423761,0.43684958160356935,7,24727.732133255144,13,2,445,1
24,47873.842953848914,654.1712524967666,0.1957807273427668,0.42779520001736526,0.9716104388684524,8,35780.28968348642,15,4,844,0
48,64593.55354051878,1050.5591507946292,0.2096405136543002,0.7716678918059137,0.8038291327613889,0,306.7507870224184,10,5,844,1
59,38409.63587195019,1415.8280357368265,0.41023613924457036,0.9418787755660735,0.7334342698948064,3,34508.86168004248,12,3,524,1
56,32001.5989897244,2334.5449591771385,0.27445150078044495,0.5475882762659586,0.6532950726168772,10,22709.552378028027,1,3,505,0
42,191128.57606796513,3419.6301503016075,0.5740905177842611,0.48398656300492193,0.7982002713788591,1,37800.122621997805,19,5,400,1
30,35520.46010037178,1002.9213786835588,0.4628386311401992,0.3915800885668028,0.429868200945164,2,54418.43037535376,19,2,839,0
66,51280.42147269224,4468.402716348007,0.14473301125564556,0.9273379224296171,0.5554514408292672,0,26452.320697596002,15,0,417,0
61,25008.045875838332,894.5443066123441,0.7170297207230312,0.5107907846039798,0.42856059098061805,2,33274.71859797429,0,3,400,1
50,51658.53908222749,2777.3252612052343,0.41198002625211083,0.251297330945642,0.4293958105418686,7,27767.395109571433,8,2,443,1
25,32210.52373449523,4194.443874246761,0.5692091716509056,0.9238335195769746,0.3634489532726365,10,7111.320192696407,16,3,532,0
22,40170.45988342108,3779.7819183703564,0.05335098265277947,0.9167498070994534,0.8262128515391768,7,47586.77926482722,13,4,838,1
36,78454.89083809005,2985.9235671515876,0.5824400284210566,0.47036629448481504,0.4932044335138629,3,53111.74323442748,18,3,474,1
28,60621.46430338377,3276.6198862008637,0.29042237847629426,0.3959581110780136,0.8741648630139028,10,48687.99487700877,12,1,656,0
63,63309.09546613444,777.0841948330665,0.4702151317284945,0.67837182968534,0.9197937439231513,4,56855.794461124504,14,3,692,1
31,22091.71262256263,241.5511311690674,0.30306251324809624,0.8045855111677683,0.45619661758069235,3,28081.711067813063,6,2,759,1
34,112039.05853732678,2066.839772749603,0.8968216329459064,0.5237523124409983,0.7965843466716429,6,39139.30533016433,16,1,714,1
68,28671.34325533425,584.9313832547032,0.24621596750488,0.3811910423950784,0.6399926089487383,1,10100.496299286468,10,4,843,1
61,97523.86209053473,1738.3360162251447,0.8259306612658681,0.3561849092335614,0.9289455291658121,4,58608.487270815654,16,1,697,1
31,77628.87517211279,1162.0940123498717,0.8302716370554294,0.3776089181322554,0.655182832095041,9,34833.242992438165,4,3,779,1
39,63563.82090681225,4140.290906237194,0.4078505549942125,0.20032799910404855,0.5886905484589495,7,15699.786486052773,5,5,543,0
46,33364.8039229299,3984.2407957346472,0.3084026481948528,0.7618273709019274,0.5355760249890008,11,48322.45670213295,1,1,583,1
53,52481.46980436873,3721.454248683336,0.37388021486397244,0.189215883991266,0.9192815073437391,9,35189.467032513894,13,2,731,0
66,39659.482961345115,3269.9604831801466,0.8909382242830283,0.4385673206937748,0.49249296114737273,4,56980.49891812946,14,1,794,1
63,49665.59938705624,862.5092951473162,0.5759767932369652,0.8097018365697352,0.8714603187139766,9,46198.642742918695,5,2,402,1
68,43807.375973648705,407.97993265635176,0.5130632021475428,0.44349001133811494,0.47233809197410065,10,52635.889392671816,7,1,595,1
22,20000.0,3011.7177887751777,0.08053019913851321,0.3505475282370595,0.7553400181796995,7,32799.0005325201,11,5,761,0
32,81210.74686472963,2961.709989852927,0.7706665758374719,0.9060156652327771,0.6341713530262436,9,31038.505520726823,15,1,451,0
48,47263.886293430354,1788.524424444268,0.12123463743611915,0.20756219050305902,0.415903465260508,6,45439.58827264029,6,3,558,0
23,39412.559764004654,2232.552665673067,0.08992651197922415,0.8521258173668032,0.42933779271974293,10,6300.838529721311,9,0,646,0
38,38095.549574605306,2303.3423694233543,0.2836293732002932,0.15276527892628392,0.5273507644468719,2,3241.8954890137575,3,2,437,0
28,57601.66827458802,1231.6909708099774,0.45442031429889046,0.45150000092468445,0.8329905615210642,5,59022.13476428143,16,5,812,1
66,32787.730286843194,1550.9164312026194,0.8109956160037405,0.636962897173187,0.8092322014273606,3,54977.73172240655,17,4,565,1
24,20000.0,1999.075085053057,0.7215669792204129,0.41453262652042877,0.4792257583866414,1,57339.656474694406,14,1,753,1
28,58877.15369425068,2793.669828619836,0.21798732282996652,0.5544154578172397,0.6500073825771469,7,3741.843809783747,16,5,592,0
30,61919.86630353058,4310.022585874787,0.366267599163185,0.2734014165991049,0.41110178648650697,1,16158.084714602932,15,4,580,0
28,44809.0621864714,2515.483820931872,0.7132042249260504,0.5836793398468112,0.8010461602954178,2,54092.54275164108,16,2,834,0
48,29244.409499325757,3344.0048110357666,0.4980285803487327,0.21437490936435244,0.8497802820609626,9,5368.774612567957,8,5,784,1
38,51022.44910573745,3670.104740300879,0.19831815072046738,0.7766818686761399,0.912912560023327,2,27086.07072650387,4,1,632,0
65,25360.812184953214,688.0849216267804,0.38664692227658337,0.5962214264258103,0.9080199588258094,10,20477.481186706504,19,1,608,0
33,30876.36339477538,3008.436070481946,0.5820454338332509,0.5096422975960246,0.5628721535019837,0,52791.028710036175,0,5,751,1
47,34967.90530783245,2273.076097094025,0.8772418235875096,0.14646677645811912,0.5103563150672144,5,31084.567940228848,8,5,708,1
53,71666.06205048204,2661.453051665936,0.6125402466279477,0.5248081855292139,0.9148513060902124,0,17422.450932414227,14,4,840,1
51,41640.35600580332,365.19282380689174,0.0637658878966874,0.5790340158070543,0.4419843941362912,0,31458.070547280517,15,1,549,1
60,40073.08194510738,4096.727667153757,0.649257035137649,0.32581738639608987,0.3873867651663548,9,6746.772336730087,13,1,450,0
30,118138.34499705539,4296.971843174435,0.2632350863386459,0.6759517897719886,0.5479730761556079,0,43872.16395338784,9,3,487,1
45,57446.42904529891,214.97227184383055,0.7828350770817426,0.16525037640649248,0.8289890276662375,10,37100.25326759461,18,0,637,0
60,57099.32245939236,1115.0038457784967,0.37630642199221775,0.27738571923122135,0.787345869057942,7,36042.52686365611,4,5,541,1
63,41507.717992737074,974.8349469484849,0.2196727820911552,0.7269162397255999,0.9718448257869196,5,26270.661180504558,2,5,764,1
51,37482.62418701457,3559.609424303361,0.44775510853369926,0.22513888608712054,0.5765061497979994,11,17654.649185639446,12,4,793,0
52,20000.0,2771.7442541808273,0.26691827816775465,0.3087164966792237,0.5237838083598341,4,3922.8391640712857,6,5,484,0
63,75806.03905487926,962.5347521759464,0.250448265223173,0.6532270457187266,0.5882707938243037,4,56821.95024768322,9,1,845,1
51,59978.37548093643,3700.0751078711,0.537272530657469,0.7195154482394455,0.8428214447011861,4,24993.23529353409,9,5,684,1
67,45223.64294430981,1719.9419487647183,0.7022443302232476,0.1437658664299172,0.485008969206317,7,29755.302236933156,5,1,518,0
27,46085.239077890925,2181.68456806034,0.7597112180358943,0.2076010012643828,0.9470812300752652,10,22546.005287586086,19,0,490,0
38,68272.67675567778,1865.4184028787754,0.38801938989983237,0.47920030496677324,0.6729060794937078,6,59272.64104042067,7,1,474,1
26,24352.272901064145,2441.9348876972867,0.1067831990573984,0.6038757031073668,0.8433813473379159,3,47770.32063712197,13,4,611,1
25,37592.257882686354,2264.612615963519,0.4613787486957203,0.48571404919376915,0.8711749494248674,10,5745.613486882148,3,5,431,0
44,29397.46460545457,1380.7112114485035,0.418714255474128,0.6500094938899942,0.6516535239227825,7,36490.50388243577,19,3,459,1
32,108790.48734807975,2025.5909612235132,0.2174321060150835,0.742593970543665,0.8170639696536297,9,29078.074419146233,19,1,739,1
40,72696.24338362052,4105.8497443734905,0.8117231659725022,0.9071122703817169,0.5797574240793404,5,47601.12211317844,1,3,619,0
42,20000.0,2362.444786860754,0.8780260150675856,0.3973986061600301,0.8608846489921187,2,59838.9607294112,12,3,637,1
51,24805.167267546523,4140.461564816214,0.09398510982811922,0.23863905322879617,0.8690588954289812,11,44658.404436144716,11,3,546,1
67,46186.574841243724,2565.546305617248,0.7263844228788177,0.3244714036449733,0.7067096662462038,8,51895.7292482996,3,2,650,0
62,39632.38652637112,3505.914361035883,0.5988590742503079,0.2259397782940224,0.4874331240000135,3,30158.130141348905,15,0,554,1
39,27011.770822268325,1462.4426315367655,0.2722208194410218,0.4351087956769787,0.9612406003636298,10,22415.87942165781,15,2,420,0
36,117611.60681027941,3598.7780071909538,0.589882700540391,0.8416821760163307,0.946597318210406,0,38596.78089032186,16,5,655,1
58,56423.60968292155,1336.582935835438,0.15934671293095332,0.3950009124027031,0.7404869430849821,11,44965.104824165835,12,2,436,1
27,60698.0799825836,284.0648780647839,0.10899553205287268,0.22649929688920722,0.9698450304920433,6,13652.035992241828,14,0,709,1
47,35903.61525347392,891.1344556640801,0.8944657137944214,0.5442379497195239,0.666761666726476,7,30203.248791586902,14,2,811,1
41,67847.87639385035,293.1073626377584,0.5909143796898612,0.943152244161119,0.5865551562034005,0,6827.459207451911,15,2,700,1
29,41307.743592406805,4272.369360133143,0.26523923085324846,0.25995403586844557,0.6401168999348875,2,12981.168796754064,11,3,659,1
51,43152.4973923282,4499.901187796085,0.43252886251820105,0.7611937089932135,0.3789214214568713,8,52911.53340859382,14,3,833,0
36,64534.2185279635,3477.5901335639387,0.8575749549531644,0.7998551020381571,0.6959467643605579,6,8683.918957843578,1,2,498,0
30,23551.64847004672,664.9511041318268,0.4229163081287882,0.44113759197585156,0.7697264375548143,1,48680.895108132725,12,0,748,1
53,100575.35604769176,4065.465479430393,0.8153778522019925,0.6266187228648461,0.41899758345030885,7,22355.744595182427,4,2,493,1
29,53213.91209167474,3398.2375880442487,0.7884878182816925,0.46751743313851035,0.5110264701685869,8,39811.28253262795,8,0,400,0
53,87240.58220991482,1628.651416228978,0.3425328686772168,0.3229778960589761,0.8043459892060129,3,54619.58229854431,15,3,508,1
28,30214.013216146184,2359.795020778408,0.6416076534655372,0.46220098006150623,0.849961812366085,8,46853.92080496549,2,2,626,1
42,32356.67754333454,3045.5651674264664,0.6114237282152036,0.18099661613556084,0.9710962410870004,11,49556.46718790741,15,2,428,0
60,29060.783559871445,303.4170453950663,0.7055300900268656,0.7009126966117588,0.5095309221111731,5,15668.944206200578,5,3,525,0
32,54865.16740841868,2356.625922029549,0.3610397896273626,0.8048140768849085,0.880106867148686,2,21700.476217622996,15,4,422,1
58,50498.175498247125,3349.300362996436,0.09440102372341282,0.3612899433649104,0.4584248680219249,11,43967.521232379535,15,1,509,0
56,39775.828447895256,1009.3690991542311,0.19538335494563436,0.5815053007229851,0.4324533891011447,10,46634.07519727715,0,3,723,0
65,31059.775328269872,2108.2994659611322,0.5740706345226954,0.29732625223352094,0.809398256140641,5,47403.1360560527,4,3,468,1
29,27723.388292858446,2489.879555495213,0.7088351588627505,0.20834138264688995,0.630899594007927,5,44406.478884257296,16,3,518,1
56,47962.860210902756,3362.9310994246985,0.6926413393552566,0.6640757803453358,0.8501718039586107,10,13897.356674552695,6,2,461,0
66,39754.803247010575,4347.150956410363,0.5461293473477761,0.2139914570317255,0.5280158210606694,0,17345.19840935568,8,1,573,1
58,36007.295635173505,3847.5848564184535,0.12204442385765861,0.7646822088252422,0.4843121425728101,3,56522.46045384334,0,1,742,1
30,98340.40592803039,2872.529206988786,0.06469533310794061,0.3309913664382855,0.6957432086085216,6,33231.62290471964,13,0,641,1
61,47237.97696679215,2709.65490178968,0.7148204937237618,0.7957363840522615,0.4226455990426864,7,45267.02407664239,1,0,490,1
26,86813.6650984501,2793.702780212484,0.5169699690613833,0.4132288882318629,0.5256120048146427,7,35951.740773565296,5,4,544,1
49,38562.53613867265,2544.2681634370274,0.7153052873217817,0.4135162037465371,0.4547293172187218,4,55470.11191480907,9,0,701,1
45,54729.01725348783,455.2603851133713,0.18837019225748053,0.7379868465716115,0.5516297950766381,10,52126.90908577901,15,5,615,1
47,47812.184539700356,3202.6744967292816,0.396309695155472,0.5337259084401504,0.8322641846864753,7,15682.487481337435,9,5,606,1
46,22835.462073132076,3280.248240557293,0.8312938940162772,0.2708308124483928,0.4260676724409431,6,53082.568317353325,19,1,789,0
22,93223.23179691439,2403.665557748218,0.19585829256009085,0.8228472658454197,0.7354774190779636,11,18002.361526818786,10,2,768,0
45,46128.251719209955,3942.666703230935,0.10229786824066268,0.38913022785039564,0.7184026244044326,1,26458.8270858397,5,2,509,1
66,68589.05129310224,3091.4782518537177,0.6054472762144861,0.18736024671264126,0.6890222963753903,8,51074.01468713418,3,2,716,0
42,34946.97091797181,1759.458028785173,0.5553558895284929,0.453600888184446,0.6550759901883438,11,19441.144520340426,15,2,756,1
34,45516.03808836037,284.68572047412727,0.8592259299790733,0.587867498694227,0.7682321806386077,7,17446.31509124997,9,2,804,0
69,33187.09710786145,454.3950799400243,0.8204981578966445,0.6184025338482328,0.8866407129371263,6,40119.410963755196,12,4,518,1
25,85493.81535194104,1712.7325250596812,0.6870158316874854,0.8102666685082471,0.4520830821597698,4,59980.58174483856,7,2,727,1
44,56394.91119366719,2187.0528983543363,0.06628365219651436,0.5601958002244534,0.8629027330941035,3,7863.4188654868885,5,1,484,1
46,57824.86121477493,917.5458138862276,0.4583289231455761,0.2901539106072476,0.3887296559367527,6,42063.63879118218,11,2,600,1
44,90326.20225013596,1014.111717617318,0.811686646056483,0.32241638112552184,0.6537384034009046,10,31617.3232743131,5,5,432,0
66,82483.50258045144,1189.908842751146,0.4186034248973057,0.18571450005024226,0.6722232781612414,5,24637.049418522205,19,5,671,1
41,69175.64586274917,3556.2073601779725,0.8678238616710455,0.7255356458508224,0.4744790739169224,1,44991.52498246897,14,0,707,0
68,25854.053957076372,3516.537716092617,0.6046147835473852,0.19005031452479426,0.4064940563746186,5,33290.17976457655,16,3,601,0
24,35844.463401876,1846.6376372792488,0.14303855841137503,0.6149407374335761,0.397193914541043,1,47868.668882483755,5,5,585,0
56,31202.401400327053,941.166840812902,0.48288126390868097,0.6074052849396212,0.37345741057727144,11,44631.23668494499,0,1,508,0
50,68008.64865213624,676.9060557729176,0.6412745652983755,0.7676780234290541,0.711363605194959,6,59107.139036077686,0,0,746,1
32,52933.58924864575,574.6560418028448,0.10556362640367759,0.16343524473260795,0.4479490046494017,2,48651.95091180277,17,1,809,1
32,26219.78099963739,1882.5007788673001,0.34295210226015227,0.27247464198449567,0.8594839921408629,7,4007.9878457158125,17,1,459,1
56,45029.13952316687,395.83246328081344,0.6595189035958884,0.8731280204696676,0.9163402142510371,6,46774.75773264752,13,5,524,1
52,25025.47159414034,1634.6306596432405,0.18351065796097898,0.5864013050427104,0.5342171409260732,6,38982.193212477054,11,1,671,0
50,47862.116363644185,4334.592942926891,0.3460889135299442,0.4890366811435667,0.4536138508865864,7,5387.4210136167085,4,1,564,0
23,23273.772766288774,2382.2698471231665,0.6364237740971489,0.7355248256429394,0.6080554816406522,11,36329.35371108563,15,1,405,1
50,62191.42279443982,3737.3720243913126,0.7092097665844967,0.8671508834257845,0.9053892268092724,10,45048.21603405237,10,2,409,0
69,58109.42684333627,755.8435673502161,0.49073502475160746,0.3235581914071166,0.6018860855049764,3,11831.670794663332,12,5,505,1
21,115679.28100632472,1352.7387643617308,0.8633288985450083,0.8662542844896418,0.4182518664885824,2,26094.698878414605,0,0,835,1
43,71793.05190825717,4270.149711539238,0.836531229979147,0.19239043213464058,0.9703408984403787,11,32549.17729463447,10,2,674,0
45,40525.57701024261,1849.2731568163015,0.45242149582161734,0.9310305905703963,0.664795546868141,7,24789.16311575038,13,3,514,0
64,70836.6316435201,2988.146352327786,0.18623324859462403,0.24012405133466863,0.5656940268502744,0,52560.28817707646,15,0,425,1
34,26135.53740457175,4397.345150399135,0.7069918293013647,0.3263009133119499,0.9129810976018491,6,10134.192325413771,2,0,740,0
44,31789.3729305898,2568.387352222163,0.2566686390841724,0.18210484907789504,0.9342642011397966,1,46293.333153411295,0,5,569,1
56,56949.155469567006,1512.9875816835645,0.7663981134992393,0.7831250308536103,0.6629868139004533,0,46685.47155228396,17,1,577,1
23,20000.0,2487.378360593868,0.5490726899818336,0.936597252735427,0.543231328089847,2,26881.797653559555,6,1,652,1
60,48207.87395599419,434.93995712269503,0.3849790554380846,0.3524300322843029,0.6540593063241587,3,32368.679514058782,9,2,502,1
61,30973.321573704816,683.190458598572,0.5229258547951625,0.3767701663415248,0.4881476292372179,0,9213.746958777148,12,0,727,1
56,51307.292488041756,230.83575172476066,0.5028874531892381,0.33713291787300215,0.6512900017015267,10,11709.454327239238,9,0,541,1
52,30182.53240612824,4002.1031787295183,0.8360229190149301,0.23160388518268635,0.4945415965759459,5,31899.88872612706,18,0,717,0
57,59332.450533991774,3086.505844268261,0.23220859229732843,0.7693275842278886,0.7419877394794618,6,13480.846976009496,16,3,632,1
59,49449.01118788007,1482.817990070817,0.838934684668925,0.1516118640077541,0.8287301840738983,10,48387.92307771537,7,2,466,1
65,92057.13193612445,1150.9941025914097,0.07663988524087717,0.9226080109031403,0.9607395066135995,10,36973.085002921456,3,1,680,1
41,49169.58598738029,3137.2293849784537,0.7038227893031151,0.888218195832691,0.8808193956617617,9,3394.7207042642003,19,5,433,0
43,34686.6698436587,4153.987878576714,0.8317179111048304,0.20067322249160946,0.40426495222812875,2,21472.6001002985,14,1,721,0
52,43866.28747047173,1486.298091524076,0.3849443623385501,0.5500952735289101,0.48325941436324504,8,51505.55588209467,15,0,569,0
30,26771.512141553627,1582.7041703631617,0.11210710894597717,0.9439236548476864,0.6849658704635845,11,16646.642882017233,9,0,701,0
62,58850.86227234012,3873.2351183332235,0.7339674017696536,0.8247263616911623,0.5122823263390693,0,43183.07332495037,9,4,508,1
58,63922.878408085155,4041.5160083001347,0.7664351273379748,0.7078636670647754,0.3590500804624793,10,5628.008279762195,3,3,583,0
51,148916.08174670808,4130.357237368047,0.3358187797901855,0.11909180362476665,0.8255182984439429,10,55832.019236962486,8,1,537,1
35,37055.5643461135,1460.5630944287875,0.4908042928330202,0.15812082856300522,0.5753963647801695,10,26960.740880027624,10,1,512,1
38,43455.48856620805,717.3440406643002,0.7380487078086271,0.7749145336762885,0.39164302042451293,4,29493.938135504963,2,1,554,1
42,37831.92735048913,2091.9895595937305,0.21323653066260162,0.41997812606232343,0.6705669424092608,2,34189.80787375018,12,2,424,1
53,53930.48414137071,1471.7889201070786,0.5846293929325795,0.6681670958401904,0.9656414892834859,8,21805.9403760075,12,4,578,1
